Unviable	crates/geometry/src/convert/curve_to_nurbs.rs	crates/geometry/src/convert/curve_to_nurbs.rs:34:5: replace circle_to_nurbs -> Result<NurbsCurve, GeomError> with Ok(Default::default())
CaughtMutant	crates/geometry/src/convert/curve_to_nurbs.rs	crates/geometry/src/convert/curve_to_nurbs.rs:46:52: replace < with == in circle_to_nurbs
CaughtMutant	crates/geometry/src/convert/curve_to_nurbs.rs	crates/geometry/src/convert/curve_to_nurbs.rs:34:22: replace - with + in circle_to_nurbs
CaughtMutant	crates/geometry/src/convert/curve_to_nurbs.rs	crates/geometry/src/convert/curve_to_nurbs.rs:46:52: replace < with > in circle_to_nurbs
CaughtMutant	crates/geometry/src/convert/curve_to_nurbs.rs	crates/geometry/src/convert/curve_to_nurbs.rs:35:19: replace < with == in circle_to_nurbs
CaughtMutant	crates/geometry/src/convert/curve_to_nurbs.rs	crates/geometry/src/convert/curve_to_nurbs.rs:46:29: replace - with + in circle_to_nurbs
CaughtMutant	crates/geometry/src/convert/curve_to_nurbs.rs	crates/geometry/src/convert/curve_to_nurbs.rs:45:28: replace / with * in circle_to_nurbs
CaughtMutant	crates/geometry/src/convert/curve_to_nurbs.rs	crates/geometry/src/convert/curve_to_nurbs.rs:46:29: replace - with / in circle_to_nurbs
CaughtMutant	crates/geometry/src/convert/curve_to_nurbs.rs	crates/geometry/src/convert/curve_to_nurbs.rs:45:28: replace / with % in circle_to_nurbs
Unviable	crates/geometry/src/convert/curve_to_nurbs.rs	crates/geometry/src/convert/curve_to_nurbs.rs:58:21: replace * with + in circle_to_nurbs
CaughtMutant	crates/geometry/src/convert/curve_to_nurbs.rs	crates/geometry/src/convert/curve_to_nurbs.rs:53:22: replace / with % in circle_to_nurbs
Unviable	crates/geometry/src/convert/curve_to_nurbs.rs	crates/geometry/src/convert/curve_to_nurbs.rs:58:21: replace * with / in circle_to_nurbs
Unviable	crates/geometry/src/convert/curve_to_nurbs.rs	crates/geometry/src/convert/curve_to_nurbs.rs:79:5: replace circle_to_nurbs_with_segments -> Result<NurbsCurve, GeomError> with Ok(Default::default())
CaughtMutant	crates/geometry/src/convert/curve_to_nurbs.rs	crates/geometry/src/convert/curve_to_nurbs.rs:53:22: replace / with * in circle_to_nurbs
MissedMutant	crates/geometry/src/convert/curve_to_nurbs.rs	crates/geometry/src/convert/curve_to_nurbs.rs:46:52: replace < with <= in circle_to_nurbs
CaughtMutant	crates/geometry/src/convert/curve_to_nurbs.rs	crates/geometry/src/convert/curve_to_nurbs.rs:35:19: replace < with > in circle_to_nurbs
CaughtMutant	crates/geometry/src/convert/curve_to_nurbs.rs	crates/geometry/src/convert/curve_to_nurbs.rs:34:22: replace - with / in circle_to_nurbs
CaughtMutant	crates/geometry/src/convert/curve_to_nurbs.rs	crates/geometry/src/convert/curve_to_nurbs.rs:79:22: replace - with / in circle_to_nurbs_with_segments
CaughtMutant	crates/geometry/src/convert/curve_to_nurbs.rs	crates/geometry/src/convert/curve_to_nurbs.rs:79:22: replace - with + in circle_to_nurbs_with_segments
CaughtMutant	crates/geometry/src/convert/curve_to_nurbs.rs	crates/geometry/src/convert/curve_to_nurbs.rs:80:19: replace < with == in circle_to_nurbs_with_segments
Unviable	crates/geometry/src/convert/curve_to_nurbs.rs	crates/geometry/src/convert/curve_to_nurbs.rs:88:37: replace > with < in circle_to_nurbs_with_segments
CaughtMutant	crates/geometry/src/convert/curve_to_nurbs.rs	crates/geometry/src/convert/curve_to_nurbs.rs:80:19: replace < with > in circle_to_nurbs_with_segments
CaughtMutant	crates/geometry/src/convert/curve_to_nurbs.rs	crates/geometry/src/convert/curve_to_nurbs.rs:80:27: replace || with && in circle_to_nurbs_with_segments
CaughtMutant	crates/geometry/src/convert/curve_to_nurbs.rs	crates/geometry/src/convert/curve_to_nurbs.rs:80:39: replace == with != in circle_to_nurbs_with_segments
CaughtMutant	crates/geometry/src/convert/curve_to_nurbs.rs	crates/geometry/src/convert/curve_to_nurbs.rs:88:37: replace > with == in circle_to_nurbs_with_segments
MissedMutant	crates/geometry/src/convert/curve_to_nurbs.rs	crates/geometry/src/convert/curve_to_nurbs.rs:35:19: replace < with <= in circle_to_nurbs
CaughtMutant	crates/geometry/src/convert/curve_to_nurbs.rs	crates/geometry/src/convert/curve_to_nurbs.rs:88:19: replace / with % in circle_to_nurbs_with_segments
CaughtMutant	crates/geometry/src/convert/curve_to_nurbs.rs	crates/geometry/src/convert/curve_to_nurbs.rs:88:49: replace + with - in circle_to_nurbs_with_segments
CaughtMutant	crates/geometry/src/convert/curve_to_nurbs.rs	crates/geometry/src/convert/curve_to_nurbs.rs:88:19: replace / with * in circle_to_nurbs_with_segments
Unviable	crates/geometry/src/convert/curve_to_nurbs.rs	crates/geometry/src/convert/curve_to_nurbs.rs:98:21: replace * with + in circle_to_nurbs_with_segments
Unviable	crates/geometry/src/convert/curve_to_nurbs.rs	crates/geometry/src/convert/curve_to_nurbs.rs:98:21: replace * with / in circle_to_nurbs_with_segments
Unviable	crates/geometry/src/convert/curve_to_nurbs.rs	crates/geometry/src/convert/curve_to_nurbs.rs:118:5: replace ellipse_to_nurbs -> Result<NurbsCurve, GeomError> with Ok(Default::default())
CaughtMutant	crates/geometry/src/convert/curve_to_nurbs.rs	crates/geometry/src/convert/curve_to_nurbs.rs:88:49: replace + with * in circle_to_nurbs_with_segments
CaughtMutant	crates/geometry/src/convert/curve_to_nurbs.rs	crates/geometry/src/convert/curve_to_nurbs.rs:94:22: replace / with % in circle_to_nurbs_with_segments
CaughtMutant	crates/geometry/src/convert/curve_to_nurbs.rs	crates/geometry/src/convert/curve_to_nurbs.rs:94:22: replace / with * in circle_to_nurbs_with_segments
MissedMutant	crates/geometry/src/convert/curve_to_nurbs.rs	crates/geometry/src/convert/curve_to_nurbs.rs:80:19: replace < with <= in circle_to_nurbs_with_segments
CaughtMutant	crates/geometry/src/convert/curve_to_nurbs.rs	crates/geometry/src/convert/curve_to_nurbs.rs:118:22: replace - with + in ellipse_to_nurbs
MissedMutant	crates/geometry/src/convert/curve_to_nurbs.rs	crates/geometry/src/convert/curve_to_nurbs.rs:88:37: replace > with >= in circle_to_nurbs_with_segments
CaughtMutant	crates/geometry/src/convert/curve_to_nurbs.rs	crates/geometry/src/convert/curve_to_nurbs.rs:118:22: replace - with / in ellipse_to_nurbs
CaughtMutant	crates/geometry/src/convert/curve_to_nurbs.rs	crates/geometry/src/convert/curve_to_nurbs.rs:119:19: replace < with == in ellipse_to_nurbs
CaughtMutant	crates/geometry/src/convert/curve_to_nurbs.rs	crates/geometry/src/convert/curve_to_nurbs.rs:119:19: replace < with > in ellipse_to_nurbs
Unviable	crates/geometry/src/convert/curve_to_nurbs.rs	crates/geometry/src/convert/curve_to_nurbs.rs:155:5: replace line_to_nurbs -> Result<NurbsCurve, GeomError> with Ok(Default::default())
CaughtMutant	crates/geometry/src/convert/curve_to_nurbs.rs	crates/geometry/src/convert/curve_to_nurbs.rs:123:31: replace / with % in ellipse_to_nurbs
Unviable	crates/geometry/src/convert/curve_to_nurbs.rs	crates/geometry/src/convert/curve_to_nurbs.rs:155:17: replace - with / in line_to_nurbs
Unviable	crates/geometry/src/convert/curve_to_nurbs.rs	crates/geometry/src/convert/curve_to_nurbs.rs:155:17: replace - with + in line_to_nurbs
CaughtMutant	crates/geometry/src/convert/curve_to_nurbs.rs	crates/geometry/src/convert/curve_to_nurbs.rs:123:31: replace / with * in ellipse_to_nurbs
CaughtMutant	crates/geometry/src/convert/curve_to_nurbs.rs	crates/geometry/src/convert/curve_to_nurbs.rs:125:22: replace / with % in ellipse_to_nurbs
CaughtMutant	crates/geometry/src/convert/curve_to_nurbs.rs	crates/geometry/src/convert/curve_to_nurbs.rs:125:22: replace / with * in ellipse_to_nurbs
Unviable	crates/geometry/src/convert/curve_to_nurbs.rs	crates/geometry/src/convert/curve_to_nurbs.rs:191:5: replace arc_segments_to_nurbs -> Result<NurbsCurve, GeomError> with Ok(Default::default())
CaughtMutant	crates/geometry/src/convert/curve_to_nurbs.rs	crates/geometry/src/convert/curve_to_nurbs.rs:156:19: replace < with == in line_to_nurbs
CaughtMutant	crates/geometry/src/convert/curve_to_nurbs.rs	crates/geometry/src/convert/curve_to_nurbs.rs:156:19: replace < with > in line_to_nurbs
CaughtMutant	crates/geometry/src/convert/curve_to_nurbs.rs	crates/geometry/src/convert/curve_to_nurbs.rs:204:29: replace / with % in arc_segments_to_nurbs
CaughtMutant	crates/geometry/src/convert/curve_to_nurbs.rs	crates/geometry/src/convert/curve_to_nurbs.rs:204:29: replace / with * in arc_segments_to_nurbs
MissedMutant	crates/geometry/src/convert/curve_to_nurbs.rs	crates/geometry/src/convert/curve_to_nurbs.rs:119:19: replace < with <= in ellipse_to_nurbs
CaughtMutant	crates/geometry/src/convert/curve_to_nurbs.rs	crates/geometry/src/convert/curve_to_nurbs.rs:214:26: replace + with - in arc_segments_to_nurbs
CaughtMutant	crates/geometry/src/convert/curve_to_nurbs.rs	crates/geometry/src/convert/curve_to_nurbs.rs:214:26: replace + with * in arc_segments_to_nurbs
CaughtMutant	crates/geometry/src/convert/curve_to_nurbs.rs	crates/geometry/src/convert/curve_to_nurbs.rs:214:43: replace * with + in arc_segments_to_nurbs
CaughtMutant	crates/geometry/src/convert/curve_to_nurbs.rs	crates/geometry/src/convert/curve_to_nurbs.rs:214:43: replace * with / in arc_segments_to_nurbs
MissedMutant	crates/geometry/src/convert/curve_to_nurbs.rs	crates/geometry/src/convert/curve_to_nurbs.rs:156:19: replace < with <= in line_to_nurbs
MissedMutant	crates/geometry/src/convert/curve_to_nurbs.rs	crates/geometry/src/convert/curve_to_nurbs.rs:191:28: replace + with * in arc_segments_to_nurbs
CaughtMutant	crates/geometry/src/convert/curve_to_nurbs.rs	crates/geometry/src/convert/curve_to_nurbs.rs:215:21: replace + with - in arc_segments_to_nurbs
MissedMutant	crates/geometry/src/convert/curve_to_nurbs.rs	crates/geometry/src/convert/curve_to_nurbs.rs:191:28: replace + with - in arc_segments_to_nurbs
CaughtMutant	crates/geometry/src/convert/curve_to_nurbs.rs	crates/geometry/src/convert/curve_to_nurbs.rs:215:21: replace + with * in arc_segments_to_nurbs
MissedMutant	crates/geometry/src/convert/curve_to_nurbs.rs	crates/geometry/src/convert/curve_to_nurbs.rs:191:19: replace * with / in arc_segments_to_nurbs
MissedMutant	crates/geometry/src/convert/curve_to_nurbs.rs	crates/geometry/src/convert/curve_to_nurbs.rs:191:19: replace * with + in arc_segments_to_nurbs
Unviable	crates/geometry/src/convert/curve_to_nurbs.rs	crates/geometry/src/convert/curve_to_nurbs.rs:260:5: replace tangent_intersection -> Option<Point3> with Some(Default::default())
CaughtMutant	crates/geometry/src/convert/curve_to_nurbs.rs	crates/geometry/src/convert/curve_to_nurbs.rs:216:32: replace * with + in arc_segments_to_nurbs
Unviable	crates/geometry/src/convert/curve_to_nurbs.rs	crates/geometry/src/convert/curve_to_nurbs.rs:260:18: replace - with + in tangent_intersection
Unviable	crates/geometry/src/convert/curve_to_nurbs.rs	crates/geometry/src/convert/curve_to_nurbs.rs:260:18: replace - with / in tangent_intersection
CaughtMutant	crates/geometry/src/convert/curve_to_nurbs.rs	crates/geometry/src/convert/curve_to_nurbs.rs:216:32: replace * with / in arc_segments_to_nurbs
CaughtMutant	crates/geometry/src/convert/curve_to_nurbs.rs	crates/geometry/src/convert/curve_to_nurbs.rs:232:20: replace == with != in arc_segments_to_nurbs
CaughtMutant	crates/geometry/src/convert/curve_to_nurbs.rs	crates/geometry/src/convert/curve_to_nurbs.rs:260:5: replace tangent_intersection -> Option<Point3> with None
CaughtMutant	crates/geometry/src/convert/curve_to_nurbs.rs	crates/geometry/src/convert/curve_to_nurbs.rs:271:52: replace && with || in tangent_intersection
CaughtMutant	crates/geometry/src/convert/curve_to_nurbs.rs	crates/geometry/src/convert/curve_to_nurbs.rs:271:46: replace >= with < in tangent_intersection
CaughtMutant	crates/geometry/src/convert/curve_to_nurbs.rs	crates/geometry/src/convert/curve_to_nurbs.rs:273:18: delete - in tangent_intersection
CaughtMutant	crates/geometry/src/convert/curve_to_nurbs.rs	crates/geometry/src/convert/curve_to_nurbs.rs:273:44: delete - in tangent_intersection
CaughtMutant	crates/geometry/src/convert/curve_to_nurbs.rs	crates/geometry/src/convert/curve_to_nurbs.rs:274:18: replace >= with < in tangent_intersection
CaughtMutant	crates/geometry/src/convert/curve_to_nurbs.rs	crates/geometry/src/convert/curve_to_nurbs.rs:271:58: replace >= with < in tangent_intersection
CaughtMutant	crates/geometry/src/convert/curve_to_nurbs.rs	crates/geometry/src/convert/curve_to_nurbs.rs:276:18: delete - in tangent_intersection
CaughtMutant	crates/geometry/src/convert/curve_to_nurbs.rs	crates/geometry/src/convert/curve_to_nurbs.rs:276:44: delete - in tangent_intersection
CaughtMutant	crates/geometry/src/convert/curve_to_nurbs.rs	crates/geometry/src/convert/curve_to_nurbs.rs:279:18: delete - in tangent_intersection
CaughtMutant	crates/geometry/src/convert/curve_to_nurbs.rs	crates/geometry/src/convert/curve_to_nurbs.rs:279:44: delete - in tangent_intersection
CaughtMutant	crates/geometry/src/convert/curve_to_nurbs.rs	crates/geometry/src/convert/curve_to_nurbs.rs:282:25: replace - with + in tangent_intersection
CaughtMutant	crates/geometry/src/convert/curve_to_nurbs.rs	crates/geometry/src/convert/curve_to_nurbs.rs:282:25: replace - with / in tangent_intersection
CaughtMutant	crates/geometry/src/convert/curve_to_nurbs.rs	crates/geometry/src/convert/curve_to_nurbs.rs:282:19: replace * with + in tangent_intersection
CaughtMutant	crates/geometry/src/convert/curve_to_nurbs.rs	crates/geometry/src/convert/curve_to_nurbs.rs:282:19: replace * with / in tangent_intersection
CaughtMutant	crates/geometry/src/convert/curve_to_nurbs.rs	crates/geometry/src/convert/curve_to_nurbs.rs:282:31: replace * with + in tangent_intersection
CaughtMutant	crates/geometry/src/convert/curve_to_nurbs.rs	crates/geometry/src/convert/curve_to_nurbs.rs:282:31: replace * with / in tangent_intersection
CaughtMutant	crates/geometry/src/convert/curve_to_nurbs.rs	crates/geometry/src/convert/curve_to_nurbs.rs:283:18: replace < with == in tangent_intersection
CaughtMutant	crates/geometry/src/convert/curve_to_nurbs.rs	crates/geometry/src/convert/curve_to_nurbs.rs:283:18: replace < with > in tangent_intersection
CaughtMutant	crates/geometry/src/convert/curve_to_nurbs.rs	crates/geometry/src/convert/curve_to_nurbs.rs:287:35: replace / with % in tangent_intersection
CaughtMutant	crates/geometry/src/convert/curve_to_nurbs.rs	crates/geometry/src/convert/curve_to_nurbs.rs:287:35: replace / with * in tangent_intersection
CaughtMutant	crates/geometry/src/convert/curve_to_nurbs.rs	crates/geometry/src/convert/curve_to_nurbs.rs:287:23: replace - with / in tangent_intersection
CaughtMutant	crates/geometry/src/convert/curve_to_nurbs.rs	crates/geometry/src/convert/curve_to_nurbs.rs:287:23: replace - with + in tangent_intersection
Unviable	crates/geometry/src/convert/curve_to_nurbs.rs	crates/geometry/src/convert/curve_to_nurbs.rs:288:13: replace + with * in tangent_intersection
CaughtMutant	crates/geometry/src/convert/curve_to_nurbs.rs	crates/geometry/src/convert/curve_to_nurbs.rs:287:17: replace * with + in tangent_intersection
Unviable	crates/geometry/src/convert/curve_to_nurbs.rs	crates/geometry/src/convert/curve_to_nurbs.rs:288:18: replace * with + in tangent_intersection
CaughtMutant	crates/geometry/src/convert/curve_to_nurbs.rs	crates/geometry/src/convert/curve_to_nurbs.rs:287:28: replace * with + in tangent_intersection
CaughtMutant	crates/geometry/src/convert/curve_to_nurbs.rs	crates/geometry/src/convert/curve_to_nurbs.rs:287:17: replace * with / in tangent_intersection
Unviable	crates/geometry/src/convert/curve_to_nurbs.rs	crates/geometry/src/convert/curve_to_nurbs.rs:288:18: replace * with / in tangent_intersection
CaughtMutant	crates/geometry/src/convert/curve_to_nurbs.rs	crates/geometry/src/convert/curve_to_nurbs.rs:287:28: replace * with / in tangent_intersection
Unviable	crates/geometry/src/convert/curve_to_nurbs.rs	crates/geometry/src/convert/curve_to_nurbs.rs:293:5: replace midpoint -> Point3 with Default::default()
CaughtMutant	crates/geometry/src/convert/curve_to_nurbs.rs	crates/geometry/src/convert/curve_to_nurbs.rs:288:13: replace + with - in tangent_intersection
MissedMutant	crates/geometry/src/convert/curve_to_nurbs.rs	crates/geometry/src/convert/curve_to_nurbs.rs:283:18: replace < with <= in tangent_intersection
CaughtMutant	crates/geometry/src/convert/curve_to_nurbs.rs	crates/geometry/src/convert/curve_to_nurbs.rs:294:25: replace * with + in midpoint
CaughtMutant	crates/geometry/src/convert/curve_to_nurbs.rs	crates/geometry/src/convert/curve_to_nurbs.rs:294:16: replace + with * in midpoint
CaughtMutant	crates/geometry/src/convert/curve_to_nurbs.rs	crates/geometry/src/convert/curve_to_nurbs.rs:294:25: replace * with / in midpoint
CaughtMutant	crates/geometry/src/convert/curve_to_nurbs.rs	crates/geometry/src/convert/curve_to_nurbs.rs:294:16: replace + with - in midpoint
CaughtMutant	crates/geometry/src/convert/curve_to_nurbs.rs	crates/geometry/src/convert/curve_to_nurbs.rs:295:25: replace * with / in midpoint
CaughtMutant	crates/geometry/src/convert/curve_to_nurbs.rs	crates/geometry/src/convert/curve_to_nurbs.rs:295:25: replace * with + in midpoint
CaughtMutant	crates/geometry/src/convert/curve_to_nurbs.rs	crates/geometry/src/convert/curve_to_nurbs.rs:295:16: replace + with - in midpoint
CaughtMutant	crates/geometry/src/convert/curve_to_nurbs.rs	crates/geometry/src/convert/curve_to_nurbs.rs:295:16: replace + with * in midpoint
CaughtMutant	crates/geometry/src/convert/curve_to_nurbs.rs	crates/geometry/src/convert/curve_to_nurbs.rs:296:25: replace * with + in midpoint
CaughtMutant	crates/geometry/src/convert/curve_to_nurbs.rs	crates/geometry/src/convert/curve_to_nurbs.rs:296:16: replace + with - in midpoint
CaughtMutant	crates/geometry/src/convert/curve_to_nurbs.rs	crates/geometry/src/convert/curve_to_nurbs.rs:296:25: replace * with / in midpoint
CaughtMutant	crates/geometry/src/convert/curve_to_nurbs.rs	crates/geometry/src/convert/curve_to_nurbs.rs:296:16: replace + with * in midpoint
CaughtMutant	crates/geometry/src/convert/recognize_curve.rs	crates/geometry/src/convert/recognize_curve.rs:96:5: replace normalized_conic_discriminant -> Option<f64> with None
CaughtMutant	crates/geometry/src/convert/recognize_curve.rs	crates/geometry/src/convert/recognize_curve.rs:96:5: replace normalized_conic_discriminant -> Option<f64> with Some(0.0)
CaughtMutant	crates/geometry/src/convert/recognize_curve.rs	crates/geometry/src/convert/recognize_curve.rs:96:5: replace normalized_conic_discriminant -> Option<f64> with Some(1.0)
CaughtMutant	crates/geometry/src/convert/recognize_curve.rs	crates/geometry/src/convert/recognize_curve.rs:96:49: replace * with + in normalized_conic_discriminant
CaughtMutant	crates/geometry/src/convert/recognize_curve.rs	crates/geometry/src/convert/recognize_curve.rs:96:5: replace normalized_conic_discriminant -> Option<f64> with Some(-1.0)
CaughtMutant	crates/geometry/src/convert/recognize_curve.rs	crates/geometry/src/convert/recognize_curve.rs:97:26: replace || with && in normalized_conic_discriminant
CaughtMutant	crates/geometry/src/convert/recognize_curve.rs	crates/geometry/src/convert/recognize_curve.rs:96:49: replace * with / in normalized_conic_discriminant
CaughtMutant	crates/geometry/src/convert/recognize_curve.rs	crates/geometry/src/convert/recognize_curve.rs:97:8: delete ! in normalized_conic_discriminant
CaughtMutant	crates/geometry/src/convert/recognize_curve.rs	crates/geometry/src/convert/recognize_curve.rs:97:34: replace <= with > in normalized_conic_discriminant
CaughtMutant	crates/geometry/src/convert/recognize_curve.rs	crates/geometry/src/convert/recognize_curve.rs:100:33: delete - in normalized_conic_discriminant
CaughtMutant	crates/geometry/src/convert/recognize_curve.rs	crates/geometry/src/convert/recognize_curve.rs:100:45: replace * with / in normalized_conic_discriminant
CaughtMutant	crates/geometry/src/convert/recognize_curve.rs	crates/geometry/src/convert/recognize_curve.rs:100:45: replace * with + in normalized_conic_discriminant
CaughtMutant	crates/geometry/src/convert/recognize_curve.rs	crates/geometry/src/convert/recognize_curve.rs:100:39: replace * with / in normalized_conic_discriminant
CaughtMutant	crates/geometry/src/convert/recognize_curve.rs	crates/geometry/src/convert/recognize_curve.rs:100:39: replace * with + in normalized_conic_discriminant
CaughtMutant	crates/geometry/src/convert/recognize_curve.rs	crates/geometry/src/convert/recognize_curve.rs:101:15: replace / with % in normalized_conic_discriminant
CaughtMutant	crates/geometry/src/convert/recognize_curve.rs	crates/geometry/src/convert/recognize_curve.rs:101:15: replace / with * in normalized_conic_discriminant
Unviable	crates/geometry/src/convert/recognize_curve.rs	crates/geometry/src/convert/recognize_curve.rs:123:5: replace recognize_curve -> RecognizedCurve with Default::default()
CaughtMutant	crates/geometry/src/convert/recognize_curve.rs	crates/geometry/src/convert/recognize_curve.rs:101:29: replace * with + in normalized_conic_discriminant
CaughtMutant	crates/geometry/src/convert/recognize_curve.rs	crates/geometry/src/convert/recognize_curve.rs:101:22: replace * with + in normalized_conic_discriminant
CaughtMutant	crates/geometry/src/convert/recognize_curve.rs	crates/geometry/src/convert/recognize_curve.rs:101:29: replace * with / in normalized_conic_discriminant
CaughtMutant	crates/geometry/src/convert/recognize_curve.rs	crates/geometry/src/convert/recognize_curve.rs:101:22: replace * with / in normalized_conic_discriminant
CaughtMutant	crates/geometry/src/convert/recognize_curve.rs	crates/geometry/src/convert/recognize_curve.rs:129:24: replace + with * in recognize_curve
CaughtMutant	crates/geometry/src/convert/recognize_curve.rs	crates/geometry/src/convert/recognize_curve.rs:129:24: replace + with - in recognize_curve
CaughtMutant	crates/geometry/src/convert/recognize_curve.rs	crates/geometry/src/convert/recognize_curve.rs:129:49: replace / with % in recognize_curve
CaughtMutant	crates/geometry/src/convert/recognize_curve.rs	crates/geometry/src/convert/recognize_curve.rs:129:36: replace * with + in recognize_curve
CaughtMutant	crates/geometry/src/convert/recognize_curve.rs	crates/geometry/src/convert/recognize_curve.rs:129:49: replace / with * in recognize_curve
CaughtMutant	crates/geometry/src/convert/recognize_curve.rs	crates/geometry/src/convert/recognize_curve.rs:129:30: replace - with / in recognize_curve
CaughtMutant	crates/geometry/src/convert/recognize_curve.rs	crates/geometry/src/convert/recognize_curve.rs:129:30: replace - with + in recognize_curve
Unviable	crates/geometry/src/convert/recognize_curve.rs	crates/geometry/src/convert/recognize_curve.rs:186:5: replace try_recognize_line -> Option<(Point3, Vec3)> with Some((Default::default(), Default::default()))
CaughtMutant	crates/geometry/src/convert/recognize_curve.rs	crates/geometry/src/convert/recognize_curve.rs:129:36: replace * with / in recognize_curve
CaughtMutant	crates/geometry/src/convert/recognize_curve.rs	crates/geometry/src/convert/recognize_curve.rs:129:55: replace - with / in recognize_curve
Unviable	crates/geometry/src/convert/recognize_curve.rs	crates/geometry/src/convert/recognize_curve.rs:193:26: replace - with + in try_recognize_line
CaughtMutant	crates/geometry/src/convert/recognize_curve.rs	crates/geometry/src/convert/recognize_curve.rs:129:55: replace - with + in recognize_curve
CaughtMutant	crates/geometry/src/convert/recognize_curve.rs	crates/geometry/src/convert/recognize_curve.rs:186:5: replace try_recognize_line -> Option<(Point3, Vec3)> with None
Unviable	crates/geometry/src/convert/recognize_curve.rs	crates/geometry/src/convert/recognize_curve.rs:193:26: replace - with / in try_recognize_line
CaughtMutant	crates/geometry/src/convert/recognize_curve.rs	crates/geometry/src/convert/recognize_curve.rs:186:22: replace < with == in try_recognize_line
CaughtMutant	crates/geometry/src/convert/recognize_curve.rs	crates/geometry/src/convert/recognize_curve.rs:186:22: replace < with > in try_recognize_line
Unviable	crates/geometry/src/convert/recognize_curve.rs	crates/geometry/src/convert/recognize_curve.rs:202:21: replace - with / in try_recognize_line
CaughtMutant	crates/geometry/src/convert/recognize_curve.rs	crates/geometry/src/convert/recognize_curve.rs:186:22: replace < with <= in try_recognize_line
Unviable	crates/geometry/src/convert/recognize_curve.rs	crates/geometry/src/convert/recognize_curve.rs:203:30: replace * with / in try_recognize_line
Unviable	crates/geometry/src/convert/recognize_curve.rs	crates/geometry/src/convert/recognize_curve.rs:203:30: replace * with + in try_recognize_line
Unviable	crates/geometry/src/convert/recognize_curve.rs	crates/geometry/src/convert/recognize_curve.rs:202:21: replace - with + in try_recognize_line
CaughtMutant	crates/geometry/src/convert/recognize_curve.rs	crates/geometry/src/convert/recognize_curve.rs:195:12: replace < with > in try_recognize_line
Unviable	crates/geometry/src/convert/recognize_curve.rs	crates/geometry/src/convert/recognize_curve.rs:204:23: replace - with / in try_recognize_line
Unviable	crates/geometry/src/convert/recognize_curve.rs	crates/geometry/src/convert/recognize_curve.rs:222:5: replace try_recognize_circle -> Option<(Point3, Vec3, f64)> with Some((Default::default(), Default::default(), 0.0))
CaughtMutant	crates/geometry/src/convert/recognize_curve.rs	crates/geometry/src/convert/recognize_curve.rs:204:23: replace - with + in try_recognize_line
Unviable	crates/geometry/src/convert/recognize_curve.rs	crates/geometry/src/convert/recognize_curve.rs:222:5: replace try_recognize_circle -> Option<(Point3, Vec3, f64)> with Some((Default::default(), Default::default(), 1.0))
CaughtMutant	crates/geometry/src/convert/recognize_curve.rs	crates/geometry/src/convert/recognize_curve.rs:205:17: replace > with < in try_recognize_line
Unviable	crates/geometry/src/convert/recognize_curve.rs	crates/geometry/src/convert/recognize_curve.rs:222:5: replace try_recognize_circle -> Option<(Point3, Vec3, f64)> with Some((Default::default(), Default::default(), -1.0))
CaughtMutant	crates/geometry/src/convert/recognize_curve.rs	crates/geometry/src/convert/recognize_curve.rs:205:17: replace > with == in try_recognize_line
CaughtMutant	crates/geometry/src/convert/recognize_curve.rs	crates/geometry/src/convert/recognize_curve.rs:222:5: replace try_recognize_circle -> Option<(Point3, Vec3, f64)> with None
Unviable	crates/geometry/src/convert/recognize_curve.rs	crates/geometry/src/convert/recognize_curve.rs:230:29: replace - with + in try_recognize_circle
Unviable	crates/geometry/src/convert/recognize_curve.rs	crates/geometry/src/convert/recognize_curve.rs:230:29: replace - with / in try_recognize_circle
CaughtMutant	crates/geometry/src/convert/recognize_curve.rs	crates/geometry/src/convert/recognize_curve.rs:222:22: replace < with == in try_recognize_circle
Unviable	crates/geometry/src/convert/recognize_curve.rs	crates/geometry/src/convert/recognize_curve.rs:232:26: replace - with + in try_recognize_circle
CaughtMutant	crates/geometry/src/convert/recognize_curve.rs	crates/geometry/src/convert/recognize_curve.rs:222:22: replace < with > in try_recognize_circle
MissedMutant	crates/geometry/src/convert/recognize_curve.rs	crates/geometry/src/convert/recognize_curve.rs:195:12: replace < with == in try_recognize_line
MissedMutant	crates/geometry/src/convert/recognize_curve.rs	crates/geometry/src/convert/recognize_curve.rs:195:12: replace < with <= in try_recognize_line
CaughtMutant	crates/geometry/src/convert/recognize_curve.rs	crates/geometry/src/convert/recognize_curve.rs:222:22: replace < with <= in try_recognize_circle
Unviable	crates/geometry/src/convert/recognize_curve.rs	crates/geometry/src/convert/recognize_curve.rs:232:26: replace - with / in try_recognize_circle
Unviable	crates/geometry/src/convert/recognize_curve.rs	crates/geometry/src/convert/recognize_curve.rs:235:17: replace && with || in try_recognize_circle
MissedMutant	crates/geometry/src/convert/recognize_curve.rs	crates/geometry/src/convert/recognize_curve.rs:205:17: replace > with >= in try_recognize_line
CaughtMutant	crates/geometry/src/convert/recognize_curve.rs	crates/geometry/src/convert/recognize_curve.rs:234:27: replace > with == in try_recognize_circle
CaughtMutant	crates/geometry/src/convert/recognize_curve.rs	crates/geometry/src/convert/recognize_curve.rs:234:27: replace > with < in try_recognize_circle
CaughtMutant	crates/geometry/src/convert/recognize_curve.rs	crates/geometry/src/convert/recognize_curve.rs:247:61: replace - with + in try_recognize_circle
CaughtMutant	crates/geometry/src/convert/recognize_curve.rs	crates/geometry/src/convert/recognize_curve.rs:247:61: replace - with / in try_recognize_circle
Unviable	crates/geometry/src/convert/recognize_curve.rs	crates/geometry/src/convert/recognize_curve.rs:255:28: replace - with + in try_recognize_circle
Unviable	crates/geometry/src/convert/recognize_curve.rs	crates/geometry/src/convert/recognize_curve.rs:255:28: replace - with / in try_recognize_circle
CaughtMutant	crates/geometry/src/convert/recognize_curve.rs	crates/geometry/src/convert/recognize_curve.rs:248:23: replace > with == in try_recognize_circle
CaughtMutant	crates/geometry/src/convert/recognize_curve.rs	crates/geometry/src/convert/recognize_curve.rs:248:23: replace > with < in try_recognize_circle
Unviable	crates/geometry/src/convert/recognize_curve.rs	crates/geometry/src/convert/recognize_curve.rs:260:25: replace * with + in try_recognize_circle
Unviable	crates/geometry/src/convert/recognize_curve.rs	crates/geometry/src/convert/recognize_curve.rs:260:25: replace * with / in try_recognize_circle
MissedMutant	crates/geometry/src/convert/recognize_curve.rs	crates/geometry/src/convert/recognize_curve.rs:231:41: replace + with - in try_recognize_circle
CaughtMutant	crates/geometry/src/convert/recognize_curve.rs	crates/geometry/src/convert/recognize_curve.rs:257:14: replace < with > in try_recognize_circle
Unviable	crates/geometry/src/convert/recognize_curve.rs	crates/geometry/src/convert/recognize_curve.rs:267:25: replace - with + in try_recognize_circle
MissedMutant	crates/geometry/src/convert/recognize_curve.rs	crates/geometry/src/convert/recognize_curve.rs:231:41: replace + with * in try_recognize_circle
Unviable	crates/geometry/src/convert/recognize_curve.rs	crates/geometry/src/convert/recognize_curve.rs:267:25: replace - with / in try_recognize_circle
CaughtMutant	crates/geometry/src/convert/recognize_curve.rs	crates/geometry/src/convert/recognize_curve.rs:260:32: replace / with % in try_recognize_circle
CaughtMutant	crates/geometry/src/convert/recognize_curve.rs	crates/geometry/src/convert/recognize_curve.rs:275:42: replace + with - in try_recognize_circle
CaughtMutant	crates/geometry/src/convert/recognize_curve.rs	crates/geometry/src/convert/recognize_curve.rs:275:42: replace + with * in try_recognize_circle
MissedMutant	crates/geometry/src/convert/recognize_curve.rs	crates/geometry/src/convert/recognize_curve.rs:234:27: replace > with >= in try_recognize_circle
CaughtMutant	crates/geometry/src/convert/recognize_curve.rs	crates/geometry/src/convert/recognize_curve.rs:275:38: replace * with + in try_recognize_circle
CaughtMutant	crates/geometry/src/convert/recognize_curve.rs	crates/geometry/src/convert/recognize_curve.rs:275:38: replace * with / in try_recognize_circle
MissedMutant	crates/geometry/src/convert/recognize_curve.rs	crates/geometry/src/convert/recognize_curve.rs:248:23: replace > with >= in try_recognize_circle
CaughtMutant	crates/geometry/src/convert/recognize_curve.rs	crates/geometry/src/convert/recognize_curve.rs:275:46: replace * with + in try_recognize_circle
CaughtMutant	crates/geometry/src/convert/recognize_curve.rs	crates/geometry/src/convert/recognize_curve.rs:275:46: replace * with / in try_recognize_circle
MissedMutant	crates/geometry/src/convert/recognize_curve.rs	crates/geometry/src/convert/recognize_curve.rs:257:14: replace < with == in try_recognize_circle
CaughtMutant	crates/geometry/src/convert/recognize_curve.rs	crates/geometry/src/convert/recognize_curve.rs:283:22: replace * with + in try_recognize_circle
CaughtMutant	crates/geometry/src/convert/recognize_curve.rs	crates/geometry/src/convert/recognize_curve.rs:283:22: replace * with / in try_recognize_circle
MissedMutant	crates/geometry/src/convert/recognize_curve.rs	crates/geometry/src/convert/recognize_curve.rs:257:14: replace < with <= in try_recognize_circle
CaughtMutant	crates/geometry/src/convert/recognize_curve.rs	crates/geometry/src/convert/recognize_curve.rs:283:28: replace - with / in try_recognize_circle
MissedMutant	crates/geometry/src/convert/recognize_curve.rs	crates/geometry/src/convert/recognize_curve.rs:260:32: replace / with * in try_recognize_circle
CaughtMutant	crates/geometry/src/convert/recognize_curve.rs	crates/geometry/src/convert/recognize_curve.rs:283:39: replace * with + in try_recognize_circle
CaughtMutant	crates/geometry/src/convert/recognize_curve.rs	crates/geometry/src/convert/recognize_curve.rs:283:39: replace * with / in try_recognize_circle
CaughtMutant	crates/geometry/src/convert/recognize_curve.rs	crates/geometry/src/convert/recognize_curve.rs:283:45: replace - with / in try_recognize_circle
CaughtMutant	crates/geometry/src/convert/recognize_curve.rs	crates/geometry/src/convert/recognize_curve.rs:284:31: replace - with / in try_recognize_circle
CaughtMutant	crates/geometry/src/convert/recognize_curve.rs	crates/geometry/src/convert/recognize_curve.rs:287:27: replace += with -= in try_recognize_circle
CaughtMutant	crates/geometry/src/convert/recognize_curve.rs	crates/geometry/src/convert/recognize_curve.rs:287:27: replace += with *= in try_recognize_circle
CaughtMutant	crates/geometry/src/convert/recognize_curve.rs	crates/geometry/src/convert/recognize_curve.rs:287:35: replace * with + in try_recognize_circle
CaughtMutant	crates/geometry/src/convert/recognize_curve.rs	crates/geometry/src/convert/recognize_curve.rs:287:35: replace * with / in try_recognize_circle
CaughtMutant	crates/geometry/src/convert/recognize_curve.rs	crates/geometry/src/convert/recognize_curve.rs:289:20: replace += with -= in try_recognize_circle
CaughtMutant	crates/geometry/src/convert/recognize_curve.rs	crates/geometry/src/convert/recognize_curve.rs:289:20: replace += with *= in try_recognize_circle
CaughtMutant	crates/geometry/src/convert/recognize_curve.rs	crates/geometry/src/convert/recognize_curve.rs:289:28: replace * with + in try_recognize_circle
CaughtMutant	crates/geometry/src/convert/recognize_curve.rs	crates/geometry/src/convert/recognize_curve.rs:289:28: replace * with / in try_recognize_circle
MissedMutant	crates/geometry/src/convert/recognize_curve.rs	crates/geometry/src/convert/recognize_curve.rs:283:28: replace - with + in try_recognize_circle
CaughtMutant	crates/geometry/src/convert/recognize_curve.rs	crates/geometry/src/convert/recognize_curve.rs:294:37: replace - with + in try_recognize_circle
CaughtMutant	crates/geometry/src/convert/recognize_curve.rs	crates/geometry/src/convert/recognize_curve.rs:294:37: replace - with / in try_recognize_circle
CaughtMutant	crates/geometry/src/convert/recognize_curve.rs	crates/geometry/src/convert/recognize_curve.rs:294:25: replace * with + in try_recognize_circle
MissedMutant	crates/geometry/src/convert/recognize_curve.rs	crates/geometry/src/convert/recognize_curve.rs:283:45: replace - with + in try_recognize_circle
CaughtMutant	crates/geometry/src/convert/recognize_curve.rs	crates/geometry/src/convert/recognize_curve.rs:294:25: replace * with / in try_recognize_circle
MissedMutant	crates/geometry/src/convert/recognize_curve.rs	crates/geometry/src/convert/recognize_curve.rs:284:31: replace - with + in try_recognize_circle
CaughtMutant	crates/geometry/src/convert/recognize_curve.rs	crates/geometry/src/convert/recognize_curve.rs:294:49: replace * with + in try_recognize_circle
CaughtMutant	crates/geometry/src/convert/recognize_curve.rs	crates/geometry/src/convert/recognize_curve.rs:294:49: replace * with / in try_recognize_circle
CaughtMutant	crates/geometry/src/convert/recognize_curve.rs	crates/geometry/src/convert/recognize_curve.rs:295:18: replace < with > in try_recognize_circle
CaughtMutant	crates/geometry/src/convert/recognize_curve.rs	crates/geometry/src/convert/recognize_curve.rs:298:19: replace / with * in try_recognize_circle
CaughtMutant	crates/geometry/src/convert/recognize_curve.rs	crates/geometry/src/convert/recognize_curve.rs:298:19: replace / with % in try_recognize_circle
CaughtMutant	crates/geometry/src/convert/recognize_curve.rs	crates/geometry/src/convert/recognize_curve.rs:299:59: replace * with / in try_recognize_circle
CaughtMutant	crates/geometry/src/convert/recognize_curve.rs	crates/geometry/src/convert/recognize_curve.rs:299:59: replace * with + in try_recognize_circle
CaughtMutant	crates/geometry/src/convert/recognize_curve.rs	crates/geometry/src/convert/recognize_curve.rs:299:37: replace - with + in try_recognize_circle
CaughtMutant	crates/geometry/src/convert/recognize_curve.rs	crates/geometry/src/convert/recognize_curve.rs:299:37: replace - with / in try_recognize_circle
CaughtMutant	crates/geometry/src/convert/recognize_curve.rs	crates/geometry/src/convert/recognize_curve.rs:299:25: replace * with + in try_recognize_circle
CaughtMutant	crates/geometry/src/convert/recognize_curve.rs	crates/geometry/src/convert/recognize_curve.rs:299:25: replace * with / in try_recognize_circle
CaughtMutant	crates/geometry/src/convert/recognize_curve.rs	crates/geometry/src/convert/recognize_curve.rs:299:46: replace * with + in try_recognize_circle
CaughtMutant	crates/geometry/src/convert/recognize_curve.rs	crates/geometry/src/convert/recognize_curve.rs:300:59: replace * with + in try_recognize_circle
CaughtMutant	crates/geometry/src/convert/recognize_curve.rs	crates/geometry/src/convert/recognize_curve.rs:299:46: replace * with / in try_recognize_circle
MissedMutant	crates/geometry/src/convert/recognize_curve.rs	crates/geometry/src/convert/recognize_curve.rs:295:18: replace < with == in try_recognize_circle
CaughtMutant	crates/geometry/src/convert/recognize_curve.rs	crates/geometry/src/convert/recognize_curve.rs:300:59: replace * with / in try_recognize_circle
CaughtMutant	crates/geometry/src/convert/recognize_curve.rs	crates/geometry/src/convert/recognize_curve.rs:300:37: replace - with + in try_recognize_circle
CaughtMutant	crates/geometry/src/convert/recognize_curve.rs	crates/geometry/src/convert/recognize_curve.rs:300:37: replace - with / in try_recognize_circle
Unviable	crates/geometry/src/convert/recognize_curve.rs	crates/geometry/src/convert/recognize_curve.rs:303:38: replace + with * in try_recognize_circle
CaughtMutant	crates/geometry/src/convert/recognize_curve.rs	crates/geometry/src/convert/recognize_curve.rs:300:28: replace * with + in try_recognize_circle
CaughtMutant	crates/geometry/src/convert/recognize_curve.rs	crates/geometry/src/convert/recognize_curve.rs:300:49: replace * with + in try_recognize_circle
MissedMutant	crates/geometry/src/convert/recognize_curve.rs	crates/geometry/src/convert/recognize_curve.rs:295:18: replace < with <= in try_recognize_circle
Unviable	crates/geometry/src/convert/recognize_curve.rs	crates/geometry/src/convert/recognize_curve.rs:303:21: replace + with * in try_recognize_circle
CaughtMutant	crates/geometry/src/convert/recognize_curve.rs	crates/geometry/src/convert/recognize_curve.rs:300:28: replace * with / in try_recognize_circle
Unviable	crates/geometry/src/convert/recognize_curve.rs	crates/geometry/src/convert/recognize_curve.rs:303:30: replace * with + in try_recognize_circle
Unviable	crates/geometry/src/convert/recognize_curve.rs	crates/geometry/src/convert/recognize_curve.rs:303:30: replace * with / in try_recognize_circle
Unviable	crates/geometry/src/convert/recognize_curve.rs	crates/geometry/src/convert/recognize_curve.rs:303:47: replace * with + in try_recognize_circle
CaughtMutant	crates/geometry/src/convert/recognize_curve.rs	crates/geometry/src/convert/recognize_curve.rs:300:49: replace * with / in try_recognize_circle
CaughtMutant	crates/geometry/src/convert/recognize_curve.rs	crates/geometry/src/convert/recognize_curve.rs:303:38: replace + with - in try_recognize_circle
Unviable	crates/geometry/src/convert/recognize_curve.rs	crates/geometry/src/convert/recognize_curve.rs:303:47: replace * with / in try_recognize_circle
CaughtMutant	crates/geometry/src/convert/recognize_curve.rs	crates/geometry/src/convert/recognize_curve.rs:303:21: replace + with - in try_recognize_circle
CaughtMutant	crates/geometry/src/convert/recognize_curve.rs	crates/geometry/src/convert/recognize_curve.rs:310:24: replace - with / in try_recognize_circle
CaughtMutant	crates/geometry/src/convert/recognize_curve.rs	crates/geometry/src/convert/recognize_curve.rs:310:24: replace - with + in try_recognize_circle
CaughtMutant	crates/geometry/src/convert/recognize_curve.rs	crates/geometry/src/convert/recognize_curve.rs:311:24: replace - with + in try_recognize_circle
CaughtMutant	crates/geometry/src/convert/recognize_curve.rs	crates/geometry/src/convert/recognize_curve.rs:312:24: replace - with + in try_recognize_circle
CaughtMutant	crates/geometry/src/convert/recognize_curve.rs	crates/geometry/src/convert/recognize_curve.rs:311:24: replace - with / in try_recognize_circle
CaughtMutant	crates/geometry/src/convert/recognize_curve.rs	crates/geometry/src/convert/recognize_curve.rs:320:27: replace / with % in try_recognize_circle
CaughtMutant	crates/geometry/src/convert/recognize_curve.rs	crates/geometry/src/convert/recognize_curve.rs:320:27: replace / with * in try_recognize_circle
CaughtMutant	crates/geometry/src/convert/recognize_curve.rs	crates/geometry/src/convert/recognize_curve.rs:312:24: replace - with / in try_recognize_circle
CaughtMutant	crates/geometry/src/convert/recognize_curve.rs	crates/geometry/src/convert/recognize_curve.rs:322:20: replace < with == in try_recognize_circle
CaughtMutant	crates/geometry/src/convert/recognize_curve.rs	crates/geometry/src/convert/recognize_curve.rs:322:20: replace < with > in try_recognize_circle
CaughtMutant	crates/geometry/src/convert/recognize_curve.rs	crates/geometry/src/convert/recognize_curve.rs:328:21: replace - with + in try_recognize_circle
Unviable	crates/geometry/src/convert/recognize_curve.rs	crates/geometry/src/convert/recognize_curve.rs:362:5: replace try_recognize_ellipse -> Option<(Point3, Vec3, Vec3, f64, f64)> with Some((Default::default(), Default::default(), Default::default(), 0.0, 0.0))
CaughtMutant	crates/geometry/src/convert/recognize_curve.rs	crates/geometry/src/convert/recognize_curve.rs:328:21: replace - with / in try_recognize_circle
CaughtMutant	crates/geometry/src/convert/recognize_curve.rs	crates/geometry/src/convert/recognize_curve.rs:331:16: replace > with == in try_recognize_circle
CaughtMutant	crates/geometry/src/convert/recognize_curve.rs	crates/geometry/src/convert/recognize_curve.rs:331:16: replace > with < in try_recognize_circle
Unviable	crates/geometry/src/convert/recognize_curve.rs	crates/geometry/src/convert/recognize_curve.rs:362:5: replace try_recognize_ellipse -> Option<(Point3, Vec3, Vec3, f64, f64)> with Some((Default::default(), Default::default(), Default::default(), 0.0, 1.0))
Unviable	crates/geometry/src/convert/recognize_curve.rs	crates/geometry/src/convert/recognize_curve.rs:362:5: replace try_recognize_ellipse -> Option<(Point3, Vec3, Vec3, f64, f64)> with Some((Default::default(), Default::default(), Default::default(), 0.0, -1.0))
Unviable	crates/geometry/src/convert/recognize_curve.rs	crates/geometry/src/convert/recognize_curve.rs:362:5: replace try_recognize_ellipse -> Option<(Point3, Vec3, Vec3, f64, f64)> with Some((Default::default(), Default::default(), Default::default(), 1.0, 1.0))
Unviable	crates/geometry/src/convert/recognize_curve.rs	crates/geometry/src/convert/recognize_curve.rs:362:5: replace try_recognize_ellipse -> Option<(Point3, Vec3, Vec3, f64, f64)> with Some((Default::default(), Default::default(), Default::default(), 1.0, 0.0))
Unviable	crates/geometry/src/convert/recognize_curve.rs	crates/geometry/src/convert/recognize_curve.rs:362:5: replace try_recognize_ellipse -> Option<(Point3, Vec3, Vec3, f64, f64)> with Some((Default::default(), Default::default(), Default::default(), 1.0, -1.0))
CaughtMutant	crates/geometry/src/convert/recognize_curve.rs	crates/geometry/src/convert/recognize_curve.rs:362:5: replace try_recognize_ellipse -> Option<(Point3, Vec3, Vec3, f64, f64)> with None
Unviable	crates/geometry/src/convert/recognize_curve.rs	crates/geometry/src/convert/recognize_curve.rs:362:5: replace try_recognize_ellipse -> Option<(Point3, Vec3, Vec3, f64, f64)> with Some((Default::default(), Default::default(), Default::default(), -1.0, 0.0))
Unviable	crates/geometry/src/convert/recognize_curve.rs	crates/geometry/src/convert/recognize_curve.rs:362:5: replace try_recognize_ellipse -> Option<(Point3, Vec3, Vec3, f64, f64)> with Some((Default::default(), Default::default(), Default::default(), -1.0, -1.0))
Unviable	crates/geometry/src/convert/recognize_curve.rs	crates/geometry/src/convert/recognize_curve.rs:362:5: replace try_recognize_ellipse -> Option<(Point3, Vec3, Vec3, f64, f64)> with Some((Default::default(), Default::default(), Default::default(), -1.0, 1.0))
Unviable	crates/geometry/src/convert/recognize_curve.rs	crates/geometry/src/convert/recognize_curve.rs:370:29: replace - with / in try_recognize_ellipse
Unviable	crates/geometry/src/convert/recognize_curve.rs	crates/geometry/src/convert/recognize_curve.rs:370:29: replace - with + in try_recognize_ellipse
CaughtMutant	crates/geometry/src/convert/recognize_curve.rs	crates/geometry/src/convert/recognize_curve.rs:362:22: replace < with == in try_recognize_ellipse
MissedMutant	crates/geometry/src/convert/recognize_curve.rs	crates/geometry/src/convert/recognize_curve.rs:322:20: replace < with <= in try_recognize_circle
Unviable	crates/geometry/src/convert/recognize_curve.rs	crates/geometry/src/convert/recognize_curve.rs:372:26: replace - with + in try_recognize_ellipse
CaughtMutant	crates/geometry/src/convert/recognize_curve.rs	crates/geometry/src/convert/recognize_curve.rs:362:22: replace < with > in try_recognize_ellipse
Unviable	crates/geometry/src/convert/recognize_curve.rs	crates/geometry/src/convert/recognize_curve.rs:372:26: replace - with / in try_recognize_ellipse
Unviable	crates/geometry/src/convert/recognize_curve.rs	crates/geometry/src/convert/recognize_curve.rs:375:17: replace && with || in try_recognize_ellipse
MissedMutant	crates/geometry/src/convert/recognize_curve.rs	crates/geometry/src/convert/recognize_curve.rs:331:16: replace > with >= in try_recognize_circle
CaughtMutant	crates/geometry/src/convert/recognize_curve.rs	crates/geometry/src/convert/recognize_curve.rs:362:22: replace < with <= in try_recognize_ellipse
CaughtMutant	crates/geometry/src/convert/recognize_curve.rs	crates/geometry/src/convert/recognize_curve.rs:374:27: replace > with == in try_recognize_ellipse
CaughtMutant	crates/geometry/src/convert/recognize_curve.rs	crates/geometry/src/convert/recognize_curve.rs:374:27: replace > with < in try_recognize_ellipse
CaughtMutant	crates/geometry/src/convert/recognize_curve.rs	crates/geometry/src/convert/recognize_curve.rs:386:61: replace - with + in try_recognize_ellipse
CaughtMutant	crates/geometry/src/convert/recognize_curve.rs	crates/geometry/src/convert/recognize_curve.rs:386:61: replace - with / in try_recognize_ellipse
Unviable	crates/geometry/src/convert/recognize_curve.rs	crates/geometry/src/convert/recognize_curve.rs:399:30: replace - with + in try_recognize_ellipse
Unviable	crates/geometry/src/convert/recognize_curve.rs	crates/geometry/src/convert/recognize_curve.rs:399:30: replace - with / in try_recognize_ellipse
CaughtMutant	crates/geometry/src/convert/recognize_curve.rs	crates/geometry/src/convert/recognize_curve.rs:387:23: replace > with == in try_recognize_ellipse
Unviable	crates/geometry/src/convert/recognize_curve.rs	crates/geometry/src/convert/recognize_curve.rs:405:25: replace - with + in try_recognize_ellipse
Unviable	crates/geometry/src/convert/recognize_curve.rs	crates/geometry/src/convert/recognize_curve.rs:405:25: replace - with / in try_recognize_ellipse
CaughtMutant	crates/geometry/src/convert/recognize_curve.rs	crates/geometry/src/convert/recognize_curve.rs:387:23: replace > with < in try_recognize_ellipse
CaughtMutant	crates/geometry/src/convert/recognize_curve.rs	crates/geometry/src/convert/recognize_curve.rs:411:62: replace / with % in try_recognize_ellipse
MissedMutant	crates/geometry/src/convert/recognize_curve.rs	crates/geometry/src/convert/recognize_curve.rs:371:41: replace + with - in try_recognize_ellipse
CaughtMutant	crates/geometry/src/convert/recognize_curve.rs	crates/geometry/src/convert/recognize_curve.rs:411:62: replace / with * in try_recognize_ellipse
CaughtMutant	crates/geometry/src/convert/recognize_curve.rs	crates/geometry/src/convert/recognize_curve.rs:412:62: replace / with % in try_recognize_ellipse
CaughtMutant	crates/geometry/src/convert/recognize_curve.rs	crates/geometry/src/convert/recognize_curve.rs:412:62: replace / with * in try_recognize_ellipse
MissedMutant	crates/geometry/src/convert/recognize_curve.rs	crates/geometry/src/convert/recognize_curve.rs:371:41: replace + with * in try_recognize_ellipse
CaughtMutant	crates/geometry/src/convert/recognize_curve.rs	crates/geometry/src/convert/recognize_curve.rs:415:27: replace - with + in try_recognize_ellipse
CaughtMutant	crates/geometry/src/convert/recognize_curve.rs	crates/geometry/src/convert/recognize_curve.rs:415:27: replace - with / in try_recognize_ellipse
CaughtMutant	crates/geometry/src/convert/recognize_curve.rs	crates/geometry/src/convert/recognize_curve.rs:415:40: replace - with + in try_recognize_ellipse
MissedMutant	crates/geometry/src/convert/recognize_curve.rs	crates/geometry/src/convert/recognize_curve.rs:374:27: replace > with >= in try_recognize_ellipse
CaughtMutant	crates/geometry/src/convert/recognize_curve.rs	crates/geometry/src/convert/recognize_curve.rs:415:40: replace - with / in try_recognize_ellipse
CaughtMutant	crates/geometry/src/convert/recognize_curve.rs	crates/geometry/src/convert/recognize_curve.rs:424:22: replace * with / in try_recognize_ellipse
CaughtMutant	crates/geometry/src/convert/recognize_curve.rs	crates/geometry/src/convert/recognize_curve.rs:424:22: replace * with + in try_recognize_ellipse
CaughtMutant	crates/geometry/src/convert/recognize_curve.rs	crates/geometry/src/convert/recognize_curve.rs:424:29: replace * with + in try_recognize_ellipse
MissedMutant	crates/geometry/src/convert/recognize_curve.rs	crates/geometry/src/convert/recognize_curve.rs:387:23: replace > with >= in try_recognize_ellipse
CaughtMutant	crates/geometry/src/convert/recognize_curve.rs	crates/geometry/src/convert/recognize_curve.rs:424:29: replace * with / in try_recognize_ellipse
CaughtMutant	crates/geometry/src/convert/recognize_curve.rs	crates/geometry/src/convert/recognize_curve.rs:424:36: replace * with + in try_recognize_ellipse
CaughtMutant	crates/geometry/src/convert/recognize_curve.rs	crates/geometry/src/convert/recognize_curve.rs:424:36: replace * with / in try_recognize_ellipse
CaughtMutant	crates/geometry/src/convert/recognize_curve.rs	crates/geometry/src/convert/recognize_curve.rs:427:27: replace += with -= in try_recognize_ellipse
CaughtMutant	crates/geometry/src/convert/recognize_curve.rs	crates/geometry/src/convert/recognize_curve.rs:427:37: replace * with + in try_recognize_ellipse
CaughtMutant	crates/geometry/src/convert/recognize_curve.rs	crates/geometry/src/convert/recognize_curve.rs:427:27: replace += with *= in try_recognize_ellipse
CaughtMutant	crates/geometry/src/convert/recognize_curve.rs	crates/geometry/src/convert/recognize_curve.rs:444:13: replace >= with < in try_recognize_ellipse
CaughtMutant	crates/geometry/src/convert/recognize_curve.rs	crates/geometry/src/convert/recognize_curve.rs:427:37: replace * with / in try_recognize_ellipse
CaughtMutant	crates/geometry/src/convert/recognize_curve.rs	crates/geometry/src/convert/recognize_curve.rs:429:20: replace += with -= in try_recognize_ellipse
CaughtMutant	crates/geometry/src/convert/recognize_curve.rs	crates/geometry/src/convert/recognize_curve.rs:429:20: replace += with *= in try_recognize_ellipse
CaughtMutant	crates/geometry/src/convert/recognize_curve.rs	crates/geometry/src/convert/recognize_curve.rs:450:33: replace - with + in try_recognize_ellipse
CaughtMutant	crates/geometry/src/convert/recognize_curve.rs	crates/geometry/src/convert/recognize_curve.rs:450:33: replace - with / in try_recognize_ellipse
CaughtMutant	crates/geometry/src/convert/recognize_curve.rs	crates/geometry/src/convert/recognize_curve.rs:450:27: replace * with + in try_recognize_ellipse
CaughtMutant	crates/geometry/src/convert/recognize_curve.rs	crates/geometry/src/convert/recognize_curve.rs:450:27: replace * with / in try_recognize_ellipse
CaughtMutant	crates/geometry/src/convert/recognize_curve.rs	crates/geometry/src/convert/recognize_curve.rs:450:21: replace * with + in try_recognize_ellipse
CaughtMutant	crates/geometry/src/convert/recognize_curve.rs	crates/geometry/src/convert/recognize_curve.rs:450:21: replace * with / in try_recognize_ellipse
CaughtMutant	crates/geometry/src/convert/recognize_curve.rs	crates/geometry/src/convert/recognize_curve.rs:450:39: replace * with + in try_recognize_ellipse
CaughtMutant	crates/geometry/src/convert/recognize_curve.rs	crates/geometry/src/convert/recognize_curve.rs:450:39: replace * with / in try_recognize_ellipse
CaughtMutant	crates/geometry/src/convert/recognize_curve.rs	crates/geometry/src/convert/recognize_curve.rs:451:20: replace < with > in try_recognize_ellipse
CaughtMutant	crates/geometry/src/convert/recognize_curve.rs	crates/geometry/src/convert/recognize_curve.rs:454:48: replace / with % in try_recognize_ellipse
CaughtMutant	crates/geometry/src/convert/recognize_curve.rs	crates/geometry/src/convert/recognize_curve.rs:454:35: replace + with - in try_recognize_ellipse
CaughtMutant	crates/geometry/src/convert/recognize_curve.rs	crates/geometry/src/convert/recognize_curve.rs:454:48: replace / with * in try_recognize_ellipse
CaughtMutant	crates/geometry/src/convert/recognize_curve.rs	crates/geometry/src/convert/recognize_curve.rs:454:35: replace + with * in try_recognize_ellipse
MissedMutant	crates/geometry/src/convert/recognize_curve.rs	crates/geometry/src/convert/recognize_curve.rs:444:16: delete - in try_recognize_ellipse
CaughtMutant	crates/geometry/src/convert/recognize_curve.rs	crates/geometry/src/convert/recognize_curve.rs:454:29: replace * with + in try_recognize_ellipse
CaughtMutant	crates/geometry/src/convert/recognize_curve.rs	crates/geometry/src/convert/recognize_curve.rs:454:29: replace * with / in try_recognize_ellipse
CaughtMutant	crates/geometry/src/convert/recognize_curve.rs	crates/geometry/src/convert/recognize_curve.rs:454:23: replace * with + in try_recognize_ellipse
CaughtMutant	crates/geometry/src/convert/recognize_curve.rs	crates/geometry/src/convert/recognize_curve.rs:454:23: replace * with / in try_recognize_ellipse
CaughtMutant	crates/geometry/src/convert/recognize_curve.rs	crates/geometry/src/convert/recognize_curve.rs:454:18: delete - in try_recognize_ellipse
CaughtMutant	crates/geometry/src/convert/recognize_curve.rs	crates/geometry/src/convert/recognize_curve.rs:454:41: replace * with + in try_recognize_ellipse
CaughtMutant	crates/geometry/src/convert/recognize_curve.rs	crates/geometry/src/convert/recognize_curve.rs:454:41: replace * with / in try_recognize_ellipse
MissedMutant	crates/geometry/src/convert/recognize_curve.rs	crates/geometry/src/convert/recognize_curve.rs:451:20: replace < with == in try_recognize_ellipse
CaughtMutant	crates/geometry/src/convert/recognize_curve.rs	crates/geometry/src/convert/recognize_curve.rs:455:28: replace - with + in try_recognize_ellipse
MissedMutant	crates/geometry/src/convert/recognize_curve.rs	crates/geometry/src/convert/recognize_curve.rs:451:20: replace < with <= in try_recognize_ellipse
CaughtMutant	crates/geometry/src/convert/recognize_curve.rs	crates/geometry/src/convert/recognize_curve.rs:455:47: replace / with % in try_recognize_ellipse
CaughtMutant	crates/geometry/src/convert/recognize_curve.rs	crates/geometry/src/convert/recognize_curve.rs:455:47: replace / with * in try_recognize_ellipse
CaughtMutant	crates/geometry/src/convert/recognize_curve.rs	crates/geometry/src/convert/recognize_curve.rs:455:28: replace - with / in try_recognize_ellipse
CaughtMutant	crates/geometry/src/convert/recognize_curve.rs	crates/geometry/src/convert/recognize_curve.rs:455:22: replace * with + in try_recognize_ellipse
CaughtMutant	crates/geometry/src/convert/recognize_curve.rs	crates/geometry/src/convert/recognize_curve.rs:455:22: replace * with / in try_recognize_ellipse
CaughtMutant	crates/geometry/src/convert/recognize_curve.rs	crates/geometry/src/convert/recognize_curve.rs:455:40: replace * with + in try_recognize_ellipse
CaughtMutant	crates/geometry/src/convert/recognize_curve.rs	crates/geometry/src/convert/recognize_curve.rs:455:40: replace * with / in try_recognize_ellipse
CaughtMutant	crates/geometry/src/convert/recognize_curve.rs	crates/geometry/src/convert/recognize_curve.rs:455:34: replace * with + in try_recognize_ellipse
CaughtMutant	crates/geometry/src/convert/recognize_curve.rs	crates/geometry/src/convert/recognize_curve.rs:460:9: replace - with + in try_recognize_ellipse
CaughtMutant	crates/geometry/src/convert/recognize_curve.rs	crates/geometry/src/convert/recognize_curve.rs:455:34: replace * with / in try_recognize_ellipse
CaughtMutant	crates/geometry/src/convert/recognize_curve.rs	crates/geometry/src/convert/recognize_curve.rs:460:9: replace - with / in try_recognize_ellipse
CaughtMutant	crates/geometry/src/convert/recognize_curve.rs	crates/geometry/src/convert/recognize_curve.rs:464:13: replace + with - in try_recognize_ellipse
CaughtMutant	crates/geometry/src/convert/recognize_curve.rs	crates/geometry/src/convert/recognize_curve.rs:464:13: replace + with * in try_recognize_ellipse
CaughtMutant	crates/geometry/src/convert/recognize_curve.rs	crates/geometry/src/convert/recognize_curve.rs:463:13: replace + with * in try_recognize_ellipse
CaughtMutant	crates/geometry/src/convert/recognize_curve.rs	crates/geometry/src/convert/recognize_curve.rs:463:13: replace + with - in try_recognize_ellipse
CaughtMutant	crates/geometry/src/convert/recognize_curve.rs	crates/geometry/src/convert/recognize_curve.rs:462:13: replace + with - in try_recognize_ellipse
CaughtMutant	crates/geometry/src/convert/recognize_curve.rs	crates/geometry/src/convert/recognize_curve.rs:462:13: replace + with * in try_recognize_ellipse
CaughtMutant	crates/geometry/src/convert/recognize_curve.rs	crates/geometry/src/convert/recognize_curve.rs:461:13: replace + with - in try_recognize_ellipse
CaughtMutant	crates/geometry/src/convert/recognize_curve.rs	crates/geometry/src/convert/recognize_curve.rs:461:13: replace + with * in try_recognize_ellipse
CaughtMutant	crates/geometry/src/convert/recognize_curve.rs	crates/geometry/src/convert/recognize_curve.rs:460:24: replace * with + in try_recognize_ellipse
CaughtMutant	crates/geometry/src/convert/recognize_curve.rs	crates/geometry/src/convert/recognize_curve.rs:460:24: replace * with / in try_recognize_ellipse
CaughtMutant	crates/geometry/src/convert/recognize_curve.rs	crates/geometry/src/convert/recognize_curve.rs:460:16: replace * with + in try_recognize_ellipse
CaughtMutant	crates/geometry/src/convert/recognize_curve.rs	crates/geometry/src/convert/recognize_curve.rs:460:16: replace * with / in try_recognize_ellipse
CaughtMutant	crates/geometry/src/convert/recognize_curve.rs	crates/geometry/src/convert/recognize_curve.rs:461:27: replace * with + in try_recognize_ellipse
CaughtMutant	crates/geometry/src/convert/recognize_curve.rs	crates/geometry/src/convert/recognize_curve.rs:461:19: replace * with + in try_recognize_ellipse
CaughtMutant	crates/geometry/src/convert/recognize_curve.rs	crates/geometry/src/convert/recognize_curve.rs:461:27: replace * with / in try_recognize_ellipse
CaughtMutant	crates/geometry/src/convert/recognize_curve.rs	crates/geometry/src/convert/recognize_curve.rs:461:19: replace * with / in try_recognize_ellipse
CaughtMutant	crates/geometry/src/convert/recognize_curve.rs	crates/geometry/src/convert/recognize_curve.rs:462:27: replace * with + in try_recognize_ellipse
CaughtMutant	crates/geometry/src/convert/recognize_curve.rs	crates/geometry/src/convert/recognize_curve.rs:462:27: replace * with / in try_recognize_ellipse
CaughtMutant	crates/geometry/src/convert/recognize_curve.rs	crates/geometry/src/convert/recognize_curve.rs:462:19: replace * with + in try_recognize_ellipse
CaughtMutant	crates/geometry/src/convert/recognize_curve.rs	crates/geometry/src/convert/recognize_curve.rs:462:19: replace * with / in try_recognize_ellipse
CaughtMutant	crates/geometry/src/convert/recognize_curve.rs	crates/geometry/src/convert/recognize_curve.rs:463:19: replace * with + in try_recognize_ellipse
CaughtMutant	crates/geometry/src/convert/recognize_curve.rs	crates/geometry/src/convert/recognize_curve.rs:463:19: replace * with / in try_recognize_ellipse
CaughtMutant	crates/geometry/src/convert/recognize_curve.rs	crates/geometry/src/convert/recognize_curve.rs:464:19: replace * with + in try_recognize_ellipse
CaughtMutant	crates/geometry/src/convert/recognize_curve.rs	crates/geometry/src/convert/recognize_curve.rs:465:10: replace <= with > in try_recognize_ellipse
CaughtMutant	crates/geometry/src/convert/recognize_curve.rs	crates/geometry/src/convert/recognize_curve.rs:464:19: replace * with / in try_recognize_ellipse
CaughtMutant	crates/geometry/src/convert/recognize_curve.rs	crates/geometry/src/convert/recognize_curve.rs:471:18: replace / with % in try_recognize_ellipse
CaughtMutant	crates/geometry/src/convert/recognize_curve.rs	crates/geometry/src/convert/recognize_curve.rs:471:18: replace / with * in try_recognize_ellipse
CaughtMutant	crates/geometry/src/convert/recognize_curve.rs	crates/geometry/src/convert/recognize_curve.rs:472:18: replace / with * in try_recognize_ellipse
CaughtMutant	crates/geometry/src/convert/recognize_curve.rs	crates/geometry/src/convert/recognize_curve.rs:472:18: replace / with % in try_recognize_ellipse
CaughtMutant	crates/geometry/src/convert/recognize_curve.rs	crates/geometry/src/convert/recognize_curve.rs:473:18: replace / with % in try_recognize_ellipse
CaughtMutant	crates/geometry/src/convert/recognize_curve.rs	crates/geometry/src/convert/recognize_curve.rs:473:18: replace / with * in try_recognize_ellipse
CaughtMutant	crates/geometry/src/convert/recognize_curve.rs	crates/geometry/src/convert/recognize_curve.rs:474:26: replace * with + in try_recognize_ellipse
CaughtMutant	crates/geometry/src/convert/recognize_curve.rs	crates/geometry/src/convert/recognize_curve.rs:474:32: replace + with - in try_recognize_ellipse
CaughtMutant	crates/geometry/src/convert/recognize_curve.rs	crates/geometry/src/convert/recognize_curve.rs:474:26: replace * with / in try_recognize_ellipse
CaughtMutant	crates/geometry/src/convert/recognize_curve.rs	crates/geometry/src/convert/recognize_curve.rs:474:32: replace + with * in try_recognize_ellipse
CaughtMutant	crates/geometry/src/convert/recognize_curve.rs	crates/geometry/src/convert/recognize_curve.rs:475:25: replace * with + in try_recognize_ellipse
CaughtMutant	crates/geometry/src/convert/recognize_curve.rs	crates/geometry/src/convert/recognize_curve.rs:475:31: replace - with / in try_recognize_ellipse
CaughtMutant	crates/geometry/src/convert/recognize_curve.rs	crates/geometry/src/convert/recognize_curve.rs:475:31: replace - with + in try_recognize_ellipse
CaughtMutant	crates/geometry/src/convert/recognize_curve.rs	crates/geometry/src/convert/recognize_curve.rs:475:25: replace * with / in try_recognize_ellipse
CaughtMutant	crates/geometry/src/convert/recognize_curve.rs	crates/geometry/src/convert/recognize_curve.rs:476:39: replace * with + in try_recognize_ellipse
CaughtMutant	crates/geometry/src/convert/recognize_curve.rs	crates/geometry/src/convert/recognize_curve.rs:476:39: replace * with / in try_recognize_ellipse
CaughtMutant	crates/geometry/src/convert/recognize_curve.rs	crates/geometry/src/convert/recognize_curve.rs:477:30: replace + with * in try_recognize_ellipse
CaughtMutant	crates/geometry/src/convert/recognize_curve.rs	crates/geometry/src/convert/recognize_curve.rs:478:30: replace - with + in try_recognize_ellipse
CaughtMutant	crates/geometry/src/convert/recognize_curve.rs	crates/geometry/src/convert/recognize_curve.rs:477:30: replace + with - in try_recognize_ellipse
CaughtMutant	crates/geometry/src/convert/recognize_curve.rs	crates/geometry/src/convert/recognize_curve.rs:478:30: replace - with / in try_recognize_ellipse
CaughtMutant	crates/geometry/src/convert/recognize_curve.rs	crates/geometry/src/convert/recognize_curve.rs:479:34: replace <= with > in try_recognize_ellipse
CaughtMutant	crates/geometry/src/convert/recognize_curve.rs	crates/geometry/src/convert/recognize_curve.rs:479:16: replace <= with > in try_recognize_ellipse
CaughtMutant	crates/geometry/src/convert/recognize_curve.rs	crates/geometry/src/convert/recognize_curve.rs:483:26: replace / with % in try_recognize_ellipse
CaughtMutant	crates/geometry/src/convert/recognize_curve.rs	crates/geometry/src/convert/recognize_curve.rs:483:26: replace / with * in try_recognize_ellipse
CaughtMutant	crates/geometry/src/convert/recognize_curve.rs	crates/geometry/src/convert/recognize_curve.rs:484:26: replace / with % in try_recognize_ellipse
CaughtMutant	crates/geometry/src/convert/recognize_curve.rs	crates/geometry/src/convert/recognize_curve.rs:484:26: replace / with * in try_recognize_ellipse
CaughtMutant	crates/geometry/src/convert/recognize_curve.rs	crates/geometry/src/convert/recognize_curve.rs:491:26: replace * with + in try_recognize_ellipse
CaughtMutant	crates/geometry/src/convert/recognize_curve.rs	crates/geometry/src/convert/recognize_curve.rs:491:46: replace + with * in try_recognize_ellipse
CaughtMutant	crates/geometry/src/convert/recognize_curve.rs	crates/geometry/src/convert/recognize_curve.rs:491:26: replace * with / in try_recognize_ellipse
CaughtMutant	crates/geometry/src/convert/recognize_curve.rs	crates/geometry/src/convert/recognize_curve.rs:491:40: replace - with + in try_recognize_ellipse
CaughtMutant	crates/geometry/src/convert/recognize_curve.rs	crates/geometry/src/convert/recognize_curve.rs:497:20: replace - with + in try_recognize_ellipse
CaughtMutant	crates/geometry/src/convert/recognize_curve.rs	crates/geometry/src/convert/recognize_curve.rs:491:40: replace - with / in try_recognize_ellipse
CaughtMutant	crates/geometry/src/convert/recognize_curve.rs	crates/geometry/src/convert/recognize_curve.rs:497:20: replace - with / in try_recognize_ellipse
CaughtMutant	crates/geometry/src/convert/recognize_curve.rs	crates/geometry/src/convert/recognize_curve.rs:498:20: replace - with + in try_recognize_ellipse
CaughtMutant	crates/geometry/src/convert/recognize_curve.rs	crates/geometry/src/convert/recognize_curve.rs:498:20: replace - with / in try_recognize_ellipse
MissedMutant	crates/geometry/src/convert/recognize_curve.rs	crates/geometry/src/convert/recognize_curve.rs:479:23: replace || with && in try_recognize_ellipse
CaughtMutant	crates/geometry/src/convert/recognize_curve.rs	crates/geometry/src/convert/recognize_curve.rs:499:33: replace + with - in try_recognize_ellipse
CaughtMutant	crates/geometry/src/convert/recognize_curve.rs	crates/geometry/src/convert/recognize_curve.rs:499:33: replace + with * in try_recognize_ellipse
CaughtMutant	crates/geometry/src/convert/recognize_curve.rs	crates/geometry/src/convert/recognize_curve.rs:499:21: replace * with + in try_recognize_ellipse
CaughtMutant	crates/geometry/src/convert/recognize_curve.rs	crates/geometry/src/convert/recognize_curve.rs:499:21: replace * with / in try_recognize_ellipse
MissedMutant	crates/geometry/src/convert/recognize_curve.rs	crates/geometry/src/convert/recognize_curve.rs:491:46: replace + with - in try_recognize_ellipse
CaughtMutant	crates/geometry/src/convert/recognize_curve.rs	crates/geometry/src/convert/recognize_curve.rs:499:38: replace * with + in try_recognize_ellipse
CaughtMutant	crates/geometry/src/convert/recognize_curve.rs	crates/geometry/src/convert/recognize_curve.rs:500:34: replace + with - in try_recognize_ellipse
CaughtMutant	crates/geometry/src/convert/recognize_curve.rs	crates/geometry/src/convert/recognize_curve.rs:499:38: replace * with / in try_recognize_ellipse
CaughtMutant	crates/geometry/src/convert/recognize_curve.rs	crates/geometry/src/convert/recognize_curve.rs:500:34: replace + with * in try_recognize_ellipse
CaughtMutant	crates/geometry/src/convert/recognize_curve.rs	crates/geometry/src/convert/recognize_curve.rs:500:22: replace * with + in try_recognize_ellipse
CaughtMutant	crates/geometry/src/convert/recognize_curve.rs	crates/geometry/src/convert/recognize_curve.rs:500:22: replace * with / in try_recognize_ellipse
CaughtMutant	crates/geometry/src/convert/recognize_curve.rs	crates/geometry/src/convert/recognize_curve.rs:500:39: replace * with / in try_recognize_ellipse
CaughtMutant	crates/geometry/src/convert/recognize_curve.rs	crates/geometry/src/convert/recognize_curve.rs:500:18: delete - in try_recognize_ellipse
CaughtMutant	crates/geometry/src/convert/recognize_curve.rs	crates/geometry/src/convert/recognize_curve.rs:500:39: replace * with + in try_recognize_ellipse
CaughtMutant	crates/geometry/src/convert/recognize_curve.rs	crates/geometry/src/convert/recognize_curve.rs:501:62: replace - with + in try_recognize_ellipse
CaughtMutant	crates/geometry/src/convert/recognize_curve.rs	crates/geometry/src/convert/recognize_curve.rs:501:62: replace - with / in try_recognize_ellipse
CaughtMutant	crates/geometry/src/convert/recognize_curve.rs	crates/geometry/src/convert/recognize_curve.rs:501:25: replace / with % in try_recognize_ellipse
CaughtMutant	crates/geometry/src/convert/recognize_curve.rs	crates/geometry/src/convert/recognize_curve.rs:501:25: replace / with * in try_recognize_ellipse
CaughtMutant	crates/geometry/src/convert/recognize_curve.rs	crates/geometry/src/convert/recognize_curve.rs:501:48: replace / with % in try_recognize_ellipse
Unviable	crates/geometry/src/convert/recognize_curve.rs	crates/geometry/src/convert/recognize_curve.rs:510:50: replace + with * in try_recognize_ellipse
CaughtMutant	crates/geometry/src/convert/recognize_curve.rs	crates/geometry/src/convert/recognize_curve.rs:501:48: replace / with * in try_recognize_ellipse
CaughtMutant	crates/geometry/src/convert/recognize_curve.rs	crates/geometry/src/convert/recognize_curve.rs:502:24: replace > with == in try_recognize_ellipse
Unviable	crates/geometry/src/convert/recognize_curve.rs	crates/geometry/src/convert/recognize_curve.rs:510:21: replace + with * in try_recognize_ellipse
Unviable	crates/geometry/src/convert/recognize_curve.rs	crates/geometry/src/convert/recognize_curve.rs:510:30: replace * with / in try_recognize_ellipse
Unviable	crates/geometry/src/convert/recognize_curve.rs	crates/geometry/src/convert/recognize_curve.rs:510:30: replace * with + in try_recognize_ellipse
CaughtMutant	crates/geometry/src/convert/recognize_curve.rs	crates/geometry/src/convert/recognize_curve.rs:502:24: replace > with < in try_recognize_ellipse
CaughtMutant	crates/geometry/src/convert/recognize_curve.rs	crates/geometry/src/convert/recognize_curve.rs:510:50: replace + with - in try_recognize_ellipse
Unviable	crates/geometry/src/convert/recognize_curve.rs	crates/geometry/src/convert/recognize_curve.rs:510:59: replace * with + in try_recognize_ellipse
Unviable	crates/geometry/src/convert/recognize_curve.rs	crates/geometry/src/convert/recognize_curve.rs:510:59: replace * with / in try_recognize_ellipse
CaughtMutant	crates/geometry/src/convert/recognize_curve.rs	crates/geometry/src/convert/recognize_curve.rs:510:21: replace + with - in try_recognize_ellipse
Unviable	crates/geometry/src/convert/recognize_curve.rs	crates/geometry/src/convert/recognize_curve.rs:511:41: replace + with * in try_recognize_ellipse
CaughtMutant	crates/geometry/src/convert/recognize_curve.rs	crates/geometry/src/convert/recognize_curve.rs:510:39: replace + with - in try_recognize_ellipse
CaughtMutant	crates/geometry/src/convert/recognize_curve.rs	crates/geometry/src/convert/recognize_curve.rs:510:39: replace + with * in try_recognize_ellipse
Unviable	crates/geometry/src/convert/recognize_curve.rs	crates/geometry/src/convert/recognize_curve.rs:511:29: replace * with + in try_recognize_ellipse
Unviable	crates/geometry/src/convert/recognize_curve.rs	crates/geometry/src/convert/recognize_curve.rs:511:29: replace * with / in try_recognize_ellipse
Unviable	crates/geometry/src/convert/recognize_curve.rs	crates/geometry/src/convert/recognize_curve.rs:511:50: replace * with + in try_recognize_ellipse
CaughtMutant	crates/geometry/src/convert/recognize_curve.rs	crates/geometry/src/convert/recognize_curve.rs:510:68: replace + with - in try_recognize_ellipse
Unviable	crates/geometry/src/convert/recognize_curve.rs	crates/geometry/src/convert/recognize_curve.rs:511:50: replace * with / in try_recognize_ellipse
Unviable	crates/geometry/src/convert/recognize_curve.rs	crates/geometry/src/convert/recognize_curve.rs:531:5: replace try_recognize_hyperbola -> Option<(Point3, Vec3, Vec3, f64, f64)> with Some((Default::default(), Default::default(), Default::default(), 0.0, 0.0))
Unviable	crates/geometry/src/convert/recognize_curve.rs	crates/geometry/src/convert/recognize_curve.rs:531:5: replace try_recognize_hyperbola -> Option<(Point3, Vec3, Vec3, f64, f64)> with Some((Default::default(), Default::default(), Default::default(), 0.0, -1.0))
MissedMutant	crates/geometry/src/convert/recognize_curve.rs	crates/geometry/src/convert/recognize_curve.rs:502:24: replace > with >= in try_recognize_ellipse
Unviable	crates/geometry/src/convert/recognize_curve.rs	crates/geometry/src/convert/recognize_curve.rs:531:5: replace try_recognize_hyperbola -> Option<(Point3, Vec3, Vec3, f64, f64)> with Some((Default::default(), Default::default(), Default::default(), 0.0, 1.0))
CaughtMutant	crates/geometry/src/convert/recognize_curve.rs	crates/geometry/src/convert/recognize_curve.rs:511:41: replace + with - in try_recognize_ellipse
Unviable	crates/geometry/src/convert/recognize_curve.rs	crates/geometry/src/convert/recognize_curve.rs:531:5: replace try_recognize_hyperbola -> Option<(Point3, Vec3, Vec3, f64, f64)> with Some((Default::default(), Default::default(), Default::default(), 1.0, 0.0))
CaughtMutant	crates/geometry/src/convert/recognize_curve.rs	crates/geometry/src/convert/recognize_curve.rs:510:68: replace + with * in try_recognize_ellipse
CaughtMutant	crates/geometry/src/convert/recognize_curve.rs	crates/geometry/src/convert/recognize_curve.rs:531:5: replace try_recognize_hyperbola -> Option<(Point3, Vec3, Vec3, f64, f64)> with None
Unviable	crates/geometry/src/convert/recognize_curve.rs	crates/geometry/src/convert/recognize_curve.rs:531:5: replace try_recognize_hyperbola -> Option<(Point3, Vec3, Vec3, f64, f64)> with Some((Default::default(), Default::default(), Default::default(), 1.0, 1.0))
Unviable	crates/geometry/src/convert/recognize_curve.rs	crates/geometry/src/convert/recognize_curve.rs:531:5: replace try_recognize_hyperbola -> Option<(Point3, Vec3, Vec3, f64, f64)> with Some((Default::default(), Default::default(), Default::default(), 1.0, -1.0))
Unviable	crates/geometry/src/convert/recognize_curve.rs	crates/geometry/src/convert/recognize_curve.rs:531:5: replace try_recognize_hyperbola -> Option<(Point3, Vec3, Vec3, f64, f64)> with Some((Default::default(), Default::default(), Default::default(), -1.0, 0.0))
Unviable	crates/geometry/src/convert/recognize_curve.rs	crates/geometry/src/convert/recognize_curve.rs:531:5: replace try_recognize_hyperbola -> Option<(Point3, Vec3, Vec3, f64, f64)> with Some((Default::default(), Default::default(), Default::default(), -1.0, 1.0))
Unviable	crates/geometry/src/convert/recognize_curve.rs	crates/geometry/src/convert/recognize_curve.rs:531:5: replace try_recognize_hyperbola -> Option<(Point3, Vec3, Vec3, f64, f64)> with Some((Default::default(), Default::default(), Default::default(), -1.0, -1.0))
Unviable	crates/geometry/src/convert/recognize_curve.rs	crates/geometry/src/convert/recognize_curve.rs:539:29: replace - with + in try_recognize_hyperbola
Unviable	crates/geometry/src/convert/recognize_curve.rs	crates/geometry/src/convert/recognize_curve.rs:541:26: replace - with + in try_recognize_hyperbola
Unviable	crates/geometry/src/convert/recognize_curve.rs	crates/geometry/src/convert/recognize_curve.rs:539:29: replace - with / in try_recognize_hyperbola
CaughtMutant	crates/geometry/src/convert/recognize_curve.rs	crates/geometry/src/convert/recognize_curve.rs:531:22: replace < with == in try_recognize_hyperbola
CaughtMutant	crates/geometry/src/convert/recognize_curve.rs	crates/geometry/src/convert/recognize_curve.rs:531:22: replace < with > in try_recognize_hyperbola
Unviable	crates/geometry/src/convert/recognize_curve.rs	crates/geometry/src/convert/recognize_curve.rs:541:26: replace - with / in try_recognize_hyperbola
CaughtMutant	crates/geometry/src/convert/recognize_curve.rs	crates/geometry/src/convert/recognize_curve.rs:531:22: replace < with <= in try_recognize_hyperbola
Unviable	crates/geometry/src/convert/recognize_curve.rs	crates/geometry/src/convert/recognize_curve.rs:544:17: replace && with || in try_recognize_hyperbola
CaughtMutant	crates/geometry/src/convert/recognize_curve.rs	crates/geometry/src/convert/recognize_curve.rs:543:27: replace > with == in try_recognize_hyperbola
CaughtMutant	crates/geometry/src/convert/recognize_curve.rs	crates/geometry/src/convert/recognize_curve.rs:543:27: replace > with < in try_recognize_hyperbola
CaughtMutant	crates/geometry/src/convert/recognize_curve.rs	crates/geometry/src/convert/recognize_curve.rs:555:23: replace > with == in try_recognize_hyperbola
CaughtMutant	crates/geometry/src/convert/recognize_curve.rs	crates/geometry/src/convert/recognize_curve.rs:554:61: replace - with + in try_recognize_hyperbola
Unviable	crates/geometry/src/convert/recognize_curve.rs	crates/geometry/src/convert/recognize_curve.rs:561:30: replace - with + in try_recognize_hyperbola
CaughtMutant	crates/geometry/src/convert/recognize_curve.rs	crates/geometry/src/convert/recognize_curve.rs:554:61: replace - with / in try_recognize_hyperbola
Unviable	crates/geometry/src/convert/recognize_curve.rs	crates/geometry/src/convert/recognize_curve.rs:561:30: replace - with / in try_recognize_hyperbola
Unviable	crates/geometry/src/convert/recognize_curve.rs	crates/geometry/src/convert/recognize_curve.rs:566:25: replace - with + in try_recognize_hyperbola
Unviable	crates/geometry/src/convert/recognize_curve.rs	crates/geometry/src/convert/recognize_curve.rs:566:25: replace - with / in try_recognize_hyperbola
CaughtMutant	crates/geometry/src/convert/recognize_curve.rs	crates/geometry/src/convert/recognize_curve.rs:555:23: replace > with < in try_recognize_hyperbola
CaughtMutant	crates/geometry/src/convert/recognize_curve.rs	crates/geometry/src/convert/recognize_curve.rs:572:62: replace / with % in try_recognize_hyperbola
CaughtMutant	crates/geometry/src/convert/recognize_curve.rs	crates/geometry/src/convert/recognize_curve.rs:572:62: replace / with * in try_recognize_hyperbola
CaughtMutant	crates/geometry/src/convert/recognize_curve.rs	crates/geometry/src/convert/recognize_curve.rs:573:62: replace / with % in try_recognize_hyperbola
CaughtMutant	crates/geometry/src/convert/recognize_curve.rs	crates/geometry/src/convert/recognize_curve.rs:573:62: replace / with * in try_recognize_hyperbola
MissedMutant	crates/geometry/src/convert/recognize_curve.rs	crates/geometry/src/convert/recognize_curve.rs:540:41: replace + with - in try_recognize_hyperbola
CaughtMutant	crates/geometry/src/convert/recognize_curve.rs	crates/geometry/src/convert/recognize_curve.rs:576:27: replace - with + in try_recognize_hyperbola
MissedMutant	crates/geometry/src/convert/recognize_curve.rs	crates/geometry/src/convert/recognize_curve.rs:540:41: replace + with * in try_recognize_hyperbola
CaughtMutant	crates/geometry/src/convert/recognize_curve.rs	crates/geometry/src/convert/recognize_curve.rs:576:27: replace - with / in try_recognize_hyperbola
MissedMutant	crates/geometry/src/convert/recognize_curve.rs	crates/geometry/src/convert/recognize_curve.rs:543:27: replace > with >= in try_recognize_hyperbola
CaughtMutant	crates/geometry/src/convert/recognize_curve.rs	crates/geometry/src/convert/recognize_curve.rs:576:40: replace - with + in try_recognize_hyperbola
CaughtMutant	crates/geometry/src/convert/recognize_curve.rs	crates/geometry/src/convert/recognize_curve.rs:576:40: replace - with / in try_recognize_hyperbola
CaughtMutant	crates/geometry/src/convert/recognize_curve.rs	crates/geometry/src/convert/recognize_curve.rs:583:22: replace * with + in try_recognize_hyperbola
CaughtMutant	crates/geometry/src/convert/recognize_curve.rs	crates/geometry/src/convert/recognize_curve.rs:583:22: replace * with / in try_recognize_hyperbola
MissedMutant	crates/geometry/src/convert/recognize_curve.rs	crates/geometry/src/convert/recognize_curve.rs:555:23: replace > with >= in try_recognize_hyperbola
CaughtMutant	crates/geometry/src/convert/recognize_curve.rs	crates/geometry/src/convert/recognize_curve.rs:583:29: replace * with + in try_recognize_hyperbola
CaughtMutant	crates/geometry/src/convert/recognize_curve.rs	crates/geometry/src/convert/recognize_curve.rs:583:29: replace * with / in try_recognize_hyperbola
CaughtMutant	crates/geometry/src/convert/recognize_curve.rs	crates/geometry/src/convert/recognize_curve.rs:583:36: replace * with + in try_recognize_hyperbola
CaughtMutant	crates/geometry/src/convert/recognize_curve.rs	crates/geometry/src/convert/recognize_curve.rs:583:36: replace * with / in try_recognize_hyperbola
CaughtMutant	crates/geometry/src/convert/recognize_curve.rs	crates/geometry/src/convert/recognize_curve.rs:586:27: replace += with -= in try_recognize_hyperbola
CaughtMutant	crates/geometry/src/convert/recognize_curve.rs	crates/geometry/src/convert/recognize_curve.rs:586:27: replace += with *= in try_recognize_hyperbola
CaughtMutant	crates/geometry/src/convert/recognize_curve.rs	crates/geometry/src/convert/recognize_curve.rs:586:37: replace * with + in try_recognize_hyperbola
CaughtMutant	crates/geometry/src/convert/recognize_curve.rs	crates/geometry/src/convert/recognize_curve.rs:588:20: replace += with -= in try_recognize_hyperbola
CaughtMutant	crates/geometry/src/convert/recognize_curve.rs	crates/geometry/src/convert/recognize_curve.rs:586:37: replace * with / in try_recognize_hyperbola
CaughtMutant	crates/geometry/src/convert/recognize_curve.rs	crates/geometry/src/convert/recognize_curve.rs:588:20: replace += with *= in try_recognize_hyperbola
CaughtMutant	crates/geometry/src/convert/recognize_curve.rs	crates/geometry/src/convert/recognize_curve.rs:599:13: replace <= with > in try_recognize_hyperbola
CaughtMutant	crates/geometry/src/convert/recognize_curve.rs	crates/geometry/src/convert/recognize_curve.rs:604:33: replace - with + in try_recognize_hyperbola
CaughtMutant	crates/geometry/src/convert/recognize_curve.rs	crates/geometry/src/convert/recognize_curve.rs:604:27: replace * with + in try_recognize_hyperbola
CaughtMutant	crates/geometry/src/convert/recognize_curve.rs	crates/geometry/src/convert/recognize_curve.rs:604:33: replace - with / in try_recognize_hyperbola
CaughtMutant	crates/geometry/src/convert/recognize_curve.rs	crates/geometry/src/convert/recognize_curve.rs:604:27: replace * with / in try_recognize_hyperbola
CaughtMutant	crates/geometry/src/convert/recognize_curve.rs	crates/geometry/src/convert/recognize_curve.rs:604:21: replace * with + in try_recognize_hyperbola
CaughtMutant	crates/geometry/src/convert/recognize_curve.rs	crates/geometry/src/convert/recognize_curve.rs:604:21: replace * with / in try_recognize_hyperbola
CaughtMutant	crates/geometry/src/convert/recognize_curve.rs	crates/geometry/src/convert/recognize_curve.rs:604:39: replace * with / in try_recognize_hyperbola
CaughtMutant	crates/geometry/src/convert/recognize_curve.rs	crates/geometry/src/convert/recognize_curve.rs:604:39: replace * with + in try_recognize_hyperbola
CaughtMutant	crates/geometry/src/convert/recognize_curve.rs	crates/geometry/src/convert/recognize_curve.rs:605:20: replace < with > in try_recognize_hyperbola
CaughtMutant	crates/geometry/src/convert/recognize_curve.rs	crates/geometry/src/convert/recognize_curve.rs:608:48: replace / with * in try_recognize_hyperbola
CaughtMutant	crates/geometry/src/convert/recognize_curve.rs	crates/geometry/src/convert/recognize_curve.rs:608:48: replace / with % in try_recognize_hyperbola
CaughtMutant	crates/geometry/src/convert/recognize_curve.rs	crates/geometry/src/convert/recognize_curve.rs:608:35: replace + with - in try_recognize_hyperbola
CaughtMutant	crates/geometry/src/convert/recognize_curve.rs	crates/geometry/src/convert/recognize_curve.rs:608:35: replace + with * in try_recognize_hyperbola
CaughtMutant	crates/geometry/src/convert/recognize_curve.rs	crates/geometry/src/convert/recognize_curve.rs:608:29: replace * with + in try_recognize_hyperbola
CaughtMutant	crates/geometry/src/convert/recognize_curve.rs	crates/geometry/src/convert/recognize_curve.rs:608:29: replace * with / in try_recognize_hyperbola
CaughtMutant	crates/geometry/src/convert/recognize_curve.rs	crates/geometry/src/convert/recognize_curve.rs:608:23: replace * with + in try_recognize_hyperbola
CaughtMutant	crates/geometry/src/convert/recognize_curve.rs	crates/geometry/src/convert/recognize_curve.rs:608:23: replace * with / in try_recognize_hyperbola
CaughtMutant	crates/geometry/src/convert/recognize_curve.rs	crates/geometry/src/convert/recognize_curve.rs:608:18: delete - in try_recognize_hyperbola
CaughtMutant	crates/geometry/src/convert/recognize_curve.rs	crates/geometry/src/convert/recognize_curve.rs:608:41: replace * with + in try_recognize_hyperbola
CaughtMutant	crates/geometry/src/convert/recognize_curve.rs	crates/geometry/src/convert/recognize_curve.rs:608:41: replace * with / in try_recognize_hyperbola
MissedMutant	crates/geometry/src/convert/recognize_curve.rs	crates/geometry/src/convert/recognize_curve.rs:605:20: replace < with == in try_recognize_hyperbola
CaughtMutant	crates/geometry/src/convert/recognize_curve.rs	crates/geometry/src/convert/recognize_curve.rs:609:47: replace / with % in try_recognize_hyperbola
CaughtMutant	crates/geometry/src/convert/recognize_curve.rs	crates/geometry/src/convert/recognize_curve.rs:609:47: replace / with * in try_recognize_hyperbola
CaughtMutant	crates/geometry/src/convert/recognize_curve.rs	crates/geometry/src/convert/recognize_curve.rs:609:28: replace - with + in try_recognize_hyperbola
CaughtMutant	crates/geometry/src/convert/recognize_curve.rs	crates/geometry/src/convert/recognize_curve.rs:609:28: replace - with / in try_recognize_hyperbola
MissedMutant	crates/geometry/src/convert/recognize_curve.rs	crates/geometry/src/convert/recognize_curve.rs:605:20: replace < with <= in try_recognize_hyperbola
CaughtMutant	crates/geometry/src/convert/recognize_curve.rs	crates/geometry/src/convert/recognize_curve.rs:609:22: replace * with + in try_recognize_hyperbola
CaughtMutant	crates/geometry/src/convert/recognize_curve.rs	crates/geometry/src/convert/recognize_curve.rs:609:22: replace * with / in try_recognize_hyperbola
CaughtMutant	crates/geometry/src/convert/recognize_curve.rs	crates/geometry/src/convert/recognize_curve.rs:609:40: replace * with / in try_recognize_hyperbola
CaughtMutant	crates/geometry/src/convert/recognize_curve.rs	crates/geometry/src/convert/recognize_curve.rs:609:40: replace * with + in try_recognize_hyperbola
CaughtMutant	crates/geometry/src/convert/recognize_curve.rs	crates/geometry/src/convert/recognize_curve.rs:609:34: replace * with / in try_recognize_hyperbola
CaughtMutant	crates/geometry/src/convert/recognize_curve.rs	crates/geometry/src/convert/recognize_curve.rs:609:34: replace * with + in try_recognize_hyperbola
CaughtMutant	crates/geometry/src/convert/recognize_curve.rs	crates/geometry/src/convert/recognize_curve.rs:613:9: replace - with + in try_recognize_hyperbola
CaughtMutant	crates/geometry/src/convert/recognize_curve.rs	crates/geometry/src/convert/recognize_curve.rs:617:13: replace + with * in try_recognize_hyperbola
CaughtMutant	crates/geometry/src/convert/recognize_curve.rs	crates/geometry/src/convert/recognize_curve.rs:617:13: replace + with - in try_recognize_hyperbola
CaughtMutant	crates/geometry/src/convert/recognize_curve.rs	crates/geometry/src/convert/recognize_curve.rs:616:13: replace + with - in try_recognize_hyperbola
CaughtMutant	crates/geometry/src/convert/recognize_curve.rs	crates/geometry/src/convert/recognize_curve.rs:613:9: replace - with / in try_recognize_hyperbola
CaughtMutant	crates/geometry/src/convert/recognize_curve.rs	crates/geometry/src/convert/recognize_curve.rs:616:13: replace + with * in try_recognize_hyperbola
CaughtMutant	crates/geometry/src/convert/recognize_curve.rs	crates/geometry/src/convert/recognize_curve.rs:615:13: replace + with * in try_recognize_hyperbola
CaughtMutant	crates/geometry/src/convert/recognize_curve.rs	crates/geometry/src/convert/recognize_curve.rs:615:13: replace + with - in try_recognize_hyperbola
CaughtMutant	crates/geometry/src/convert/recognize_curve.rs	crates/geometry/src/convert/recognize_curve.rs:614:13: replace + with - in try_recognize_hyperbola
CaughtMutant	crates/geometry/src/convert/recognize_curve.rs	crates/geometry/src/convert/recognize_curve.rs:614:13: replace + with * in try_recognize_hyperbola
CaughtMutant	crates/geometry/src/convert/recognize_curve.rs	crates/geometry/src/convert/recognize_curve.rs:613:24: replace * with / in try_recognize_hyperbola
CaughtMutant	crates/geometry/src/convert/recognize_curve.rs	crates/geometry/src/convert/recognize_curve.rs:613:24: replace * with + in try_recognize_hyperbola
CaughtMutant	crates/geometry/src/convert/recognize_curve.rs	crates/geometry/src/convert/recognize_curve.rs:613:16: replace * with + in try_recognize_hyperbola
CaughtMutant	crates/geometry/src/convert/recognize_curve.rs	crates/geometry/src/convert/recognize_curve.rs:613:16: replace * with / in try_recognize_hyperbola
CaughtMutant	crates/geometry/src/convert/recognize_curve.rs	crates/geometry/src/convert/recognize_curve.rs:614:27: replace * with + in try_recognize_hyperbola
CaughtMutant	crates/geometry/src/convert/recognize_curve.rs	crates/geometry/src/convert/recognize_curve.rs:614:19: replace * with + in try_recognize_hyperbola
CaughtMutant	crates/geometry/src/convert/recognize_curve.rs	crates/geometry/src/convert/recognize_curve.rs:614:27: replace * with / in try_recognize_hyperbola
CaughtMutant	crates/geometry/src/convert/recognize_curve.rs	crates/geometry/src/convert/recognize_curve.rs:614:19: replace * with / in try_recognize_hyperbola
CaughtMutant	crates/geometry/src/convert/recognize_curve.rs	crates/geometry/src/convert/recognize_curve.rs:615:27: replace * with + in try_recognize_hyperbola
CaughtMutant	crates/geometry/src/convert/recognize_curve.rs	crates/geometry/src/convert/recognize_curve.rs:615:27: replace * with / in try_recognize_hyperbola
CaughtMutant	crates/geometry/src/convert/recognize_curve.rs	crates/geometry/src/convert/recognize_curve.rs:615:19: replace * with + in try_recognize_hyperbola
CaughtMutant	crates/geometry/src/convert/recognize_curve.rs	crates/geometry/src/convert/recognize_curve.rs:615:19: replace * with / in try_recognize_hyperbola
CaughtMutant	crates/geometry/src/convert/recognize_curve.rs	crates/geometry/src/convert/recognize_curve.rs:616:19: replace * with + in try_recognize_hyperbola
CaughtMutant	crates/geometry/src/convert/recognize_curve.rs	crates/geometry/src/convert/recognize_curve.rs:616:19: replace * with / in try_recognize_hyperbola
CaughtMutant	crates/geometry/src/convert/recognize_curve.rs	crates/geometry/src/convert/recognize_curve.rs:617:19: replace * with / in try_recognize_hyperbola
CaughtMutant	crates/geometry/src/convert/recognize_curve.rs	crates/geometry/src/convert/recognize_curve.rs:617:19: replace * with + in try_recognize_hyperbola
CaughtMutant	crates/geometry/src/convert/recognize_curve.rs	crates/geometry/src/convert/recognize_curve.rs:618:16: replace < with > in try_recognize_hyperbola
CaughtMutant	crates/geometry/src/convert/recognize_curve.rs	crates/geometry/src/convert/recognize_curve.rs:626:18: replace / with % in try_recognize_hyperbola
CaughtMutant	crates/geometry/src/convert/recognize_curve.rs	crates/geometry/src/convert/recognize_curve.rs:626:18: replace / with * in try_recognize_hyperbola
CaughtMutant	crates/geometry/src/convert/recognize_curve.rs	crates/geometry/src/convert/recognize_curve.rs:627:18: replace / with % in try_recognize_hyperbola
CaughtMutant	crates/geometry/src/convert/recognize_curve.rs	crates/geometry/src/convert/recognize_curve.rs:627:18: replace / with * in try_recognize_hyperbola
CaughtMutant	crates/geometry/src/convert/recognize_curve.rs	crates/geometry/src/convert/recognize_curve.rs:628:18: replace / with % in try_recognize_hyperbola
CaughtMutant	crates/geometry/src/convert/recognize_curve.rs	crates/geometry/src/convert/recognize_curve.rs:628:18: replace / with * in try_recognize_hyperbola
CaughtMutant	crates/geometry/src/convert/recognize_curve.rs	crates/geometry/src/convert/recognize_curve.rs:629:26: replace * with + in try_recognize_hyperbola
CaughtMutant	crates/geometry/src/convert/recognize_curve.rs	crates/geometry/src/convert/recognize_curve.rs:629:26: replace * with / in try_recognize_hyperbola
CaughtMutant	crates/geometry/src/convert/recognize_curve.rs	crates/geometry/src/convert/recognize_curve.rs:629:32: replace + with - in try_recognize_hyperbola
CaughtMutant	crates/geometry/src/convert/recognize_curve.rs	crates/geometry/src/convert/recognize_curve.rs:629:32: replace + with * in try_recognize_hyperbola
CaughtMutant	crates/geometry/src/convert/recognize_curve.rs	crates/geometry/src/convert/recognize_curve.rs:630:25: replace * with + in try_recognize_hyperbola
MissedMutant	crates/geometry/src/convert/recognize_curve.rs	crates/geometry/src/convert/recognize_curve.rs:618:16: replace < with == in try_recognize_hyperbola
CaughtMutant	crates/geometry/src/convert/recognize_curve.rs	crates/geometry/src/convert/recognize_curve.rs:630:25: replace * with / in try_recognize_hyperbola
CaughtMutant	crates/geometry/src/convert/recognize_curve.rs	crates/geometry/src/convert/recognize_curve.rs:630:31: replace - with + in try_recognize_hyperbola
CaughtMutant	crates/geometry/src/convert/recognize_curve.rs	crates/geometry/src/convert/recognize_curve.rs:630:31: replace - with / in try_recognize_hyperbola
CaughtMutant	crates/geometry/src/convert/recognize_curve.rs	crates/geometry/src/convert/recognize_curve.rs:631:39: replace * with + in try_recognize_hyperbola
MissedMutant	crates/geometry/src/convert/recognize_curve.rs	crates/geometry/src/convert/recognize_curve.rs:618:16: replace < with <= in try_recognize_hyperbola
CaughtMutant	crates/geometry/src/convert/recognize_curve.rs	crates/geometry/src/convert/recognize_curve.rs:631:39: replace * with / in try_recognize_hyperbola
CaughtMutant	crates/geometry/src/convert/recognize_curve.rs	crates/geometry/src/convert/recognize_curve.rs:632:33: replace + with - in try_recognize_hyperbola
CaughtMutant	crates/geometry/src/convert/recognize_curve.rs	crates/geometry/src/convert/recognize_curve.rs:632:33: replace + with * in try_recognize_hyperbola
CaughtMutant	crates/geometry/src/convert/recognize_curve.rs	crates/geometry/src/convert/recognize_curve.rs:633:33: replace - with + in try_recognize_hyperbola
CaughtMutant	crates/geometry/src/convert/recognize_curve.rs	crates/geometry/src/convert/recognize_curve.rs:633:33: replace - with / in try_recognize_hyperbola
CaughtMutant	crates/geometry/src/convert/recognize_curve.rs	crates/geometry/src/convert/recognize_curve.rs:634:19: replace <= with > in try_recognize_hyperbola
CaughtMutant	crates/geometry/src/convert/recognize_curve.rs	crates/geometry/src/convert/recognize_curve.rs:634:40: replace >= with < in try_recognize_hyperbola
CaughtMutant	crates/geometry/src/convert/recognize_curve.rs	crates/geometry/src/convert/recognize_curve.rs:640:26: replace / with % in try_recognize_hyperbola
CaughtMutant	crates/geometry/src/convert/recognize_curve.rs	crates/geometry/src/convert/recognize_curve.rs:640:26: replace / with * in try_recognize_hyperbola
CaughtMutant	crates/geometry/src/convert/recognize_curve.rs	crates/geometry/src/convert/recognize_curve.rs:641:26: replace / with % in try_recognize_hyperbola
CaughtMutant	crates/geometry/src/convert/recognize_curve.rs	crates/geometry/src/convert/recognize_curve.rs:641:26: replace / with * in try_recognize_hyperbola
CaughtMutant	crates/geometry/src/convert/recognize_curve.rs	crates/geometry/src/convert/recognize_curve.rs:641:29: delete - in try_recognize_hyperbola
CaughtMutant	crates/geometry/src/convert/recognize_curve.rs	crates/geometry/src/convert/recognize_curve.rs:647:40: replace - with + in try_recognize_hyperbola
CaughtMutant	crates/geometry/src/convert/recognize_curve.rs	crates/geometry/src/convert/recognize_curve.rs:647:26: replace * with + in try_recognize_hyperbola
CaughtMutant	crates/geometry/src/convert/recognize_curve.rs	crates/geometry/src/convert/recognize_curve.rs:647:26: replace * with / in try_recognize_hyperbola
CaughtMutant	crates/geometry/src/convert/recognize_curve.rs	crates/geometry/src/convert/recognize_curve.rs:647:40: replace - with / in try_recognize_hyperbola
MissedMutant	crates/geometry/src/convert/recognize_curve.rs	crates/geometry/src/convert/recognize_curve.rs:634:26: replace || with && in try_recognize_hyperbola
CaughtMutant	crates/geometry/src/convert/recognize_curve.rs	crates/geometry/src/convert/recognize_curve.rs:653:20: replace - with + in try_recognize_hyperbola
CaughtMutant	crates/geometry/src/convert/recognize_curve.rs	crates/geometry/src/convert/recognize_curve.rs:653:20: replace - with / in try_recognize_hyperbola
CaughtMutant	crates/geometry/src/convert/recognize_curve.rs	crates/geometry/src/convert/recognize_curve.rs:654:20: replace - with + in try_recognize_hyperbola
CaughtMutant	crates/geometry/src/convert/recognize_curve.rs	crates/geometry/src/convert/recognize_curve.rs:654:20: replace - with / in try_recognize_hyperbola
CaughtMutant	crates/geometry/src/convert/recognize_curve.rs	crates/geometry/src/convert/recognize_curve.rs:655:33: replace + with * in try_recognize_hyperbola
CaughtMutant	crates/geometry/src/convert/recognize_curve.rs	crates/geometry/src/convert/recognize_curve.rs:655:33: replace + with - in try_recognize_hyperbola
CaughtMutant	crates/geometry/src/convert/recognize_curve.rs	crates/geometry/src/convert/recognize_curve.rs:655:21: replace * with + in try_recognize_hyperbola
CaughtMutant	crates/geometry/src/convert/recognize_curve.rs	crates/geometry/src/convert/recognize_curve.rs:655:21: replace * with / in try_recognize_hyperbola
CaughtMutant	crates/geometry/src/convert/recognize_curve.rs	crates/geometry/src/convert/recognize_curve.rs:655:38: replace * with + in try_recognize_hyperbola
CaughtMutant	crates/geometry/src/convert/recognize_curve.rs	crates/geometry/src/convert/recognize_curve.rs:656:34: replace + with - in try_recognize_hyperbola
CaughtMutant	crates/geometry/src/convert/recognize_curve.rs	crates/geometry/src/convert/recognize_curve.rs:655:38: replace * with / in try_recognize_hyperbola
CaughtMutant	crates/geometry/src/convert/recognize_curve.rs	crates/geometry/src/convert/recognize_curve.rs:656:34: replace + with * in try_recognize_hyperbola
CaughtMutant	crates/geometry/src/convert/recognize_curve.rs	crates/geometry/src/convert/recognize_curve.rs:656:22: replace * with / in try_recognize_hyperbola
CaughtMutant	crates/geometry/src/convert/recognize_curve.rs	crates/geometry/src/convert/recognize_curve.rs:656:18: delete - in try_recognize_hyperbola
CaughtMutant	crates/geometry/src/convert/recognize_curve.rs	crates/geometry/src/convert/recognize_curve.rs:656:39: replace * with + in try_recognize_hyperbola
CaughtMutant	crates/geometry/src/convert/recognize_curve.rs	crates/geometry/src/convert/recognize_curve.rs:656:22: replace * with + in try_recognize_hyperbola
CaughtMutant	crates/geometry/src/convert/recognize_curve.rs	crates/geometry/src/convert/recognize_curve.rs:656:39: replace * with / in try_recognize_hyperbola
CaughtMutant	crates/geometry/src/convert/recognize_curve.rs	crates/geometry/src/convert/recognize_curve.rs:657:45: replace - with + in try_recognize_hyperbola
CaughtMutant	crates/geometry/src/convert/recognize_curve.rs	crates/geometry/src/convert/recognize_curve.rs:657:45: replace - with / in try_recognize_hyperbola
CaughtMutant	crates/geometry/src/convert/recognize_curve.rs	crates/geometry/src/convert/recognize_curve.rs:657:23: replace / with % in try_recognize_hyperbola
CaughtMutant	crates/geometry/src/convert/recognize_curve.rs	crates/geometry/src/convert/recognize_curve.rs:657:23: replace / with * in try_recognize_hyperbola
CaughtMutant	crates/geometry/src/convert/recognize_curve.rs	crates/geometry/src/convert/recognize_curve.rs:657:51: replace / with % in try_recognize_hyperbola
CaughtMutant	crates/geometry/src/convert/recognize_curve.rs	crates/geometry/src/convert/recognize_curve.rs:657:51: replace / with * in try_recognize_hyperbola
CaughtMutant	crates/geometry/src/convert/recognize_curve.rs	crates/geometry/src/convert/recognize_curve.rs:658:30: replace > with == in try_recognize_hyperbola
Unviable	crates/geometry/src/convert/recognize_curve.rs	crates/geometry/src/convert/recognize_curve.rs:663:50: replace + with * in try_recognize_hyperbola
CaughtMutant	crates/geometry/src/convert/recognize_curve.rs	crates/geometry/src/convert/recognize_curve.rs:658:30: replace > with < in try_recognize_hyperbola
Unviable	crates/geometry/src/convert/recognize_curve.rs	crates/geometry/src/convert/recognize_curve.rs:663:21: replace + with * in try_recognize_hyperbola
CaughtMutant	crates/geometry/src/convert/recognize_curve.rs	crates/geometry/src/convert/recognize_curve.rs:658:17: replace - with + in try_recognize_hyperbola
Unviable	crates/geometry/src/convert/recognize_curve.rs	crates/geometry/src/convert/recognize_curve.rs:663:30: replace * with + in try_recognize_hyperbola
Unviable	crates/geometry/src/convert/recognize_curve.rs	crates/geometry/src/convert/recognize_curve.rs:663:30: replace * with / in try_recognize_hyperbola
CaughtMutant	crates/geometry/src/convert/recognize_curve.rs	crates/geometry/src/convert/recognize_curve.rs:658:17: replace - with / in try_recognize_hyperbola
Unviable	crates/geometry/src/convert/recognize_curve.rs	crates/geometry/src/convert/recognize_curve.rs:663:59: replace * with + in try_recognize_hyperbola
CaughtMutant	crates/geometry/src/convert/recognize_curve.rs	crates/geometry/src/convert/recognize_curve.rs:663:50: replace + with - in try_recognize_hyperbola
Unviable	crates/geometry/src/convert/recognize_curve.rs	crates/geometry/src/convert/recognize_curve.rs:663:59: replace * with / in try_recognize_hyperbola
CaughtMutant	crates/geometry/src/convert/recognize_curve.rs	crates/geometry/src/convert/recognize_curve.rs:663:21: replace + with - in try_recognize_hyperbola
Unviable	crates/geometry/src/convert/recognize_curve.rs	crates/geometry/src/convert/recognize_curve.rs:664:41: replace + with * in try_recognize_hyperbola
CaughtMutant	crates/geometry/src/convert/recognize_curve.rs	crates/geometry/src/convert/recognize_curve.rs:663:39: replace + with - in try_recognize_hyperbola
Unviable	crates/geometry/src/convert/recognize_curve.rs	crates/geometry/src/convert/recognize_curve.rs:664:29: replace * with + in try_recognize_hyperbola
Unviable	crates/geometry/src/convert/recognize_curve.rs	crates/geometry/src/convert/recognize_curve.rs:664:29: replace * with / in try_recognize_hyperbola
CaughtMutant	crates/geometry/src/convert/recognize_curve.rs	crates/geometry/src/convert/recognize_curve.rs:663:39: replace + with * in try_recognize_hyperbola
CaughtMutant	crates/geometry/src/convert/recognize_curve.rs	crates/geometry/src/convert/recognize_curve.rs:663:68: replace + with - in try_recognize_hyperbola
Unviable	crates/geometry/src/convert/recognize_curve.rs	crates/geometry/src/convert/recognize_curve.rs:664:50: replace * with + in try_recognize_hyperbola
Unviable	crates/geometry/src/convert/recognize_curve.rs	crates/geometry/src/convert/recognize_curve.rs:664:50: replace * with / in try_recognize_hyperbola
CaughtMutant	crates/geometry/src/convert/recognize_curve.rs	crates/geometry/src/convert/recognize_curve.rs:663:68: replace + with * in try_recognize_hyperbola
Unviable	crates/geometry/src/convert/recognize_curve.rs	crates/geometry/src/convert/recognize_curve.rs:692:5: replace try_recognize_parabola -> Option<(Point3, Vec3, Vec3, f64)> with Some((Default::default(), Default::default(), Default::default(), 0.0))
Unviable	crates/geometry/src/convert/recognize_curve.rs	crates/geometry/src/convert/recognize_curve.rs:692:5: replace try_recognize_parabola -> Option<(Point3, Vec3, Vec3, f64)> with Some((Default::default(), Default::default(), Default::default(), -1.0))
Unviable	crates/geometry/src/convert/recognize_curve.rs	crates/geometry/src/convert/recognize_curve.rs:692:5: replace try_recognize_parabola -> Option<(Point3, Vec3, Vec3, f64)> with Some((Default::default(), Default::default(), Default::default(), 1.0))
CaughtMutant	crates/geometry/src/convert/recognize_curve.rs	crates/geometry/src/convert/recognize_curve.rs:664:41: replace + with - in try_recognize_hyperbola
MissedMutant	crates/geometry/src/convert/recognize_curve.rs	crates/geometry/src/convert/recognize_curve.rs:658:30: replace > with >= in try_recognize_hyperbola
Unviable	crates/geometry/src/convert/recognize_curve.rs	crates/geometry/src/convert/recognize_curve.rs:700:29: replace - with / in try_recognize_parabola
Unviable	crates/geometry/src/convert/recognize_curve.rs	crates/geometry/src/convert/recognize_curve.rs:700:29: replace - with + in try_recognize_parabola
CaughtMutant	crates/geometry/src/convert/recognize_curve.rs	crates/geometry/src/convert/recognize_curve.rs:692:5: replace try_recognize_parabola -> Option<(Point3, Vec3, Vec3, f64)> with None
CaughtMutant	crates/geometry/src/convert/recognize_curve.rs	crates/geometry/src/convert/recognize_curve.rs:692:22: replace < with == in try_recognize_parabola
CaughtMutant	crates/geometry/src/convert/recognize_curve.rs	crates/geometry/src/convert/recognize_curve.rs:692:22: replace < with > in try_recognize_parabola
Unviable	crates/geometry/src/convert/recognize_curve.rs	crates/geometry/src/convert/recognize_curve.rs:702:26: replace - with / in try_recognize_parabola
Unviable	crates/geometry/src/convert/recognize_curve.rs	crates/geometry/src/convert/recognize_curve.rs:702:26: replace - with + in try_recognize_parabola
Unviable	crates/geometry/src/convert/recognize_curve.rs	crates/geometry/src/convert/recognize_curve.rs:705:17: replace && with || in try_recognize_parabola
CaughtMutant	crates/geometry/src/convert/recognize_curve.rs	crates/geometry/src/convert/recognize_curve.rs:692:22: replace < with <= in try_recognize_parabola
CaughtMutant	crates/geometry/src/convert/recognize_curve.rs	crates/geometry/src/convert/recognize_curve.rs:704:27: replace > with == in try_recognize_parabola
CaughtMutant	crates/geometry/src/convert/recognize_curve.rs	crates/geometry/src/convert/recognize_curve.rs:704:27: replace > with < in try_recognize_parabola
CaughtMutant	crates/geometry/src/convert/recognize_curve.rs	crates/geometry/src/convert/recognize_curve.rs:716:23: replace > with == in try_recognize_parabola
CaughtMutant	crates/geometry/src/convert/recognize_curve.rs	crates/geometry/src/convert/recognize_curve.rs:715:61: replace - with + in try_recognize_parabola
Unviable	crates/geometry/src/convert/recognize_curve.rs	crates/geometry/src/convert/recognize_curve.rs:721:30: replace - with + in try_recognize_parabola
CaughtMutant	crates/geometry/src/convert/recognize_curve.rs	crates/geometry/src/convert/recognize_curve.rs:715:61: replace - with / in try_recognize_parabola
Unviable	crates/geometry/src/convert/recognize_curve.rs	crates/geometry/src/convert/recognize_curve.rs:721:30: replace - with / in try_recognize_parabola
Unviable	crates/geometry/src/convert/recognize_curve.rs	crates/geometry/src/convert/recognize_curve.rs:726:25: replace - with / in try_recognize_parabola
Unviable	crates/geometry/src/convert/recognize_curve.rs	crates/geometry/src/convert/recognize_curve.rs:726:25: replace - with + in try_recognize_parabola
CaughtMutant	crates/geometry/src/convert/recognize_curve.rs	crates/geometry/src/convert/recognize_curve.rs:716:23: replace > with < in try_recognize_parabola
CaughtMutant	crates/geometry/src/convert/recognize_curve.rs	crates/geometry/src/convert/recognize_curve.rs:732:62: replace / with % in try_recognize_parabola
CaughtMutant	crates/geometry/src/convert/recognize_curve.rs	crates/geometry/src/convert/recognize_curve.rs:732:62: replace / with * in try_recognize_parabola
MissedMutant	crates/geometry/src/convert/recognize_curve.rs	crates/geometry/src/convert/recognize_curve.rs:701:41: replace + with - in try_recognize_parabola
MissedMutant	crates/geometry/src/convert/recognize_curve.rs	crates/geometry/src/convert/recognize_curve.rs:701:41: replace + with * in try_recognize_parabola
CaughtMutant	crates/geometry/src/convert/recognize_curve.rs	crates/geometry/src/convert/recognize_curve.rs:733:62: replace / with * in try_recognize_parabola
CaughtMutant	crates/geometry/src/convert/recognize_curve.rs	crates/geometry/src/convert/recognize_curve.rs:736:27: replace - with + in try_recognize_parabola
CaughtMutant	crates/geometry/src/convert/recognize_curve.rs	crates/geometry/src/convert/recognize_curve.rs:736:27: replace - with / in try_recognize_parabola
CaughtMutant	crates/geometry/src/convert/recognize_curve.rs	crates/geometry/src/convert/recognize_curve.rs:736:40: replace - with + in try_recognize_parabola
CaughtMutant	crates/geometry/src/convert/recognize_curve.rs	crates/geometry/src/convert/recognize_curve.rs:736:40: replace - with / in try_recognize_parabola
MissedMutant	crates/geometry/src/convert/recognize_curve.rs	crates/geometry/src/convert/recognize_curve.rs:704:27: replace > with >= in try_recognize_parabola
CaughtMutant	crates/geometry/src/convert/recognize_curve.rs	crates/geometry/src/convert/recognize_curve.rs:743:22: replace * with + in try_recognize_parabola
CaughtMutant	crates/geometry/src/convert/recognize_curve.rs	crates/geometry/src/convert/recognize_curve.rs:743:22: replace * with / in try_recognize_parabola
CaughtMutant	crates/geometry/src/convert/recognize_curve.rs	crates/geometry/src/convert/recognize_curve.rs:743:29: replace * with + in try_recognize_parabola
CaughtMutant	crates/geometry/src/convert/recognize_curve.rs	crates/geometry/src/convert/recognize_curve.rs:743:29: replace * with / in try_recognize_parabola
CaughtMutant	crates/geometry/src/convert/recognize_curve.rs	crates/geometry/src/convert/recognize_curve.rs:743:36: replace * with + in try_recognize_parabola
MissedMutant	crates/geometry/src/convert/recognize_curve.rs	crates/geometry/src/convert/recognize_curve.rs:716:23: replace > with >= in try_recognize_parabola
CaughtMutant	crates/geometry/src/convert/recognize_curve.rs	crates/geometry/src/convert/recognize_curve.rs:743:36: replace * with / in try_recognize_parabola
CaughtMutant	crates/geometry/src/convert/recognize_curve.rs	crates/geometry/src/convert/recognize_curve.rs:746:27: replace += with *= in try_recognize_parabola
MissedMutant	crates/geometry/src/convert/recognize_curve.rs	crates/geometry/src/convert/recognize_curve.rs:733:62: replace / with % in try_recognize_parabola
CaughtMutant	crates/geometry/src/convert/recognize_curve.rs	crates/geometry/src/convert/recognize_curve.rs:746:37: replace * with + in try_recognize_parabola
CaughtMutant	crates/geometry/src/convert/recognize_curve.rs	crates/geometry/src/convert/recognize_curve.rs:746:37: replace * with / in try_recognize_parabola
CaughtMutant	crates/geometry/src/convert/recognize_curve.rs	crates/geometry/src/convert/recognize_curve.rs:748:20: replace += with *= in try_recognize_parabola
CaughtMutant	crates/geometry/src/convert/recognize_curve.rs	crates/geometry/src/convert/recognize_curve.rs:765:19: replace > with < in try_recognize_parabola
CaughtMutant	crates/geometry/src/convert/recognize_curve.rs	crates/geometry/src/convert/recognize_curve.rs:780:29: replace * with + in try_recognize_parabola
CaughtMutant	crates/geometry/src/convert/recognize_curve.rs	crates/geometry/src/convert/recognize_curve.rs:780:29: replace * with / in try_recognize_parabola
CaughtMutant	crates/geometry/src/convert/recognize_curve.rs	crates/geometry/src/convert/recognize_curve.rs:780:24: delete - in try_recognize_parabola
CaughtMutant	crates/geometry/src/convert/recognize_curve.rs	crates/geometry/src/convert/recognize_curve.rs:781:24: replace * with + in try_recognize_parabola
CaughtMutant	crates/geometry/src/convert/recognize_curve.rs	crates/geometry/src/convert/recognize_curve.rs:781:24: replace * with / in try_recognize_parabola
CaughtMutant	crates/geometry/src/convert/recognize_curve.rs	crates/geometry/src/convert/recognize_curve.rs:781:19: delete - in try_recognize_parabola
MissedMutant	crates/geometry/src/convert/recognize_curve.rs	crates/geometry/src/convert/recognize_curve.rs:746:27: replace += with -= in try_recognize_parabola
CaughtMutant	crates/geometry/src/convert/recognize_curve.rs	crates/geometry/src/convert/recognize_curve.rs:782:33: replace + with * in try_recognize_parabola
CaughtMutant	crates/geometry/src/convert/recognize_curve.rs	crates/geometry/src/convert/recognize_curve.rs:782:26: replace * with + in try_recognize_parabola
CaughtMutant	crates/geometry/src/convert/recognize_curve.rs	crates/geometry/src/convert/recognize_curve.rs:782:26: replace * with / in try_recognize_parabola
CaughtMutant	crates/geometry/src/convert/recognize_curve.rs	crates/geometry/src/convert/recognize_curve.rs:782:40: replace * with / in try_recognize_parabola
MissedMutant	crates/geometry/src/convert/recognize_curve.rs	crates/geometry/src/convert/recognize_curve.rs:748:20: replace += with -= in try_recognize_parabola
MissedMutant	crates/geometry/src/convert/recognize_curve.rs	crates/geometry/src/convert/recognize_curve.rs:765:19: replace > with == in try_recognize_parabola
CaughtMutant	crates/geometry/src/convert/recognize_curve.rs	crates/geometry/src/convert/recognize_curve.rs:783:33: replace + with - in try_recognize_parabola
MissedMutant	crates/geometry/src/convert/recognize_curve.rs	crates/geometry/src/convert/recognize_curve.rs:765:19: replace > with >= in try_recognize_parabola
CaughtMutant	crates/geometry/src/convert/recognize_curve.rs	crates/geometry/src/convert/recognize_curve.rs:783:33: replace + with * in try_recognize_parabola
CaughtMutant	crates/geometry/src/convert/recognize_curve.rs	crates/geometry/src/convert/recognize_curve.rs:783:26: replace * with + in try_recognize_parabola
CaughtMutant	crates/geometry/src/convert/recognize_curve.rs	crates/geometry/src/convert/recognize_curve.rs:783:26: replace * with / in try_recognize_parabola
CaughtMutant	crates/geometry/src/convert/recognize_curve.rs	crates/geometry/src/convert/recognize_curve.rs:783:40: replace * with + in try_recognize_parabola
CaughtMutant	crates/geometry/src/convert/recognize_curve.rs	crates/geometry/src/convert/recognize_curve.rs:783:40: replace * with / in try_recognize_parabola
MissedMutant	crates/geometry/src/convert/recognize_curve.rs	crates/geometry/src/convert/recognize_curve.rs:782:33: replace + with - in try_recognize_parabola
CaughtMutant	crates/geometry/src/convert/recognize_curve.rs	crates/geometry/src/convert/recognize_curve.rs:790:16: replace < with > in try_recognize_parabola
CaughtMutant	crates/geometry/src/convert/recognize_curve.rs	crates/geometry/src/convert/recognize_curve.rs:793:13: replace / with % in try_recognize_parabola
CaughtMutant	crates/geometry/src/convert/recognize_curve.rs	crates/geometry/src/convert/recognize_curve.rs:793:13: replace / with * in try_recognize_parabola
CaughtMutant	crates/geometry/src/convert/recognize_curve.rs	crates/geometry/src/convert/recognize_curve.rs:793:23: replace / with % in try_recognize_parabola
CaughtMutant	crates/geometry/src/convert/recognize_curve.rs	crates/geometry/src/convert/recognize_curve.rs:793:23: replace / with * in try_recognize_parabola
MissedMutant	crates/geometry/src/convert/recognize_curve.rs	crates/geometry/src/convert/recognize_curve.rs:782:40: replace * with + in try_recognize_parabola
CaughtMutant	crates/geometry/src/convert/recognize_curve.rs	crates/geometry/src/convert/recognize_curve.rs:796:20: delete - in try_recognize_parabola
CaughtMutant	crates/geometry/src/convert/recognize_curve.rs	crates/geometry/src/convert/recognize_curve.rs:805:32: replace + with - in try_recognize_parabola
CaughtMutant	crates/geometry/src/convert/recognize_curve.rs	crates/geometry/src/convert/recognize_curve.rs:805:32: replace + with * in try_recognize_parabola
CaughtMutant	crates/geometry/src/convert/recognize_curve.rs	crates/geometry/src/convert/recognize_curve.rs:805:28: replace * with + in try_recognize_parabola
CaughtMutant	crates/geometry/src/convert/recognize_curve.rs	crates/geometry/src/convert/recognize_curve.rs:805:28: replace * with / in try_recognize_parabola
CaughtMutant	crates/geometry/src/convert/recognize_curve.rs	crates/geometry/src/convert/recognize_curve.rs:805:44: replace * with + in try_recognize_parabola
MissedMutant	crates/geometry/src/convert/recognize_curve.rs	crates/geometry/src/convert/recognize_curve.rs:785:37: replace >= with < in try_recognize_parabola
CaughtMutant	crates/geometry/src/convert/recognize_curve.rs	crates/geometry/src/convert/recognize_curve.rs:805:44: replace * with / in try_recognize_parabola
CaughtMutant	crates/geometry/src/convert/recognize_curve.rs	crates/geometry/src/convert/recognize_curve.rs:806:32: replace + with - in try_recognize_parabola
CaughtMutant	crates/geometry/src/convert/recognize_curve.rs	crates/geometry/src/convert/recognize_curve.rs:806:32: replace + with * in try_recognize_parabola
MissedMutant	crates/geometry/src/convert/recognize_curve.rs	crates/geometry/src/convert/recognize_curve.rs:790:16: replace < with == in try_recognize_parabola
CaughtMutant	crates/geometry/src/convert/recognize_curve.rs	crates/geometry/src/convert/recognize_curve.rs:806:28: replace * with + in try_recognize_parabola
CaughtMutant	crates/geometry/src/convert/recognize_curve.rs	crates/geometry/src/convert/recognize_curve.rs:806:28: replace * with / in try_recognize_parabola
MissedMutant	crates/geometry/src/convert/recognize_curve.rs	crates/geometry/src/convert/recognize_curve.rs:790:16: replace < with <= in try_recognize_parabola
CaughtMutant	crates/geometry/src/convert/recognize_curve.rs	crates/geometry/src/convert/recognize_curve.rs:806:44: replace * with + in try_recognize_parabola
CaughtMutant	crates/geometry/src/convert/recognize_curve.rs	crates/geometry/src/convert/recognize_curve.rs:806:44: replace * with / in try_recognize_parabola
CaughtMutant	crates/geometry/src/convert/recognize_curve.rs	crates/geometry/src/convert/recognize_curve.rs:807:23: replace * with + in try_recognize_parabola
CaughtMutant	crates/geometry/src/convert/recognize_curve.rs	crates/geometry/src/convert/recognize_curve.rs:807:23: replace * with / in try_recognize_parabola
CaughtMutant	crates/geometry/src/convert/recognize_curve.rs	crates/geometry/src/convert/recognize_curve.rs:810:28: replace += with -= in try_recognize_parabola
CaughtMutant	crates/geometry/src/convert/recognize_curve.rs	crates/geometry/src/convert/recognize_curve.rs:810:28: replace += with *= in try_recognize_parabola
CaughtMutant	crates/geometry/src/convert/recognize_curve.rs	crates/geometry/src/convert/recognize_curve.rs:810:38: replace * with + in try_recognize_parabola
CaughtMutant	crates/geometry/src/convert/recognize_curve.rs	crates/geometry/src/convert/recognize_curve.rs:810:38: replace * with / in try_recognize_parabola
CaughtMutant	crates/geometry/src/convert/recognize_curve.rs	crates/geometry/src/convert/recognize_curve.rs:812:21: replace += with -= in try_recognize_parabola
CaughtMutant	crates/geometry/src/convert/recognize_curve.rs	crates/geometry/src/convert/recognize_curve.rs:812:21: replace += with *= in try_recognize_parabola
CaughtMutant	crates/geometry/src/convert/recognize_curve.rs	crates/geometry/src/convert/recognize_curve.rs:822:18: replace < with > in try_recognize_parabola
CaughtMutant	crates/geometry/src/convert/recognize_curve.rs	crates/geometry/src/convert/recognize_curve.rs:822:39: replace < with > in try_recognize_parabola
CaughtMutant	crates/geometry/src/convert/recognize_curve.rs	crates/geometry/src/convert/recognize_curve.rs:830:20: replace / with % in try_recognize_parabola
CaughtMutant	crates/geometry/src/convert/recognize_curve.rs	crates/geometry/src/convert/recognize_curve.rs:830:20: replace / with * in try_recognize_parabola
CaughtMutant	crates/geometry/src/convert/recognize_curve.rs	crates/geometry/src/convert/recognize_curve.rs:830:15: delete - in try_recognize_parabola
CaughtMutant	crates/geometry/src/convert/recognize_curve.rs	crates/geometry/src/convert/recognize_curve.rs:830:27: replace * with + in try_recognize_parabola
CaughtMutant	crates/geometry/src/convert/recognize_curve.rs	crates/geometry/src/convert/recognize_curve.rs:830:27: replace * with / in try_recognize_parabola
CaughtMutant	crates/geometry/src/convert/recognize_curve.rs	crates/geometry/src/convert/recognize_curve.rs:831:47: replace / with % in try_recognize_parabola
CaughtMutant	crates/geometry/src/convert/recognize_curve.rs	crates/geometry/src/convert/recognize_curve.rs:831:47: replace / with * in try_recognize_parabola
MissedMutant	crates/geometry/src/convert/recognize_curve.rs	crates/geometry/src/convert/recognize_curve.rs:822:26: replace || with && in try_recognize_parabola
CaughtMutant	crates/geometry/src/convert/recognize_curve.rs	crates/geometry/src/convert/recognize_curve.rs:831:20: replace + with - in try_recognize_parabola
MissedMutant	crates/geometry/src/convert/recognize_curve.rs	crates/geometry/src/convert/recognize_curve.rs:822:18: replace < with == in try_recognize_parabola
CaughtMutant	crates/geometry/src/convert/recognize_curve.rs	crates/geometry/src/convert/recognize_curve.rs:831:20: replace + with * in try_recognize_parabola
MissedMutant	crates/geometry/src/convert/recognize_curve.rs	crates/geometry/src/convert/recognize_curve.rs:822:18: replace < with <= in try_recognize_parabola
MissedMutant	crates/geometry/src/convert/recognize_curve.rs	crates/geometry/src/convert/recognize_curve.rs:822:39: replace < with == in try_recognize_parabola
CaughtMutant	crates/geometry/src/convert/recognize_curve.rs	crates/geometry/src/convert/recognize_curve.rs:831:32: replace / with % in try_recognize_parabola
MissedMutant	crates/geometry/src/convert/recognize_curve.rs	crates/geometry/src/convert/recognize_curve.rs:822:39: replace < with <= in try_recognize_parabola
CaughtMutant	crates/geometry/src/convert/recognize_curve.rs	crates/geometry/src/convert/recognize_curve.rs:831:32: replace / with * in try_recognize_parabola
CaughtMutant	crates/geometry/src/convert/recognize_curve.rs	crates/geometry/src/convert/recognize_curve.rs:831:26: replace * with + in try_recognize_parabola
CaughtMutant	crates/geometry/src/convert/recognize_curve.rs	crates/geometry/src/convert/recognize_curve.rs:831:26: replace * with / in try_recognize_parabola
CaughtMutant	crates/geometry/src/convert/recognize_curve.rs	crates/geometry/src/convert/recognize_curve.rs:831:39: replace * with + in try_recognize_parabola
CaughtMutant	crates/geometry/src/convert/recognize_curve.rs	crates/geometry/src/convert/recognize_curve.rs:831:39: replace * with / in try_recognize_parabola
CaughtMutant	crates/geometry/src/convert/recognize_curve.rs	crates/geometry/src/convert/recognize_curve.rs:836:30: replace / with * in try_recognize_parabola
CaughtMutant	crates/geometry/src/convert/recognize_curve.rs	crates/geometry/src/convert/recognize_curve.rs:836:30: replace / with % in try_recognize_parabola
CaughtMutant	crates/geometry/src/convert/recognize_curve.rs	crates/geometry/src/convert/recognize_curve.rs:836:37: replace * with + in try_recognize_parabola
CaughtMutant	crates/geometry/src/convert/recognize_curve.rs	crates/geometry/src/convert/recognize_curve.rs:836:37: replace * with / in try_recognize_parabola
CaughtMutant	crates/geometry/src/convert/recognize_curve.rs	crates/geometry/src/convert/recognize_curve.rs:837:21: replace < with > in try_recognize_parabola
CaughtMutant	crates/geometry/src/convert/recognize_curve.rs	crates/geometry/src/convert/recognize_curve.rs:844:32: replace + with - in try_recognize_parabola
CaughtMutant	crates/geometry/src/convert/recognize_curve.rs	crates/geometry/src/convert/recognize_curve.rs:844:32: replace + with * in try_recognize_parabola
CaughtMutant	crates/geometry/src/convert/recognize_curve.rs	crates/geometry/src/convert/recognize_curve.rs:844:28: replace * with + in try_recognize_parabola
CaughtMutant	crates/geometry/src/convert/recognize_curve.rs	crates/geometry/src/convert/recognize_curve.rs:844:28: replace * with / in try_recognize_parabola
CaughtMutant	crates/geometry/src/convert/recognize_curve.rs	crates/geometry/src/convert/recognize_curve.rs:844:44: replace * with + in try_recognize_parabola
CaughtMutant	crates/geometry/src/convert/recognize_curve.rs	crates/geometry/src/convert/recognize_curve.rs:844:44: replace * with / in try_recognize_parabola
CaughtMutant	crates/geometry/src/convert/recognize_curve.rs	crates/geometry/src/convert/recognize_curve.rs:845:32: replace + with - in try_recognize_parabola
CaughtMutant	crates/geometry/src/convert/recognize_curve.rs	crates/geometry/src/convert/recognize_curve.rs:845:32: replace + with * in try_recognize_parabola
CaughtMutant	crates/geometry/src/convert/recognize_curve.rs	crates/geometry/src/convert/recognize_curve.rs:845:28: replace * with + in try_recognize_parabola
CaughtMutant	crates/geometry/src/convert/recognize_curve.rs	crates/geometry/src/convert/recognize_curve.rs:845:28: replace * with / in try_recognize_parabola
CaughtMutant	crates/geometry/src/convert/recognize_curve.rs	crates/geometry/src/convert/recognize_curve.rs:845:44: replace * with + in try_recognize_parabola
CaughtMutant	crates/geometry/src/convert/recognize_curve.rs	crates/geometry/src/convert/recognize_curve.rs:845:44: replace * with / in try_recognize_parabola
MissedMutant	crates/geometry/src/convert/recognize_curve.rs	crates/geometry/src/convert/recognize_curve.rs:836:25: delete - in try_recognize_parabola
CaughtMutant	crates/geometry/src/convert/recognize_curve.rs	crates/geometry/src/convert/recognize_curve.rs:846:44: replace + with - in try_recognize_parabola
CaughtMutant	crates/geometry/src/convert/recognize_curve.rs	crates/geometry/src/convert/recognize_curve.rs:846:44: replace + with * in try_recognize_parabola
CaughtMutant	crates/geometry/src/convert/recognize_curve.rs	crates/geometry/src/convert/recognize_curve.rs:846:33: replace + with - in try_recognize_parabola
MissedMutant	crates/geometry/src/convert/recognize_curve.rs	crates/geometry/src/convert/recognize_curve.rs:837:21: replace < with == in try_recognize_parabola
CaughtMutant	crates/geometry/src/convert/recognize_curve.rs	crates/geometry/src/convert/recognize_curve.rs:846:33: replace + with * in try_recognize_parabola
MissedMutant	crates/geometry/src/convert/recognize_curve.rs	crates/geometry/src/convert/recognize_curve.rs:837:21: replace < with <= in try_recognize_parabola
CaughtMutant	crates/geometry/src/convert/recognize_curve.rs	crates/geometry/src/convert/recognize_curve.rs:846:28: replace * with + in try_recognize_parabola
CaughtMutant	crates/geometry/src/convert/recognize_curve.rs	crates/geometry/src/convert/recognize_curve.rs:846:28: replace * with / in try_recognize_parabola
CaughtMutant	crates/geometry/src/convert/recognize_curve.rs	crates/geometry/src/convert/recognize_curve.rs:846:23: replace * with + in try_recognize_parabola
CaughtMutant	crates/geometry/src/convert/recognize_curve.rs	crates/geometry/src/convert/recognize_curve.rs:846:23: replace * with / in try_recognize_parabola
CaughtMutant	crates/geometry/src/convert/recognize_curve.rs	crates/geometry/src/convert/recognize_curve.rs:846:39: replace * with + in try_recognize_parabola
CaughtMutant	crates/geometry/src/convert/recognize_curve.rs	crates/geometry/src/convert/recognize_curve.rs:846:39: replace * with / in try_recognize_parabola
CaughtMutant	crates/geometry/src/convert/recognize_curve.rs	crates/geometry/src/convert/recognize_curve.rs:846:50: replace * with + in try_recognize_parabola
CaughtMutant	crates/geometry/src/convert/recognize_curve.rs	crates/geometry/src/convert/recognize_curve.rs:846:50: replace * with / in try_recognize_parabola
CaughtMutant	crates/geometry/src/convert/recognize_curve.rs	crates/geometry/src/convert/recognize_curve.rs:847:30: replace > with < in try_recognize_parabola
CaughtMutant	crates/geometry/src/convert/recognize_curve.rs	crates/geometry/src/convert/recognize_curve.rs:847:17: replace - with + in try_recognize_parabola
CaughtMutant	crates/geometry/src/convert/recognize_curve.rs	crates/geometry/src/convert/recognize_curve.rs:855:48: replace + with - in try_recognize_parabola
CaughtMutant	crates/geometry/src/convert/recognize_curve.rs	crates/geometry/src/convert/recognize_curve.rs:847:17: replace - with / in try_recognize_parabola
CaughtMutant	crates/geometry/src/convert/recognize_curve.rs	crates/geometry/src/convert/recognize_curve.rs:855:48: replace + with * in try_recognize_parabola
CaughtMutant	crates/geometry/src/convert/recognize_curve.rs	crates/geometry/src/convert/recognize_curve.rs:855:30: replace + with - in try_recognize_parabola
CaughtMutant	crates/geometry/src/convert/recognize_curve.rs	crates/geometry/src/convert/recognize_curve.rs:855:30: replace + with * in try_recognize_parabola
CaughtMutant	crates/geometry/src/convert/recognize_curve.rs	crates/geometry/src/convert/recognize_curve.rs:855:24: replace * with + in try_recognize_parabola
CaughtMutant	crates/geometry/src/convert/recognize_curve.rs	crates/geometry/src/convert/recognize_curve.rs:855:24: replace * with / in try_recognize_parabola
CaughtMutant	crates/geometry/src/convert/recognize_curve.rs	crates/geometry/src/convert/recognize_curve.rs:855:42: replace * with + in try_recognize_parabola
CaughtMutant	crates/geometry/src/convert/recognize_curve.rs	crates/geometry/src/convert/recognize_curve.rs:855:42: replace * with / in try_recognize_parabola
CaughtMutant	crates/geometry/src/convert/recognize_curve.rs	crates/geometry/src/convert/recognize_curve.rs:856:48: replace + with - in try_recognize_parabola
CaughtMutant	crates/geometry/src/convert/recognize_curve.rs	crates/geometry/src/convert/recognize_curve.rs:856:48: replace + with * in try_recognize_parabola
CaughtMutant	crates/geometry/src/convert/recognize_curve.rs	crates/geometry/src/convert/recognize_curve.rs:856:30: replace + with - in try_recognize_parabola
CaughtMutant	crates/geometry/src/convert/recognize_curve.rs	crates/geometry/src/convert/recognize_curve.rs:856:30: replace + with * in try_recognize_parabola
CaughtMutant	crates/geometry/src/convert/recognize_curve.rs	crates/geometry/src/convert/recognize_curve.rs:856:24: replace * with + in try_recognize_parabola
Unviable	crates/geometry/src/convert/recognize_curve.rs	crates/geometry/src/convert/recognize_curve.rs:857:35: replace + with * in try_recognize_parabola
Unviable	crates/geometry/src/convert/recognize_curve.rs	crates/geometry/src/convert/recognize_curve.rs:857:21: replace + with * in try_recognize_parabola
CaughtMutant	crates/geometry/src/convert/recognize_curve.rs	crates/geometry/src/convert/recognize_curve.rs:856:24: replace * with / in try_recognize_parabola
MissedMutant	crates/geometry/src/convert/recognize_curve.rs	crates/geometry/src/convert/recognize_curve.rs:847:30: replace > with == in try_recognize_parabola
CaughtMutant	crates/geometry/src/convert/recognize_curve.rs	crates/geometry/src/convert/recognize_curve.rs:856:42: replace * with + in try_recognize_parabola
Unviable	crates/geometry/src/convert/recognize_curve.rs	crates/geometry/src/convert/recognize_curve.rs:857:30: replace * with + in try_recognize_parabola
Unviable	crates/geometry/src/convert/recognize_curve.rs	crates/geometry/src/convert/recognize_curve.rs:857:30: replace * with / in try_recognize_parabola
Unviable	crates/geometry/src/convert/recognize_curve.rs	crates/geometry/src/convert/recognize_curve.rs:857:44: replace * with + in try_recognize_parabola
Unviable	crates/geometry/src/convert/recognize_curve.rs	crates/geometry/src/convert/recognize_curve.rs:857:44: replace * with / in try_recognize_parabola
CaughtMutant	crates/geometry/src/convert/recognize_curve.rs	crates/geometry/src/convert/recognize_curve.rs:856:42: replace * with / in try_recognize_parabola
MissedMutant	crates/geometry/src/convert/recognize_curve.rs	crates/geometry/src/convert/recognize_curve.rs:847:30: replace > with >= in try_recognize_parabola
CaughtMutant	crates/geometry/src/convert/recognize_curve.rs	crates/geometry/src/convert/recognize_curve.rs:857:35: replace + with - in try_recognize_parabola
Unviable	crates/geometry/src/convert/recognize_curve.rs	crates/geometry/src/convert/recognize_curve.rs:865:40: replace + with * in try_recognize_parabola
Unviable	crates/geometry/src/convert/recognize_curve.rs	crates/geometry/src/convert/recognize_curve.rs:865:28: replace * with + in try_recognize_parabola
Unviable	crates/geometry/src/convert/recognize_curve.rs	crates/geometry/src/convert/recognize_curve.rs:865:49: replace * with + in try_recognize_parabola
CaughtMutant	crates/geometry/src/convert/recognize_curve.rs	crates/geometry/src/convert/recognize_curve.rs:857:21: replace + with - in try_recognize_parabola
Unviable	crates/geometry/src/convert/recognize_curve.rs	crates/geometry/src/convert/recognize_curve.rs:865:28: replace * with / in try_recognize_parabola
CaughtMutant	crates/geometry/src/convert/recognize_curve.rs	crates/geometry/src/convert/recognize_curve.rs:864:25: delete - in try_recognize_parabola
Unviable	crates/geometry/src/convert/recognize_curve.rs	crates/geometry/src/convert/recognize_curve.rs:866:29: replace * with / in try_recognize_parabola
Unviable	crates/geometry/src/convert/recognize_curve.rs	crates/geometry/src/convert/recognize_curve.rs:866:29: replace * with + in try_recognize_parabola
Unviable	crates/geometry/src/convert/recognize_curve.rs	crates/geometry/src/convert/recognize_curve.rs:865:49: replace * with / in try_recognize_parabola
CaughtMutant	crates/geometry/src/convert/recognize_curve.rs	crates/geometry/src/convert/recognize_curve.rs:865:40: replace + with - in try_recognize_parabola
CaughtMutant	crates/geometry/src/convert/recognize_curve.rs	crates/geometry/src/convert/recognize_curve.rs:874:5: replace solve_5x5 -> Option<[f64; 5]> with None
CaughtMutant	crates/geometry/src/convert/recognize_curve.rs	crates/geometry/src/convert/recognize_curve.rs:874:5: replace solve_5x5 -> Option<[f64; 5]> with Some([0.0; 5])
CaughtMutant	crates/geometry/src/convert/recognize_curve.rs	crates/geometry/src/convert/recognize_curve.rs:874:5: replace solve_5x5 -> Option<[f64; 5]> with Some([-1.0; 5])
CaughtMutant	crates/geometry/src/convert/recognize_curve.rs	crates/geometry/src/convert/recognize_curve.rs:874:5: replace solve_5x5 -> Option<[f64; 5]> with Some([1.0; 5])
CaughtMutant	crates/geometry/src/convert/recognize_curve.rs	crates/geometry/src/convert/recognize_curve.rs:880:21: replace + with - in solve_5x5
CaughtMutant	crates/geometry/src/convert/recognize_curve.rs	crates/geometry/src/convert/recognize_curve.rs:881:30: replace > with == in solve_5x5
CaughtMutant	crates/geometry/src/convert/recognize_curve.rs	crates/geometry/src/convert/recognize_curve.rs:881:30: replace > with < in solve_5x5
CaughtMutant	crates/geometry/src/convert/recognize_curve.rs	crates/geometry/src/convert/recognize_curve.rs:886:20: replace < with == in solve_5x5
MissedMutant	crates/geometry/src/convert/recognize_curve.rs	crates/geometry/src/convert/recognize_curve.rs:864:30: replace / with % in try_recognize_parabola
CaughtMutant	crates/geometry/src/convert/recognize_curve.rs	crates/geometry/src/convert/recognize_curve.rs:886:20: replace < with > in solve_5x5
MissedMutant	crates/geometry/src/convert/recognize_curve.rs	crates/geometry/src/convert/recognize_curve.rs:864:30: replace / with * in try_recognize_parabola
CaughtMutant	crates/geometry/src/convert/recognize_curve.rs	crates/geometry/src/convert/recognize_curve.rs:889:20: replace != with == in solve_5x5
CaughtMutant	crates/geometry/src/convert/recognize_curve.rs	crates/geometry/src/convert/recognize_curve.rs:894:21: replace + with - in solve_5x5
CaughtMutant	crates/geometry/src/convert/recognize_curve.rs	crates/geometry/src/convert/recognize_curve.rs:894:21: replace + with * in solve_5x5
CaughtMutant	crates/geometry/src/convert/recognize_curve.rs	crates/geometry/src/convert/recognize_curve.rs:895:34: replace / with % in solve_5x5
CaughtMutant	crates/geometry/src/convert/recognize_curve.rs	crates/geometry/src/convert/recognize_curve.rs:895:34: replace / with * in solve_5x5
CaughtMutant	crates/geometry/src/convert/recognize_curve.rs	crates/geometry/src/convert/recognize_curve.rs:897:25: replace -= with += in solve_5x5
CaughtMutant	crates/geometry/src/convert/recognize_curve.rs	crates/geometry/src/convert/recognize_curve.rs:897:25: replace -= with /= in solve_5x5
CaughtMutant	crates/geometry/src/convert/recognize_curve.rs	crates/geometry/src/convert/recognize_curve.rs:897:35: replace * with + in solve_5x5
CaughtMutant	crates/geometry/src/convert/recognize_curve.rs	crates/geometry/src/convert/recognize_curve.rs:897:35: replace * with / in solve_5x5
CaughtMutant	crates/geometry/src/convert/recognize_curve.rs	crates/geometry/src/convert/recognize_curve.rs:899:18: replace -= with += in solve_5x5
CaughtMutant	crates/geometry/src/convert/recognize_curve.rs	crates/geometry/src/convert/recognize_curve.rs:899:18: replace -= with /= in solve_5x5
MissedMutant	crates/geometry/src/convert/recognize_curve.rs	crates/geometry/src/convert/recognize_curve.rs:880:21: replace + with * in solve_5x5
MissedMutant	crates/geometry/src/convert/recognize_curve.rs	crates/geometry/src/convert/recognize_curve.rs:881:30: replace > with >= in solve_5x5
CaughtMutant	crates/geometry/src/convert/recognize_curve.rs	crates/geometry/src/convert/recognize_curve.rs:899:28: replace * with + in solve_5x5
CaughtMutant	crates/geometry/src/convert/recognize_curve.rs	crates/geometry/src/convert/recognize_curve.rs:899:28: replace * with / in solve_5x5
CaughtMutant	crates/geometry/src/convert/recognize_curve.rs	crates/geometry/src/convert/recognize_curve.rs:906:21: replace + with - in solve_5x5
CaughtMutant	crates/geometry/src/convert/recognize_curve.rs	crates/geometry/src/convert/recognize_curve.rs:907:17: replace -= with += in solve_5x5
CaughtMutant	crates/geometry/src/convert/recognize_curve.rs	crates/geometry/src/convert/recognize_curve.rs:907:17: replace -= with /= in solve_5x5
CaughtMutant	crates/geometry/src/convert/recognize_curve.rs	crates/geometry/src/convert/recognize_curve.rs:907:28: replace * with + in solve_5x5
MissedMutant	crates/geometry/src/convert/recognize_curve.rs	crates/geometry/src/convert/recognize_curve.rs:886:20: replace < with <= in solve_5x5
CaughtMutant	crates/geometry/src/convert/recognize_curve.rs	crates/geometry/src/convert/recognize_curve.rs:907:28: replace * with / in solve_5x5
Unviable	crates/geometry/src/convert/recognize_curve.rs	crates/geometry/src/convert/recognize_curve.rs:955:5: replace detect_curve_kind -> DetectedCurveKind with Default::default()
CaughtMutant	crates/geometry/src/convert/recognize_curve.rs	crates/geometry/src/convert/recognize_curve.rs:909:20: replace / with % in solve_5x5
CaughtMutant	crates/geometry/src/convert/recognize_curve.rs	crates/geometry/src/convert/recognize_curve.rs:909:20: replace / with * in solve_5x5
CaughtMutant	crates/geometry/src/convert/recognize_curve.rs	crates/geometry/src/convert/recognize_curve.rs:933:9: replace DetectedCurveKind::as_str -> &'static str with ""
CaughtMutant	crates/geometry/src/convert/recognize_curve.rs	crates/geometry/src/convert/recognize_curve.rs:933:9: replace DetectedCurveKind::as_str -> &'static str with "xyzzy"
CaughtMutant	crates/geometry/src/convert/recognize_curve.rs	crates/geometry/src/convert/recognize_curve.rs:958:27: replace && with || in detect_curve_kind
CaughtMutant	crates/geometry/src/convert/recognize_curve.rs	crates/geometry/src/convert/recognize_curve.rs:958:23: replace < with == in detect_curve_kind
CaughtMutant	crates/geometry/src/convert/recognize_curve.rs	crates/geometry/src/convert/recognize_curve.rs:958:23: replace < with > in detect_curve_kind
CaughtMutant	crates/geometry/src/convert/recognize_curve.rs	crates/geometry/src/convert/recognize_curve.rs:958:23: replace < with <= in detect_curve_kind
CaughtMutant	crates/geometry/src/convert/recognize_curve.rs	crates/geometry/src/convert/recognize_curve.rs:958:30: delete ! in detect_curve_kind
CaughtMutant	crates/geometry/src/convert/recognize_curve.rs	crates/geometry/src/convert/recognize_curve.rs:963:8: delete ! in detect_curve_kind
CaughtMutant	crates/geometry/src/convert/recognize_curve.rs	crates/geometry/src/convert/recognize_curve.rs:970:27: replace + with - in detect_curve_kind
CaughtMutant	crates/geometry/src/convert/recognize_curve.rs	crates/geometry/src/convert/recognize_curve.rs:970:27: replace + with * in detect_curve_kind
CaughtMutant	crates/geometry/src/convert/recognize_curve.rs	crates/geometry/src/convert/recognize_curve.rs:970:58: replace / with % in detect_curve_kind
CaughtMutant	crates/geometry/src/convert/recognize_curve.rs	crates/geometry/src/convert/recognize_curve.rs:970:58: replace / with * in detect_curve_kind
CaughtMutant	crates/geometry/src/convert/recognize_curve.rs	crates/geometry/src/convert/recognize_curve.rs:970:45: replace * with + in detect_curve_kind
CaughtMutant	crates/geometry/src/convert/recognize_curve.rs	crates/geometry/src/convert/recognize_curve.rs:970:45: replace * with / in detect_curve_kind
MissedMutant	crates/geometry/src/convert/recognize_curve.rs	crates/geometry/src/convert/recognize_curve.rs:906:21: replace + with * in solve_5x5
CaughtMutant	crates/geometry/src/convert/recognize_curve.rs	crates/geometry/src/convert/recognize_curve.rs:970:36: replace - with + in detect_curve_kind
CaughtMutant	crates/geometry/src/convert/recognize_curve.rs	crates/geometry/src/convert/recognize_curve.rs:970:36: replace - with / in detect_curve_kind
CaughtMutant	crates/geometry/src/convert/recognize_curve.rs	crates/geometry/src/convert/recognize_curve.rs:970:72: replace - with + in detect_curve_kind
CaughtMutant	crates/geometry/src/convert/recognize_curve.rs	crates/geometry/src/convert/recognize_curve.rs:970:72: replace - with / in detect_curve_kind
CaughtMutant	crates/geometry/src/convert/recognize_curve.rs	crates/geometry/src/convert/recognize_curve.rs:977:39: replace * with + in detect_curve_kind
CaughtMutant	crates/geometry/src/convert/recognize_curve.rs	crates/geometry/src/convert/recognize_curve.rs:977:39: replace * with / in detect_curve_kind
CaughtMutant	crates/geometry/src/convert/recognize_curve.rs	crates/geometry/src/convert/recognize_curve.rs:978:12: replace < with > in detect_curve_kind
CaughtMutant	crates/geometry/src/convert/recognize_curve.rs	crates/geometry/src/convert/recognize_curve.rs:992:5: replace sample_extent -> f64 with 0.0
Unviable	crates/geometry/src/convert/recognize_surface.rs	crates/geometry/src/convert/recognize_surface.rs:72:5: replace recognize_surface -> RecognizedSurface with Default::default()
CaughtMutant	crates/geometry/src/convert/recognize_curve.rs	crates/geometry/src/convert/recognize_curve.rs:992:5: replace sample_extent -> f64 with 1.0
Unviable	crates/geometry/src/convert/recognize_surface.rs	crates/geometry/src/convert/recognize_surface.rs:111:5: replace try_recognize_plane -> Option<(Vec3, f64)> with Some((Default::default(), 0.0))
Unviable	crates/geometry/src/convert/recognize_surface.rs	crates/geometry/src/convert/recognize_surface.rs:111:5: replace try_recognize_plane -> Option<(Vec3, f64)> with Some((Default::default(), 1.0))
CaughtMutant	crates/geometry/src/convert/recognize_curve.rs	crates/geometry/src/convert/recognize_curve.rs:992:5: replace sample_extent -> f64 with -1.0
CaughtMutant	crates/geometry/src/convert/recognize_curve.rs	crates/geometry/src/convert/recognize_curve.rs:1000:26: replace - with + in sample_extent
Unviable	crates/geometry/src/convert/recognize_surface.rs	crates/geometry/src/convert/recognize_surface.rs:111:5: replace try_recognize_plane -> Option<(Vec3, f64)> with Some((Default::default(), -1.0))
CaughtMutant	crates/geometry/src/convert/recognize_curve.rs	crates/geometry/src/convert/recognize_curve.rs:1000:26: replace - with / in sample_extent
Unviable	crates/geometry/src/convert/recognize_surface.rs	crates/geometry/src/convert/recognize_surface.rs:132:29: replace - with + in try_recognize_plane
CaughtMutant	crates/geometry/src/convert/recognize_surface.rs	crates/geometry/src/convert/recognize_surface.rs:111:5: replace try_recognize_plane -> Option<(Vec3, f64)> with None
Unviable	crates/geometry/src/convert/recognize_surface.rs	crates/geometry/src/convert/recognize_surface.rs:132:29: replace - with / in try_recognize_plane
CaughtMutant	crates/geometry/src/convert/recognize_surface.rs	crates/geometry/src/convert/recognize_surface.rs:124:22: replace < with > in try_recognize_plane
Unviable	crates/geometry/src/convert/recognize_surface.rs	crates/geometry/src/convert/recognize_surface.rs:134:26: replace - with + in try_recognize_plane
Unviable	crates/geometry/src/convert/recognize_surface.rs	crates/geometry/src/convert/recognize_surface.rs:134:26: replace - with / in try_recognize_plane
Unviable	crates/geometry/src/convert/recognize_surface.rs	crates/geometry/src/convert/recognize_surface.rs:137:17: replace && with || in try_recognize_plane
MissedMutant	crates/geometry/src/convert/recognize_curve.rs	crates/geometry/src/convert/recognize_curve.rs:978:12: replace < with <= in detect_curve_kind
CaughtMutant	crates/geometry/src/convert/recognize_surface.rs	crates/geometry/src/convert/recognize_surface.rs:136:27: replace > with == in try_recognize_plane
MissedMutant	crates/geometry/src/convert/recognize_curve.rs	crates/geometry/src/convert/recognize_curve.rs:978:12: replace < with == in detect_curve_kind
CaughtMutant	crates/geometry/src/convert/recognize_surface.rs	crates/geometry/src/convert/recognize_surface.rs:136:27: replace > with < in try_recognize_plane
CaughtMutant	crates/geometry/src/convert/recognize_surface.rs	crates/geometry/src/convert/recognize_surface.rs:150:61: replace - with + in try_recognize_plane
MissedMutant	crates/geometry/src/convert/recognize_surface.rs	crates/geometry/src/convert/recognize_surface.rs:124:22: replace < with == in try_recognize_plane
CaughtMutant	crates/geometry/src/convert/recognize_surface.rs	crates/geometry/src/convert/recognize_surface.rs:150:61: replace - with / in try_recognize_plane
MissedMutant	crates/geometry/src/convert/recognize_surface.rs	crates/geometry/src/convert/recognize_surface.rs:112:23: replace || with && in try_recognize_plane
MissedMutant	crates/geometry/src/convert/recognize_surface.rs	crates/geometry/src/convert/recognize_surface.rs:124:22: replace < with <= in try_recognize_plane
CaughtMutant	crates/geometry/src/convert/recognize_surface.rs	crates/geometry/src/convert/recognize_surface.rs:151:23: replace > with == in try_recognize_plane
MissedMutant	crates/geometry/src/convert/recognize_surface.rs	crates/geometry/src/convert/recognize_surface.rs:133:41: replace + with - in try_recognize_plane
CaughtMutant	crates/geometry/src/convert/recognize_surface.rs	crates/geometry/src/convert/recognize_surface.rs:151:23: replace > with < in try_recognize_plane
MissedMutant	crates/geometry/src/convert/recognize_surface.rs	crates/geometry/src/convert/recognize_surface.rs:133:41: replace + with * in try_recognize_plane
CaughtMutant	crates/geometry/src/convert/recognize_surface.rs	crates/geometry/src/convert/recognize_surface.rs:167:28: replace match guard n.dot(du_cross_dv) < 0.0 with true in try_recognize_plane
CaughtMutant	crates/geometry/src/convert/recognize_surface.rs	crates/geometry/src/convert/recognize_surface.rs:167:28: replace match guard n.dot(du_cross_dv) < 0.0 with false in try_recognize_plane
MissedMutant	crates/geometry/src/convert/recognize_surface.rs	crates/geometry/src/convert/recognize_surface.rs:136:27: replace > with >= in try_recognize_plane
MissedMutant	crates/geometry/src/convert/recognize_surface.rs	crates/geometry/src/convert/recognize_surface.rs:151:23: replace > with >= in try_recognize_plane
MissedMutant	crates/geometry/src/convert/recognize_surface.rs	crates/geometry/src/convert/recognize_surface.rs:166:30: replace * with + in try_recognize_plane
MissedMutant	crates/geometry/src/convert/recognize_surface.rs	crates/geometry/src/convert/recognize_surface.rs:166:30: replace * with / in try_recognize_plane
MissedMutant	crates/geometry/src/convert/recognize_surface.rs	crates/geometry/src/convert/recognize_surface.rs:166:36: replace + with - in try_recognize_plane
MissedMutant	crates/geometry/src/convert/recognize_surface.rs	crates/geometry/src/convert/recognize_surface.rs:166:47: replace * with + in try_recognize_plane
CaughtMutant	crates/geometry/src/convert/recognize_surface.rs	crates/geometry/src/convert/recognize_surface.rs:167:47: replace < with == in try_recognize_plane
MissedMutant	crates/geometry/src/convert/recognize_surface.rs	crates/geometry/src/convert/recognize_surface.rs:166:36: replace + with * in try_recognize_plane
MissedMutant	crates/geometry/src/convert/recognize_surface.rs	crates/geometry/src/convert/recognize_surface.rs:166:47: replace * with / in try_recognize_plane
CaughtMutant	crates/geometry/src/convert/recognize_surface.rs	crates/geometry/src/convert/recognize_surface.rs:167:47: replace < with > in try_recognize_plane
Unviable	crates/geometry/src/convert/recognize_surface.rs	crates/geometry/src/convert/recognize_surface.rs:184:5: replace try_recognize_cylinder -> Option<(Point3, Vec3, f64)> with Some((Default::default(), Default::default(), 0.0))
Unviable	crates/geometry/src/convert/recognize_surface.rs	crates/geometry/src/convert/recognize_surface.rs:184:5: replace try_recognize_cylinder -> Option<(Point3, Vec3, f64)> with Some((Default::default(), Default::default(), 1.0))
Unviable	crates/geometry/src/convert/recognize_surface.rs	crates/geometry/src/convert/recognize_surface.rs:184:5: replace try_recognize_cylinder -> Option<(Point3, Vec3, f64)> with Some((Default::default(), Default::default(), -1.0))
CaughtMutant	crates/geometry/src/convert/recognize_surface.rs	crates/geometry/src/convert/recognize_surface.rs:167:66: delete - in try_recognize_plane
CaughtMutant	crates/geometry/src/convert/recognize_surface.rs	crates/geometry/src/convert/recognize_surface.rs:167:62: delete - in try_recognize_plane
MissedMutant	crates/geometry/src/convert/recognize_surface.rs	crates/geometry/src/convert/recognize_surface.rs:166:53: replace + with - in try_recognize_plane
CaughtMutant	crates/geometry/src/convert/recognize_surface.rs	crates/geometry/src/convert/recognize_surface.rs:184:5: replace try_recognize_cylinder -> Option<(Point3, Vec3, f64)> with None
CaughtMutant	crates/geometry/src/convert/recognize_surface.rs	crates/geometry/src/convert/recognize_surface.rs:185:18: replace < with > in try_recognize_cylinder
Unviable	crates/geometry/src/convert/recognize_surface.rs	crates/geometry/src/convert/recognize_surface.rs:197:36: replace - with + in try_recognize_cylinder
Unviable	crates/geometry/src/convert/recognize_surface.rs	crates/geometry/src/convert/recognize_surface.rs:197:36: replace - with / in try_recognize_cylinder
CaughtMutant	crates/geometry/src/convert/recognize_surface.rs	crates/geometry/src/convert/recognize_surface.rs:189:22: replace < with == in try_recognize_cylinder
CaughtMutant	crates/geometry/src/convert/recognize_surface.rs	crates/geometry/src/convert/recognize_surface.rs:189:22: replace < with > in try_recognize_cylinder
MissedMutant	crates/geometry/src/convert/recognize_surface.rs	crates/geometry/src/convert/recognize_surface.rs:166:53: replace + with * in try_recognize_plane
CaughtMutant	crates/geometry/src/convert/recognize_surface.rs	crates/geometry/src/convert/recognize_surface.rs:189:22: replace < with <= in try_recognize_cylinder
Unviable	crates/geometry/src/convert/recognize_surface.rs	crates/geometry/src/convert/recognize_surface.rs:198:18: replace += with *= in try_recognize_cylinder
Unviable	crates/geometry/src/convert/recognize_surface.rs	crates/geometry/src/convert/recognize_surface.rs:201:29: replace * with + in try_recognize_cylinder
Unviable	crates/geometry/src/convert/recognize_surface.rs	crates/geometry/src/convert/recognize_surface.rs:201:29: replace * with / in try_recognize_cylinder
CaughtMutant	crates/geometry/src/convert/recognize_surface.rs	crates/geometry/src/convert/recognize_surface.rs:197:31: replace - with + in try_recognize_cylinder
CaughtMutant	crates/geometry/src/convert/recognize_surface.rs	crates/geometry/src/convert/recognize_surface.rs:197:31: replace - with / in try_recognize_cylinder
CaughtMutant	crates/geometry/src/convert/recognize_surface.rs	crates/geometry/src/convert/recognize_surface.rs:198:18: replace += with -= in try_recognize_cylinder
MissedMutant	crates/geometry/src/convert/recognize_surface.rs	crates/geometry/src/convert/recognize_surface.rs:167:47: replace < with <= in try_recognize_plane
CaughtMutant	crates/geometry/src/convert/recognize_surface.rs	crates/geometry/src/convert/recognize_surface.rs:203:17: replace < with > in try_recognize_cylinder
CaughtMutant	crates/geometry/src/convert/recognize_surface.rs	crates/geometry/src/convert/recognize_surface.rs:219:20: replace + with - in try_recognize_cylinder
CaughtMutant	crates/geometry/src/convert/recognize_surface.rs	crates/geometry/src/convert/recognize_surface.rs:219:20: replace + with * in try_recognize_cylinder
MissedMutant	crates/geometry/src/convert/recognize_surface.rs	crates/geometry/src/convert/recognize_surface.rs:185:18: replace < with == in try_recognize_cylinder
MissedMutant	crates/geometry/src/convert/recognize_surface.rs	crates/geometry/src/convert/recognize_surface.rs:185:18: replace < with <= in try_recognize_cylinder
CaughtMutant	crates/geometry/src/convert/recognize_surface.rs	crates/geometry/src/convert/recognize_surface.rs:219:46: replace / with % in try_recognize_cylinder
CaughtMutant	crates/geometry/src/convert/recognize_surface.rs	crates/geometry/src/convert/recognize_surface.rs:219:46: replace / with * in try_recognize_cylinder
CaughtMutant	crates/geometry/src/convert/recognize_surface.rs	crates/geometry/src/convert/recognize_surface.rs:219:32: replace * with + in try_recognize_cylinder
MissedMutant	crates/geometry/src/convert/recognize_surface.rs	crates/geometry/src/convert/recognize_surface.rs:201:36: replace / with % in try_recognize_cylinder
MissedMutant	crates/geometry/src/convert/recognize_surface.rs	crates/geometry/src/convert/recognize_surface.rs:201:36: replace / with * in try_recognize_cylinder
CaughtMutant	crates/geometry/src/convert/recognize_surface.rs	crates/geometry/src/convert/recognize_surface.rs:219:26: replace - with / in try_recognize_cylinder
MissedMutant	crates/geometry/src/convert/recognize_surface.rs	crates/geometry/src/convert/recognize_surface.rs:203:17: replace < with == in try_recognize_cylinder
MissedMutant	crates/geometry/src/convert/recognize_surface.rs	crates/geometry/src/convert/recognize_surface.rs:203:17: replace < with <= in try_recognize_cylinder
CaughtMutant	crates/geometry/src/convert/recognize_surface.rs	crates/geometry/src/convert/recognize_surface.rs:222:24: replace + with - in try_recognize_cylinder
CaughtMutant	crates/geometry/src/convert/recognize_surface.rs	crates/geometry/src/convert/recognize_surface.rs:222:24: replace + with * in try_recognize_cylinder
CaughtMutant	crates/geometry/src/convert/recognize_surface.rs	crates/geometry/src/convert/recognize_surface.rs:222:50: replace / with % in try_recognize_cylinder
CaughtMutant	crates/geometry/src/convert/recognize_surface.rs	crates/geometry/src/convert/recognize_surface.rs:222:50: replace / with * in try_recognize_cylinder
CaughtMutant	crates/geometry/src/convert/recognize_surface.rs	crates/geometry/src/convert/recognize_surface.rs:222:36: replace * with + in try_recognize_cylinder
CaughtMutant	crates/geometry/src/convert/recognize_surface.rs	crates/geometry/src/convert/recognize_surface.rs:222:30: replace - with / in try_recognize_cylinder
MissedMutant	crates/geometry/src/convert/recognize_surface.rs	crates/geometry/src/convert/recognize_surface.rs:219:32: replace * with / in try_recognize_cylinder
MissedMutant	crates/geometry/src/convert/recognize_surface.rs	crates/geometry/src/convert/recognize_surface.rs:219:26: replace - with + in try_recognize_cylinder
MissedMutant	crates/geometry/src/convert/recognize_surface.rs	crates/geometry/src/convert/recognize_surface.rs:219:52: replace - with + in try_recognize_cylinder
MissedMutant	crates/geometry/src/convert/recognize_surface.rs	crates/geometry/src/convert/recognize_surface.rs:219:52: replace - with / in try_recognize_cylinder
CaughtMutant	crates/geometry/src/convert/recognize_surface.rs	crates/geometry/src/convert/recognize_surface.rs:236:39: replace < with > in try_recognize_cylinder
Unviable	crates/geometry/src/convert/recognize_surface.rs	crates/geometry/src/convert/recognize_surface.rs:241:23: replace - with / in try_recognize_cylinder
Unviable	crates/geometry/src/convert/recognize_surface.rs	crates/geometry/src/convert/recognize_surface.rs:241:30: replace * with + in try_recognize_cylinder
Unviable	crates/geometry/src/convert/recognize_surface.rs	crates/geometry/src/convert/recognize_surface.rs:241:30: replace * with / in try_recognize_cylinder
Unviable	crates/geometry/src/convert/recognize_surface.rs	crates/geometry/src/convert/recognize_surface.rs:250:25: replace - with + in try_recognize_cylinder
Unviable	crates/geometry/src/convert/recognize_surface.rs	crates/geometry/src/convert/recognize_surface.rs:250:25: replace - with / in try_recognize_cylinder
CaughtMutant	crates/geometry/src/convert/recognize_surface.rs	crates/geometry/src/convert/recognize_surface.rs:241:23: replace - with + in try_recognize_cylinder
MissedMutant	crates/geometry/src/convert/recognize_surface.rs	crates/geometry/src/convert/recognize_surface.rs:222:36: replace * with / in try_recognize_cylinder
MissedMutant	crates/geometry/src/convert/recognize_surface.rs	crates/geometry/src/convert/recognize_surface.rs:222:30: replace - with + in try_recognize_cylinder
CaughtMutant	crates/geometry/src/convert/recognize_surface.rs	crates/geometry/src/convert/recognize_surface.rs:260:25: replace + with - in try_recognize_cylinder
CaughtMutant	crates/geometry/src/convert/recognize_surface.rs	crates/geometry/src/convert/recognize_surface.rs:260:25: replace + with * in try_recognize_cylinder
MissedMutant	crates/geometry/src/convert/recognize_surface.rs	crates/geometry/src/convert/recognize_surface.rs:222:56: replace - with + in try_recognize_cylinder
CaughtMutant	crates/geometry/src/convert/recognize_surface.rs	crates/geometry/src/convert/recognize_surface.rs:260:21: replace * with + in try_recognize_cylinder
CaughtMutant	crates/geometry/src/convert/recognize_surface.rs	crates/geometry/src/convert/recognize_surface.rs:260:21: replace * with / in try_recognize_cylinder
CaughtMutant	crates/geometry/src/convert/recognize_surface.rs	crates/geometry/src/convert/recognize_surface.rs:260:29: replace * with + in try_recognize_cylinder
CaughtMutant	crates/geometry/src/convert/recognize_surface.rs	crates/geometry/src/convert/recognize_surface.rs:260:29: replace * with / in try_recognize_cylinder
MissedMutant	crates/geometry/src/convert/recognize_surface.rs	crates/geometry/src/convert/recognize_surface.rs:222:56: replace - with / in try_recognize_cylinder
CaughtMutant	crates/geometry/src/convert/recognize_surface.rs	crates/geometry/src/convert/recognize_surface.rs:261:24: replace * with + in try_recognize_cylinder
CaughtMutant	crates/geometry/src/convert/recognize_surface.rs	crates/geometry/src/convert/recognize_surface.rs:261:24: replace * with / in try_recognize_cylinder
MissedMutant	crates/geometry/src/convert/recognize_surface.rs	crates/geometry/src/convert/recognize_surface.rs:236:39: replace < with == in try_recognize_cylinder
CaughtMutant	crates/geometry/src/convert/recognize_surface.rs	crates/geometry/src/convert/recognize_surface.rs:261:33: replace * with + in try_recognize_cylinder
CaughtMutant	crates/geometry/src/convert/recognize_surface.rs	crates/geometry/src/convert/recognize_surface.rs:261:33: replace * with / in try_recognize_cylinder
CaughtMutant	crates/geometry/src/convert/recognize_surface.rs	crates/geometry/src/convert/recognize_surface.rs:264:27: replace += with -= in try_recognize_cylinder
CaughtMutant	crates/geometry/src/convert/recognize_surface.rs	crates/geometry/src/convert/recognize_surface.rs:264:37: replace * with + in try_recognize_cylinder
MissedMutant	crates/geometry/src/convert/recognize_surface.rs	crates/geometry/src/convert/recognize_surface.rs:236:39: replace < with <= in try_recognize_cylinder
CaughtMutant	crates/geometry/src/convert/recognize_surface.rs	crates/geometry/src/convert/recognize_surface.rs:264:27: replace += with *= in try_recognize_cylinder
Unviable	crates/geometry/src/convert/recognize_surface.rs	crates/geometry/src/convert/recognize_surface.rs:274:38: replace + with * in try_recognize_cylinder
CaughtMutant	crates/geometry/src/convert/recognize_surface.rs	crates/geometry/src/convert/recognize_surface.rs:264:37: replace * with / in try_recognize_cylinder
CaughtMutant	crates/geometry/src/convert/recognize_surface.rs	crates/geometry/src/convert/recognize_surface.rs:266:20: replace += with -= in try_recognize_cylinder
Unviable	crates/geometry/src/convert/recognize_surface.rs	crates/geometry/src/convert/recognize_surface.rs:274:25: replace + with * in try_recognize_cylinder
Unviable	crates/geometry/src/convert/recognize_surface.rs	crates/geometry/src/convert/recognize_surface.rs:274:33: replace * with + in try_recognize_cylinder
CaughtMutant	crates/geometry/src/convert/recognize_surface.rs	crates/geometry/src/convert/recognize_surface.rs:266:20: replace += with *= in try_recognize_cylinder
Unviable	crates/geometry/src/convert/recognize_surface.rs	crates/geometry/src/convert/recognize_surface.rs:274:33: replace * with / in try_recognize_cylinder
CaughtMutant	crates/geometry/src/convert/recognize_surface.rs	crates/geometry/src/convert/recognize_surface.rs:266:30: replace * with + in try_recognize_cylinder
Unviable	crates/geometry/src/convert/recognize_surface.rs	crates/geometry/src/convert/recognize_surface.rs:274:46: replace * with + in try_recognize_cylinder
Unviable	crates/geometry/src/convert/recognize_surface.rs	crates/geometry/src/convert/recognize_surface.rs:274:46: replace * with / in try_recognize_cylinder
Unviable	crates/geometry/src/convert/recognize_surface.rs	crates/geometry/src/convert/recognize_surface.rs:278:25: replace - with + in try_recognize_cylinder
Unviable	crates/geometry/src/convert/recognize_surface.rs	crates/geometry/src/convert/recognize_surface.rs:278:25: replace - with / in try_recognize_cylinder
CaughtMutant	crates/geometry/src/convert/recognize_surface.rs	crates/geometry/src/convert/recognize_surface.rs:266:30: replace * with / in try_recognize_cylinder
Unviable	crates/geometry/src/convert/recognize_surface.rs	crates/geometry/src/convert/recognize_surface.rs:280:28: replace - with / in try_recognize_cylinder
Unviable	crates/geometry/src/convert/recognize_surface.rs	crates/geometry/src/convert/recognize_surface.rs:280:35: replace * with + in try_recognize_cylinder
CaughtMutant	crates/geometry/src/convert/recognize_surface.rs	crates/geometry/src/convert/recognize_surface.rs:274:38: replace + with - in try_recognize_cylinder
Unviable	crates/geometry/src/convert/recognize_surface.rs	crates/geometry/src/convert/recognize_surface.rs:280:35: replace * with / in try_recognize_cylinder
CaughtMutant	crates/geometry/src/convert/recognize_surface.rs	crates/geometry/src/convert/recognize_surface.rs:274:25: replace + with - in try_recognize_cylinder
CaughtMutant	crates/geometry/src/convert/recognize_surface.rs	crates/geometry/src/convert/recognize_surface.rs:280:28: replace - with + in try_recognize_cylinder
CaughtMutant	crates/geometry/src/convert/recognize_surface.rs	crates/geometry/src/convert/recognize_surface.rs:290:27: replace / with % in try_recognize_cylinder
CaughtMutant	crates/geometry/src/convert/recognize_surface.rs	crates/geometry/src/convert/recognize_surface.rs:290:27: replace / with * in try_recognize_cylinder
CaughtMutant	crates/geometry/src/convert/recognize_surface.rs	crates/geometry/src/convert/recognize_surface.rs:292:20: replace < with > in try_recognize_cylinder
CaughtMutant	crates/geometry/src/convert/recognize_surface.rs	crates/geometry/src/convert/recognize_surface.rs:298:21: replace - with + in try_recognize_cylinder
CaughtMutant	crates/geometry/src/convert/recognize_surface.rs	crates/geometry/src/convert/recognize_surface.rs:298:21: replace - with / in try_recognize_cylinder
Unviable	crates/geometry/src/convert/recognize_surface.rs	crates/geometry/src/convert/recognize_surface.rs:315:5: replace try_recognize_sphere -> Option<(Point3, f64)> with Some((Default::default(), 0.0))
Unviable	crates/geometry/src/convert/recognize_surface.rs	crates/geometry/src/convert/recognize_surface.rs:315:5: replace try_recognize_sphere -> Option<(Point3, f64)> with Some((Default::default(), 1.0))
Unviable	crates/geometry/src/convert/recognize_surface.rs	crates/geometry/src/convert/recognize_surface.rs:315:5: replace try_recognize_sphere -> Option<(Point3, f64)> with Some((Default::default(), -1.0))
CaughtMutant	crates/geometry/src/convert/recognize_surface.rs	crates/geometry/src/convert/recognize_surface.rs:300:16: replace > with == in try_recognize_cylinder
CaughtMutant	crates/geometry/src/convert/recognize_surface.rs	crates/geometry/src/convert/recognize_surface.rs:300:16: replace > with < in try_recognize_cylinder
CaughtMutant	crates/geometry/src/convert/recognize_surface.rs	crates/geometry/src/convert/recognize_surface.rs:315:5: replace try_recognize_sphere -> Option<(Point3, f64)> with None
CaughtMutant	crates/geometry/src/convert/recognize_surface.rs	crates/geometry/src/convert/recognize_surface.rs:323:20: replace + with - in try_recognize_sphere
CaughtMutant	crates/geometry/src/convert/recognize_surface.rs	crates/geometry/src/convert/recognize_surface.rs:323:20: replace + with * in try_recognize_sphere
CaughtMutant	crates/geometry/src/convert/recognize_surface.rs	crates/geometry/src/convert/recognize_surface.rs:323:46: replace / with % in try_recognize_sphere
CaughtMutant	crates/geometry/src/convert/recognize_surface.rs	crates/geometry/src/convert/recognize_surface.rs:323:46: replace / with * in try_recognize_sphere
CaughtMutant	crates/geometry/src/convert/recognize_surface.rs	crates/geometry/src/convert/recognize_surface.rs:323:32: replace * with + in try_recognize_sphere
CaughtMutant	crates/geometry/src/convert/recognize_surface.rs	crates/geometry/src/convert/recognize_surface.rs:323:32: replace * with / in try_recognize_sphere
CaughtMutant	crates/geometry/src/convert/recognize_surface.rs	crates/geometry/src/convert/recognize_surface.rs:323:26: replace - with / in try_recognize_sphere
MissedMutant	crates/geometry/src/convert/recognize_surface.rs	crates/geometry/src/convert/recognize_surface.rs:292:20: replace < with == in try_recognize_cylinder
CaughtMutant	crates/geometry/src/convert/recognize_surface.rs	crates/geometry/src/convert/recognize_surface.rs:326:24: replace + with - in try_recognize_sphere
MissedMutant	crates/geometry/src/convert/recognize_surface.rs	crates/geometry/src/convert/recognize_surface.rs:292:20: replace < with <= in try_recognize_cylinder
CaughtMutant	crates/geometry/src/convert/recognize_surface.rs	crates/geometry/src/convert/recognize_surface.rs:326:24: replace + with * in try_recognize_sphere
MissedMutant	crates/geometry/src/convert/recognize_surface.rs	crates/geometry/src/convert/recognize_surface.rs:300:16: replace > with >= in try_recognize_cylinder
CaughtMutant	crates/geometry/src/convert/recognize_surface.rs	crates/geometry/src/convert/recognize_surface.rs:326:50: replace / with % in try_recognize_sphere
CaughtMutant	crates/geometry/src/convert/recognize_surface.rs	crates/geometry/src/convert/recognize_surface.rs:326:50: replace / with * in try_recognize_sphere
CaughtMutant	crates/geometry/src/convert/recognize_surface.rs	crates/geometry/src/convert/recognize_surface.rs:326:36: replace * with + in try_recognize_sphere
CaughtMutant	crates/geometry/src/convert/recognize_surface.rs	crates/geometry/src/convert/recognize_surface.rs:326:36: replace * with / in try_recognize_sphere
CaughtMutant	crates/geometry/src/convert/recognize_surface.rs	crates/geometry/src/convert/recognize_surface.rs:326:30: replace - with / in try_recognize_sphere
MissedMutant	crates/geometry/src/convert/recognize_surface.rs	crates/geometry/src/convert/recognize_surface.rs:323:26: replace - with + in try_recognize_sphere
CaughtMutant	crates/geometry/src/convert/recognize_surface.rs	crates/geometry/src/convert/recognize_surface.rs:331:22: replace < with > in try_recognize_sphere
MissedMutant	crates/geometry/src/convert/recognize_surface.rs	crates/geometry/src/convert/recognize_surface.rs:323:52: replace - with + in try_recognize_sphere
MissedMutant	crates/geometry/src/convert/recognize_surface.rs	crates/geometry/src/convert/recognize_surface.rs:323:52: replace - with / in try_recognize_sphere
CaughtMutant	crates/geometry/src/convert/recognize_surface.rs	crates/geometry/src/convert/recognize_surface.rs:338:56: replace + with - in try_recognize_sphere
CaughtMutant	crates/geometry/src/convert/recognize_surface.rs	crates/geometry/src/convert/recognize_surface.rs:338:56: replace + with * in try_recognize_sphere
CaughtMutant	crates/geometry/src/convert/recognize_surface.rs	crates/geometry/src/convert/recognize_surface.rs:338:40: replace + with - in try_recognize_sphere
CaughtMutant	crates/geometry/src/convert/recognize_surface.rs	crates/geometry/src/convert/recognize_surface.rs:338:40: replace + with * in try_recognize_sphere
CaughtMutant	crates/geometry/src/convert/recognize_surface.rs	crates/geometry/src/convert/recognize_surface.rs:338:32: replace * with + in try_recognize_sphere
MissedMutant	crates/geometry/src/convert/recognize_surface.rs	crates/geometry/src/convert/recognize_surface.rs:326:30: replace - with + in try_recognize_sphere
CaughtMutant	crates/geometry/src/convert/recognize_surface.rs	crates/geometry/src/convert/recognize_surface.rs:338:32: replace * with / in try_recognize_sphere
MissedMutant	crates/geometry/src/convert/recognize_surface.rs	crates/geometry/src/convert/recognize_surface.rs:326:56: replace - with + in try_recognize_sphere
CaughtMutant	crates/geometry/src/convert/recognize_surface.rs	crates/geometry/src/convert/recognize_surface.rs:338:48: replace * with + in try_recognize_sphere
MissedMutant	crates/geometry/src/convert/recognize_surface.rs	crates/geometry/src/convert/recognize_surface.rs:326:56: replace - with / in try_recognize_sphere
CaughtMutant	crates/geometry/src/convert/recognize_surface.rs	crates/geometry/src/convert/recognize_surface.rs:338:48: replace * with / in try_recognize_sphere
MissedMutant	crates/geometry/src/convert/recognize_surface.rs	crates/geometry/src/convert/recognize_surface.rs:331:22: replace < with == in try_recognize_sphere
CaughtMutant	crates/geometry/src/convert/recognize_surface.rs	crates/geometry/src/convert/recognize_surface.rs:338:64: replace * with + in try_recognize_sphere
CaughtMutant	crates/geometry/src/convert/recognize_surface.rs	crates/geometry/src/convert/recognize_surface.rs:338:64: replace * with / in try_recognize_sphere
CaughtMutant	crates/geometry/src/convert/recognize_surface.rs	crates/geometry/src/convert/recognize_surface.rs:350:17: replace * with + in try_recognize_sphere
CaughtMutant	crates/geometry/src/convert/recognize_surface.rs	crates/geometry/src/convert/recognize_surface.rs:350:17: replace * with / in try_recognize_sphere
CaughtMutant	crates/geometry/src/convert/recognize_surface.rs	crates/geometry/src/convert/recognize_surface.rs:350:27: replace - with + in try_recognize_sphere
CaughtMutant	crates/geometry/src/convert/recognize_surface.rs	crates/geometry/src/convert/recognize_surface.rs:350:27: replace - with / in try_recognize_sphere
CaughtMutant	crates/geometry/src/convert/recognize_surface.rs	crates/geometry/src/convert/recognize_surface.rs:351:17: replace * with + in try_recognize_sphere
MissedMutant	crates/geometry/src/convert/recognize_surface.rs	crates/geometry/src/convert/recognize_surface.rs:331:22: replace < with <= in try_recognize_sphere
CaughtMutant	crates/geometry/src/convert/recognize_surface.rs	crates/geometry/src/convert/recognize_surface.rs:351:17: replace * with / in try_recognize_sphere
CaughtMutant	crates/geometry/src/convert/recognize_surface.rs	crates/geometry/src/convert/recognize_surface.rs:351:27: replace - with + in try_recognize_sphere
CaughtMutant	crates/geometry/src/convert/recognize_surface.rs	crates/geometry/src/convert/recognize_surface.rs:351:27: replace - with / in try_recognize_sphere
CaughtMutant	crates/geometry/src/convert/recognize_surface.rs	crates/geometry/src/convert/recognize_surface.rs:352:17: replace * with + in try_recognize_sphere
CaughtMutant	crates/geometry/src/convert/recognize_surface.rs	crates/geometry/src/convert/recognize_surface.rs:352:17: replace * with / in try_recognize_sphere
CaughtMutant	crates/geometry/src/convert/recognize_surface.rs	crates/geometry/src/convert/recognize_surface.rs:352:27: replace - with + in try_recognize_sphere
CaughtMutant	crates/geometry/src/convert/recognize_surface.rs	crates/geometry/src/convert/recognize_surface.rs:352:27: replace - with / in try_recognize_sphere
CaughtMutant	crates/geometry/src/convert/recognize_surface.rs	crates/geometry/src/convert/recognize_surface.rs:354:25: replace - with + in try_recognize_sphere
CaughtMutant	crates/geometry/src/convert/recognize_surface.rs	crates/geometry/src/convert/recognize_surface.rs:354:25: replace - with / in try_recognize_sphere
CaughtMutant	crates/geometry/src/convert/recognize_surface.rs	crates/geometry/src/convert/recognize_surface.rs:358:27: replace += with -= in try_recognize_sphere
CaughtMutant	crates/geometry/src/convert/recognize_surface.rs	crates/geometry/src/convert/recognize_surface.rs:358:27: replace += with *= in try_recognize_sphere
CaughtMutant	crates/geometry/src/convert/recognize_surface.rs	crates/geometry/src/convert/recognize_surface.rs:358:39: replace * with + in try_recognize_sphere
CaughtMutant	crates/geometry/src/convert/recognize_surface.rs	crates/geometry/src/convert/recognize_surface.rs:358:39: replace * with / in try_recognize_sphere
CaughtMutant	crates/geometry/src/convert/recognize_surface.rs	crates/geometry/src/convert/recognize_surface.rs:360:20: replace += with -= in try_recognize_sphere
CaughtMutant	crates/geometry/src/convert/recognize_surface.rs	crates/geometry/src/convert/recognize_surface.rs:360:20: replace += with *= in try_recognize_sphere
CaughtMutant	crates/geometry/src/convert/recognize_surface.rs	crates/geometry/src/convert/recognize_surface.rs:360:32: replace * with + in try_recognize_sphere
CaughtMutant	crates/geometry/src/convert/recognize_surface.rs	crates/geometry/src/convert/recognize_surface.rs:360:32: replace * with / in try_recognize_sphere
CaughtMutant	crates/geometry/src/convert/recognize_surface.rs	crates/geometry/src/convert/recognize_surface.rs:370:20: replace - with + in try_recognize_sphere
CaughtMutant	crates/geometry/src/convert/recognize_surface.rs	crates/geometry/src/convert/recognize_surface.rs:370:20: replace - with / in try_recognize_sphere
CaughtMutant	crates/geometry/src/convert/recognize_surface.rs	crates/geometry/src/convert/recognize_surface.rs:371:20: replace - with + in try_recognize_sphere
CaughtMutant	crates/geometry/src/convert/recognize_surface.rs	crates/geometry/src/convert/recognize_surface.rs:371:20: replace - with / in try_recognize_sphere
CaughtMutant	crates/geometry/src/convert/recognize_surface.rs	crates/geometry/src/convert/recognize_surface.rs:372:20: replace - with + in try_recognize_sphere
CaughtMutant	crates/geometry/src/convert/recognize_surface.rs	crates/geometry/src/convert/recognize_surface.rs:372:20: replace - with / in try_recognize_sphere
CaughtMutant	crates/geometry/src/convert/recognize_surface.rs	crates/geometry/src/convert/recognize_surface.rs:380:27: replace / with % in try_recognize_sphere
CaughtMutant	crates/geometry/src/convert/recognize_surface.rs	crates/geometry/src/convert/recognize_surface.rs:380:27: replace / with * in try_recognize_sphere
CaughtMutant	crates/geometry/src/convert/recognize_surface.rs	crates/geometry/src/convert/recognize_surface.rs:382:20: replace < with > in try_recognize_sphere
CaughtMutant	crates/geometry/src/convert/recognize_surface.rs	crates/geometry/src/convert/recognize_surface.rs:388:21: replace - with + in try_recognize_sphere
CaughtMutant	crates/geometry/src/convert/recognize_surface.rs	crates/geometry/src/convert/recognize_surface.rs:388:21: replace - with / in try_recognize_sphere
Unviable	crates/geometry/src/convert/recognize_surface.rs	crates/geometry/src/convert/recognize_surface.rs:415:5: replace try_recognize_cone -> Option<(Point3, Vec3, f64)> with Some((Default::default(), Default::default(), 0.0))
Unviable	crates/geometry/src/convert/recognize_surface.rs	crates/geometry/src/convert/recognize_surface.rs:415:5: replace try_recognize_cone -> Option<(Point3, Vec3, f64)> with Some((Default::default(), Default::default(), 1.0))
Unviable	crates/geometry/src/convert/recognize_surface.rs	crates/geometry/src/convert/recognize_surface.rs:415:5: replace try_recognize_cone -> Option<(Point3, Vec3, f64)> with Some((Default::default(), Default::default(), -1.0))
CaughtMutant	crates/geometry/src/convert/recognize_surface.rs	crates/geometry/src/convert/recognize_surface.rs:391:16: replace > with == in try_recognize_sphere
CaughtMutant	crates/geometry/src/convert/recognize_surface.rs	crates/geometry/src/convert/recognize_surface.rs:391:16: replace > with < in try_recognize_sphere
CaughtMutant	crates/geometry/src/convert/recognize_surface.rs	crates/geometry/src/convert/recognize_surface.rs:415:5: replace try_recognize_cone -> Option<(Point3, Vec3, f64)> with None
CaughtMutant	crates/geometry/src/convert/recognize_surface.rs	crates/geometry/src/convert/recognize_surface.rs:417:18: replace < with > in try_recognize_cone
CaughtMutant	crates/geometry/src/convert/recognize_surface.rs	crates/geometry/src/convert/recognize_surface.rs:421:22: replace < with == in try_recognize_cone
CaughtMutant	crates/geometry/src/convert/recognize_surface.rs	crates/geometry/src/convert/recognize_surface.rs:421:22: replace < with > in try_recognize_cone
CaughtMutant	crates/geometry/src/convert/recognize_surface.rs	crates/geometry/src/convert/recognize_surface.rs:421:22: replace < with <= in try_recognize_cone
MissedMutant	crates/geometry/src/convert/recognize_surface.rs	crates/geometry/src/convert/recognize_surface.rs:382:20: replace < with == in try_recognize_sphere
CaughtMutant	crates/geometry/src/convert/recognize_surface.rs	crates/geometry/src/convert/recognize_surface.rs:435:31: replace >= with < in try_recognize_cone
CaughtMutant	crates/geometry/src/convert/recognize_surface.rs	crates/geometry/src/convert/recognize_surface.rs:435:81: replace < with == in try_recognize_cone
Unviable	crates/geometry/src/convert/recognize_surface.rs	crates/geometry/src/convert/recognize_surface.rs:435:50: replace - with + in try_recognize_cone
MissedMutant	crates/geometry/src/convert/recognize_surface.rs	crates/geometry/src/convert/recognize_surface.rs:382:20: replace < with <= in try_recognize_sphere
Unviable	crates/geometry/src/convert/recognize_surface.rs	crates/geometry/src/convert/recognize_surface.rs:435:50: replace - with / in try_recognize_cone
CaughtMutant	crates/geometry/src/convert/recognize_surface.rs	crates/geometry/src/convert/recognize_surface.rs:435:81: replace < with > in try_recognize_cone
MissedMutant	crates/geometry/src/convert/recognize_surface.rs	crates/geometry/src/convert/recognize_surface.rs:391:16: replace > with >= in try_recognize_sphere
CaughtMutant	crates/geometry/src/convert/recognize_surface.rs	crates/geometry/src/convert/recognize_surface.rs:435:63: replace - with + in try_recognize_cone
MissedMutant	crates/geometry/src/convert/recognize_surface.rs	crates/geometry/src/convert/recognize_surface.rs:417:18: replace < with == in try_recognize_cone
CaughtMutant	crates/geometry/src/convert/recognize_surface.rs	crates/geometry/src/convert/recognize_surface.rs:435:63: replace - with / in try_recognize_cone
Unviable	crates/geometry/src/convert/recognize_surface.rs	crates/geometry/src/convert/recognize_surface.rs:442:36: replace - with + in try_recognize_cone
Unviable	crates/geometry/src/convert/recognize_surface.rs	crates/geometry/src/convert/recognize_surface.rs:442:36: replace - with / in try_recognize_cone
MissedMutant	crates/geometry/src/convert/recognize_surface.rs	crates/geometry/src/convert/recognize_surface.rs:417:18: replace < with <= in try_recognize_cone
CaughtMutant	crates/geometry/src/convert/recognize_surface.rs	crates/geometry/src/convert/recognize_surface.rs:436:16: replace - with + in try_recognize_cone
Unviable	crates/geometry/src/convert/recognize_surface.rs	crates/geometry/src/convert/recognize_surface.rs:443:18: replace += with *= in try_recognize_cone
Unviable	crates/geometry/src/convert/recognize_surface.rs	crates/geometry/src/convert/recognize_surface.rs:446:29: replace * with + in try_recognize_cone
CaughtMutant	crates/geometry/src/convert/recognize_surface.rs	crates/geometry/src/convert/recognize_surface.rs:436:16: replace - with / in try_recognize_cone
Unviable	crates/geometry/src/convert/recognize_surface.rs	crates/geometry/src/convert/recognize_surface.rs:446:29: replace * with / in try_recognize_cone
CaughtMutant	crates/geometry/src/convert/recognize_surface.rs	crates/geometry/src/convert/recognize_surface.rs:442:31: replace - with + in try_recognize_cone
CaughtMutant	crates/geometry/src/convert/recognize_surface.rs	crates/geometry/src/convert/recognize_surface.rs:442:31: replace - with / in try_recognize_cone
MissedMutant	crates/geometry/src/convert/recognize_surface.rs	crates/geometry/src/convert/recognize_surface.rs:435:36: replace && with || in try_recognize_cone
CaughtMutant	crates/geometry/src/convert/recognize_surface.rs	crates/geometry/src/convert/recognize_surface.rs:447:26: replace < with > in try_recognize_cone
CaughtMutant	crates/geometry/src/convert/recognize_surface.rs	crates/geometry/src/convert/recognize_surface.rs:462:20: replace + with - in try_recognize_cone
MissedMutant	crates/geometry/src/convert/recognize_surface.rs	crates/geometry/src/convert/recognize_surface.rs:435:81: replace < with <= in try_recognize_cone
CaughtMutant	crates/geometry/src/convert/recognize_surface.rs	crates/geometry/src/convert/recognize_surface.rs:462:20: replace + with * in try_recognize_cone
CaughtMutant	crates/geometry/src/convert/recognize_surface.rs	crates/geometry/src/convert/recognize_surface.rs:462:52: replace / with % in try_recognize_cone
CaughtMutant	crates/geometry/src/convert/recognize_surface.rs	crates/geometry/src/convert/recognize_surface.rs:462:52: replace / with * in try_recognize_cone
CaughtMutant	crates/geometry/src/convert/recognize_surface.rs	crates/geometry/src/convert/recognize_surface.rs:462:32: replace * with + in try_recognize_cone
CaughtMutant	crates/geometry/src/convert/recognize_surface.rs	crates/geometry/src/convert/recognize_surface.rs:462:32: replace * with / in try_recognize_cone
MissedMutant	crates/geometry/src/convert/recognize_surface.rs	crates/geometry/src/convert/recognize_surface.rs:443:18: replace += with -= in try_recognize_cone
CaughtMutant	crates/geometry/src/convert/recognize_surface.rs	crates/geometry/src/convert/recognize_surface.rs:462:26: replace - with / in try_recognize_cone
MissedMutant	crates/geometry/src/convert/recognize_surface.rs	crates/geometry/src/convert/recognize_surface.rs:446:36: replace / with % in try_recognize_cone
MissedMutant	crates/geometry/src/convert/recognize_surface.rs	crates/geometry/src/convert/recognize_surface.rs:446:36: replace / with * in try_recognize_cone
CaughtMutant	crates/geometry/src/convert/recognize_surface.rs	crates/geometry/src/convert/recognize_surface.rs:462:45: replace + with - in try_recognize_cone
MissedMutant	crates/geometry/src/convert/recognize_surface.rs	crates/geometry/src/convert/recognize_surface.rs:447:26: replace < with == in try_recognize_cone
MissedMutant	crates/geometry/src/convert/recognize_surface.rs	crates/geometry/src/convert/recognize_surface.rs:447:26: replace < with <= in try_recognize_cone
CaughtMutant	crates/geometry/src/convert/recognize_surface.rs	crates/geometry/src/convert/recognize_surface.rs:462:45: replace + with * in try_recognize_cone
CaughtMutant	crates/geometry/src/convert/recognize_surface.rs	crates/geometry/src/convert/recognize_surface.rs:465:24: replace + with - in try_recognize_cone
CaughtMutant	crates/geometry/src/convert/recognize_surface.rs	crates/geometry/src/convert/recognize_surface.rs:465:24: replace + with * in try_recognize_cone
CaughtMutant	crates/geometry/src/convert/recognize_surface.rs	crates/geometry/src/convert/recognize_surface.rs:465:50: replace / with % in try_recognize_cone
CaughtMutant	crates/geometry/src/convert/recognize_surface.rs	crates/geometry/src/convert/recognize_surface.rs:465:50: replace / with * in try_recognize_cone
CaughtMutant	crates/geometry/src/convert/recognize_surface.rs	crates/geometry/src/convert/recognize_surface.rs:465:36: replace * with + in try_recognize_cone
CaughtMutant	crates/geometry/src/convert/recognize_surface.rs	crates/geometry/src/convert/recognize_surface.rs:465:30: replace - with / in try_recognize_cone
CaughtMutant	crates/geometry/src/convert/recognize_surface.rs	crates/geometry/src/convert/recognize_surface.rs:477:21: replace / with % in try_recognize_cone
CaughtMutant	crates/geometry/src/convert/recognize_surface.rs	crates/geometry/src/convert/recognize_surface.rs:477:21: replace / with * in try_recognize_cone
CaughtMutant	crates/geometry/src/convert/recognize_surface.rs	crates/geometry/src/convert/recognize_surface.rs:482:18: replace += with -= in try_recognize_cone
MissedMutant	crates/geometry/src/convert/recognize_surface.rs	crates/geometry/src/convert/recognize_surface.rs:462:26: replace - with + in try_recognize_cone
CaughtMutant	crates/geometry/src/convert/recognize_surface.rs	crates/geometry/src/convert/recognize_surface.rs:482:18: replace += with *= in try_recognize_cone
CaughtMutant	crates/geometry/src/convert/recognize_surface.rs	crates/geometry/src/convert/recognize_surface.rs:483:18: replace += with -= in try_recognize_cone
CaughtMutant	crates/geometry/src/convert/recognize_surface.rs	crates/geometry/src/convert/recognize_surface.rs:483:18: replace += with *= in try_recognize_cone
CaughtMutant	crates/geometry/src/convert/recognize_surface.rs	crates/geometry/src/convert/recognize_surface.rs:484:18: replace += with -= in try_recognize_cone
CaughtMutant	crates/geometry/src/convert/recognize_surface.rs	crates/geometry/src/convert/recognize_surface.rs:484:18: replace += with *= in try_recognize_cone
CaughtMutant	crates/geometry/src/convert/recognize_surface.rs	crates/geometry/src/convert/recognize_surface.rs:486:39: replace * with + in try_recognize_cone
CaughtMutant	crates/geometry/src/convert/recognize_surface.rs	crates/geometry/src/convert/recognize_surface.rs:486:39: replace * with / in try_recognize_cone
MissedMutant	crates/geometry/src/convert/recognize_surface.rs	crates/geometry/src/convert/recognize_surface.rs:465:36: replace * with / in try_recognize_cone
CaughtMutant	crates/geometry/src/convert/recognize_surface.rs	crates/geometry/src/convert/recognize_surface.rs:486:57: replace * with + in try_recognize_cone
Unviable	crates/geometry/src/convert/recognize_surface.rs	crates/geometry/src/convert/recognize_surface.rs:496:23: replace - with + in try_recognize_cone
Unviable	crates/geometry/src/convert/recognize_surface.rs	crates/geometry/src/convert/recognize_surface.rs:496:23: replace - with / in try_recognize_cone
MissedMutant	crates/geometry/src/convert/recognize_surface.rs	crates/geometry/src/convert/recognize_surface.rs:465:30: replace - with + in try_recognize_cone
Unviable	crates/geometry/src/convert/recognize_surface.rs	crates/geometry/src/convert/recognize_surface.rs:498:31: replace - with / in try_recognize_cone
CaughtMutant	crates/geometry/src/convert/recognize_surface.rs	crates/geometry/src/convert/recognize_surface.rs:486:57: replace * with / in try_recognize_cone
Unviable	crates/geometry/src/convert/recognize_surface.rs	crates/geometry/src/convert/recognize_surface.rs:498:38: replace * with / in try_recognize_cone
MissedMutant	crates/geometry/src/convert/recognize_surface.rs	crates/geometry/src/convert/recognize_surface.rs:465:56: replace - with + in try_recognize_cone
Unviable	crates/geometry/src/convert/recognize_surface.rs	crates/geometry/src/convert/recognize_surface.rs:498:38: replace * with + in try_recognize_cone
CaughtMutant	crates/geometry/src/convert/recognize_surface.rs	crates/geometry/src/convert/recognize_surface.rs:486:75: replace * with + in try_recognize_cone
MissedMutant	crates/geometry/src/convert/recognize_surface.rs	crates/geometry/src/convert/recognize_surface.rs:465:56: replace - with / in try_recognize_cone
CaughtMutant	crates/geometry/src/convert/recognize_surface.rs	crates/geometry/src/convert/recognize_surface.rs:486:75: replace * with / in try_recognize_cone
CaughtMutant	crates/geometry/src/convert/recognize_surface.rs	crates/geometry/src/convert/recognize_surface.rs:498:31: replace - with + in try_recognize_cone
CaughtMutant	crates/geometry/src/convert/recognize_surface.rs	crates/geometry/src/convert/recognize_surface.rs:507:22: replace < with > in try_recognize_cone
CaughtMutant	crates/geometry/src/convert/recognize_surface.rs	crates/geometry/src/convert/recognize_surface.rs:525:24: replace / with % in try_recognize_cone
CaughtMutant	crates/geometry/src/convert/recognize_surface.rs	crates/geometry/src/convert/recognize_surface.rs:525:24: replace / with * in try_recognize_cone
CaughtMutant	crates/geometry/src/convert/recognize_surface.rs	crates/geometry/src/convert/recognize_surface.rs:529:28: replace - with / in try_recognize_cone
MissedMutant	crates/geometry/src/convert/recognize_surface.rs	crates/geometry/src/convert/recognize_surface.rs:507:22: replace < with == in try_recognize_cone
MissedMutant	crates/geometry/src/convert/recognize_surface.rs	crates/geometry/src/convert/recognize_surface.rs:507:14: replace - with / in try_recognize_cone
MissedMutant	crates/geometry/src/convert/recognize_surface.rs	crates/geometry/src/convert/recognize_surface.rs:507:14: replace - with + in try_recognize_cone
MissedMutant	crates/geometry/src/convert/recognize_surface.rs	crates/geometry/src/convert/recognize_surface.rs:507:22: replace < with <= in try_recognize_cone
MissedMutant	crates/geometry/src/convert/recognize_surface.rs	crates/geometry/src/convert/recognize_surface.rs:524:24: replace / with * in try_recognize_cone
MissedMutant	crates/geometry/src/convert/recognize_surface.rs	crates/geometry/src/convert/recognize_surface.rs:524:24: replace / with % in try_recognize_cone
CaughtMutant	crates/geometry/src/convert/recognize_surface.rs	crates/geometry/src/convert/recognize_surface.rs:530:29: replace - with / in try_recognize_cone
CaughtMutant	crates/geometry/src/convert/recognize_surface.rs	crates/geometry/src/convert/recognize_surface.rs:531:14: replace += with -= in try_recognize_cone
CaughtMutant	crates/geometry/src/convert/recognize_surface.rs	crates/geometry/src/convert/recognize_surface.rs:531:14: replace += with *= in try_recognize_cone
CaughtMutant	crates/geometry/src/convert/recognize_surface.rs	crates/geometry/src/convert/recognize_surface.rs:531:20: replace * with + in try_recognize_cone
CaughtMutant	crates/geometry/src/convert/recognize_surface.rs	crates/geometry/src/convert/recognize_surface.rs:531:20: replace * with / in try_recognize_cone
CaughtMutant	crates/geometry/src/convert/recognize_surface.rs	crates/geometry/src/convert/recognize_surface.rs:532:14: replace += with -= in try_recognize_cone
MissedMutant	crates/geometry/src/convert/recognize_surface.rs	crates/geometry/src/convert/recognize_surface.rs:529:28: replace - with + in try_recognize_cone
CaughtMutant	crates/geometry/src/convert/recognize_surface.rs	crates/geometry/src/convert/recognize_surface.rs:532:14: replace += with *= in try_recognize_cone
CaughtMutant	crates/geometry/src/convert/recognize_surface.rs	crates/geometry/src/convert/recognize_surface.rs:532:20: replace * with + in try_recognize_cone
CaughtMutant	crates/geometry/src/convert/recognize_surface.rs	crates/geometry/src/convert/recognize_surface.rs:532:20: replace * with / in try_recognize_cone
CaughtMutant	crates/geometry/src/convert/recognize_surface.rs	crates/geometry/src/convert/recognize_surface.rs:534:13: replace < with > in try_recognize_cone
CaughtMutant	crates/geometry/src/convert/recognize_surface.rs	crates/geometry/src/convert/recognize_surface.rs:537:22: replace / with % in try_recognize_cone
MissedMutant	crates/geometry/src/convert/recognize_surface.rs	crates/geometry/src/convert/recognize_surface.rs:530:29: replace - with + in try_recognize_cone
CaughtMutant	crates/geometry/src/convert/recognize_surface.rs	crates/geometry/src/convert/recognize_surface.rs:537:22: replace / with * in try_recognize_cone
CaughtMutant	crates/geometry/src/convert/recognize_surface.rs	crates/geometry/src/convert/recognize_surface.rs:538:28: replace - with / in try_recognize_cone
CaughtMutant	crates/geometry/src/convert/recognize_surface.rs	crates/geometry/src/convert/recognize_surface.rs:538:36: replace * with + in try_recognize_cone
CaughtMutant	crates/geometry/src/convert/recognize_surface.rs	crates/geometry/src/convert/recognize_surface.rs:538:36: replace * with / in try_recognize_cone
CaughtMutant	crates/geometry/src/convert/recognize_surface.rs	crates/geometry/src/convert/recognize_surface.rs:539:20: replace < with > in try_recognize_cone
CaughtMutant	crates/geometry/src/convert/recognize_surface.rs	crates/geometry/src/convert/recognize_surface.rs:543:33: replace / with % in try_recognize_cone
CaughtMutant	crates/geometry/src/convert/recognize_surface.rs	crates/geometry/src/convert/recognize_surface.rs:543:33: replace / with * in try_recognize_cone
CaughtMutant	crates/geometry/src/convert/recognize_surface.rs	crates/geometry/src/convert/recognize_surface.rs:543:22: delete - in try_recognize_cone
CaughtMutant	crates/geometry/src/convert/recognize_surface.rs	crates/geometry/src/convert/recognize_surface.rs:547:38: replace + with - in try_recognize_cone
CaughtMutant	crates/geometry/src/convert/recognize_surface.rs	crates/geometry/src/convert/recognize_surface.rs:547:38: replace + with * in try_recognize_cone
MissedMutant	crates/geometry/src/convert/recognize_surface.rs	crates/geometry/src/convert/recognize_surface.rs:534:13: replace < with == in try_recognize_cone
CaughtMutant	crates/geometry/src/convert/recognize_surface.rs	crates/geometry/src/convert/recognize_surface.rs:547:26: replace * with + in try_recognize_cone
MissedMutant	crates/geometry/src/convert/recognize_surface.rs	crates/geometry/src/convert/recognize_surface.rs:534:13: replace < with <= in try_recognize_cone
MissedMutant	crates/geometry/src/convert/recognize_surface.rs	crates/geometry/src/convert/recognize_surface.rs:538:28: replace - with + in try_recognize_cone
CaughtMutant	crates/geometry/src/convert/recognize_surface.rs	crates/geometry/src/convert/recognize_surface.rs:547:26: replace * with / in try_recognize_cone
CaughtMutant	crates/geometry/src/convert/recognize_surface.rs	crates/geometry/src/convert/recognize_surface.rs:548:38: replace > with == in try_recognize_cone
CaughtMutant	crates/geometry/src/convert/recognize_surface.rs	crates/geometry/src/convert/recognize_surface.rs:548:38: replace > with < in try_recognize_cone
CaughtMutant	crates/geometry/src/convert/recognize_surface.rs	crates/geometry/src/convert/recognize_surface.rs:548:24: replace - with + in try_recognize_cone
CaughtMutant	crates/geometry/src/convert/recognize_surface.rs	crates/geometry/src/convert/recognize_surface.rs:548:24: replace - with / in try_recognize_cone
CaughtMutant	crates/geometry/src/convert/recognize_surface.rs	crates/geometry/src/convert/recognize_surface.rs:561:27: replace / with % in try_recognize_cone
MissedMutant	crates/geometry/src/convert/recognize_surface.rs	crates/geometry/src/convert/recognize_surface.rs:539:20: replace < with == in try_recognize_cone
CaughtMutant	crates/geometry/src/convert/recognize_surface.rs	crates/geometry/src/convert/recognize_surface.rs:561:27: replace / with * in try_recognize_cone
MissedMutant	crates/geometry/src/convert/recognize_surface.rs	crates/geometry/src/convert/recognize_surface.rs:539:20: replace < with <= in try_recognize_cone
CaughtMutant	crates/geometry/src/convert/recognize_surface.rs	crates/geometry/src/convert/recognize_surface.rs:562:8: delete ! in try_recognize_cone
CaughtMutant	crates/geometry/src/convert/recognize_surface.rs	crates/geometry/src/convert/recognize_surface.rs:562:14: replace < with == in try_recognize_cone
CaughtMutant	crates/geometry/src/convert/recognize_surface.rs	crates/geometry/src/convert/recognize_surface.rs:562:14: replace < with > in try_recognize_cone
Unviable	crates/geometry/src/convert/recognize_surface.rs	crates/geometry/src/convert/recognize_surface.rs:571:28: replace * with + in try_recognize_cone
Unviable	crates/geometry/src/convert/recognize_surface.rs	crates/geometry/src/convert/recognize_surface.rs:571:28: replace * with / in try_recognize_cone
CaughtMutant	crates/geometry/src/convert/recognize_surface.rs	crates/geometry/src/convert/recognize_surface.rs:562:41: replace < with == in try_recognize_cone
Unviable	crates/geometry/src/convert/recognize_surface.rs	crates/geometry/src/convert/recognize_surface.rs:572:23: replace + with * in try_recognize_cone
CaughtMutant	crates/geometry/src/convert/recognize_surface.rs	crates/geometry/src/convert/recognize_surface.rs:562:41: replace < with > in try_recognize_cone
CaughtMutant	crates/geometry/src/convert/recognize_surface.rs	crates/geometry/src/convert/recognize_surface.rs:572:23: replace + with - in try_recognize_cone
CaughtMutant	crates/geometry/src/convert/recognize_surface.rs	crates/geometry/src/convert/recognize_surface.rs:573:30: replace > with == in try_recognize_cone
CaughtMutant	crates/geometry/src/convert/recognize_surface.rs	crates/geometry/src/convert/recognize_surface.rs:573:30: replace > with < in try_recognize_cone
Unviable	crates/geometry/src/convert/recognize_surface.rs	crates/geometry/src/convert/recognize_surface.rs:599:5: replace try_recognize_torus -> Option<(Point3, Vec3, f64, f64)> with Some((Default::default(), Default::default(), 0.0, 0.0))
Unviable	crates/geometry/src/convert/recognize_surface.rs	crates/geometry/src/convert/recognize_surface.rs:599:5: replace try_recognize_torus -> Option<(Point3, Vec3, f64, f64)> with Some((Default::default(), Default::default(), 0.0, 1.0))
Unviable	crates/geometry/src/convert/recognize_surface.rs	crates/geometry/src/convert/recognize_surface.rs:599:5: replace try_recognize_torus -> Option<(Point3, Vec3, f64, f64)> with Some((Default::default(), Default::default(), 0.0, -1.0))
Unviable	crates/geometry/src/convert/recognize_surface.rs	crates/geometry/src/convert/recognize_surface.rs:599:5: replace try_recognize_torus -> Option<(Point3, Vec3, f64, f64)> with Some((Default::default(), Default::default(), 1.0, 0.0))
CaughtMutant	crates/geometry/src/convert/recognize_surface.rs	crates/geometry/src/convert/recognize_surface.rs:573:52: delete - in try_recognize_cone
MissedMutant	crates/geometry/src/convert/recognize_surface.rs	crates/geometry/src/convert/recognize_surface.rs:548:38: replace > with >= in try_recognize_cone
Unviable	crates/geometry/src/convert/recognize_surface.rs	crates/geometry/src/convert/recognize_surface.rs:599:5: replace try_recognize_torus -> Option<(Point3, Vec3, f64, f64)> with Some((Default::default(), Default::default(), 1.0, 1.0))
CaughtMutant	crates/geometry/src/convert/recognize_surface.rs	crates/geometry/src/convert/recognize_surface.rs:599:5: replace try_recognize_torus -> Option<(Point3, Vec3, f64, f64)> with None
Unviable	crates/geometry/src/convert/recognize_surface.rs	crates/geometry/src/convert/recognize_surface.rs:599:5: replace try_recognize_torus -> Option<(Point3, Vec3, f64, f64)> with Some((Default::default(), Default::default(), 1.0, -1.0))
Unviable	crates/geometry/src/convert/recognize_surface.rs	crates/geometry/src/convert/recognize_surface.rs:599:5: replace try_recognize_torus -> Option<(Point3, Vec3, f64, f64)> with Some((Default::default(), Default::default(), -1.0, 0.0))
Unviable	crates/geometry/src/convert/recognize_surface.rs	crates/geometry/src/convert/recognize_surface.rs:599:5: replace try_recognize_torus -> Option<(Point3, Vec3, f64, f64)> with Some((Default::default(), Default::default(), -1.0, 1.0))
Unviable	crates/geometry/src/convert/recognize_surface.rs	crates/geometry/src/convert/recognize_surface.rs:599:5: replace try_recognize_torus -> Option<(Point3, Vec3, f64, f64)> with Some((Default::default(), Default::default(), -1.0, -1.0))
CaughtMutant	crates/geometry/src/convert/recognize_surface.rs	crates/geometry/src/convert/recognize_surface.rs:601:18: replace < with > in try_recognize_torus
MissedMutant	crates/geometry/src/convert/recognize_surface.rs	crates/geometry/src/convert/recognize_surface.rs:562:27: replace && with || in try_recognize_cone
MissedMutant	crates/geometry/src/convert/recognize_surface.rs	crates/geometry/src/convert/recognize_surface.rs:562:14: replace < with <= in try_recognize_cone
MissedMutant	crates/geometry/src/convert/recognize_surface.rs	crates/geometry/src/convert/recognize_surface.rs:562:41: replace < with <= in try_recognize_cone
CaughtMutant	crates/geometry/src/convert/recognize_surface.rs	crates/geometry/src/convert/recognize_surface.rs:605:22: replace < with > in try_recognize_torus
MissedMutant	crates/geometry/src/convert/recognize_surface.rs	crates/geometry/src/convert/recognize_surface.rs:573:30: replace > with >= in try_recognize_cone
CaughtMutant	crates/geometry/src/convert/recognize_surface.rs	crates/geometry/src/convert/recognize_surface.rs:620:15: replace < with > in try_recognize_torus
Unviable	crates/geometry/src/convert/recognize_surface.rs	crates/geometry/src/convert/recognize_surface.rs:626:28: replace - with + in try_recognize_torus
Unviable	crates/geometry/src/convert/recognize_surface.rs	crates/geometry/src/convert/recognize_surface.rs:626:28: replace - with / in try_recognize_torus
MissedMutant	crates/geometry/src/convert/recognize_surface.rs	crates/geometry/src/convert/recognize_surface.rs:601:18: replace < with == in try_recognize_torus
Unviable	crates/geometry/src/convert/recognize_surface.rs	crates/geometry/src/convert/recognize_surface.rs:628:32: replace - with + in try_recognize_torus
Unviable	crates/geometry/src/convert/recognize_surface.rs	crates/geometry/src/convert/recognize_surface.rs:628:32: replace - with / in try_recognize_torus
Unviable	crates/geometry/src/convert/recognize_surface.rs	crates/geometry/src/convert/recognize_surface.rs:631:17: replace && with || in try_recognize_torus
MissedMutant	crates/geometry/src/convert/recognize_surface.rs	crates/geometry/src/convert/recognize_surface.rs:601:18: replace < with <= in try_recognize_torus
MissedMutant	crates/geometry/src/convert/recognize_surface.rs	crates/geometry/src/convert/recognize_surface.rs:605:22: replace < with == in try_recognize_torus
CaughtMutant	crates/geometry/src/convert/recognize_surface.rs	crates/geometry/src/convert/recognize_surface.rs:630:31: replace > with == in try_recognize_torus
CaughtMutant	crates/geometry/src/convert/recognize_surface.rs	crates/geometry/src/convert/recognize_surface.rs:630:31: replace > with < in try_recognize_torus
MissedMutant	crates/geometry/src/convert/recognize_surface.rs	crates/geometry/src/convert/recognize_surface.rs:605:22: replace < with <= in try_recognize_torus
MissedMutant	crates/geometry/src/convert/recognize_surface.rs	crates/geometry/src/convert/recognize_surface.rs:620:15: replace < with == in try_recognize_torus
MissedMutant	crates/geometry/src/convert/recognize_surface.rs	crates/geometry/src/convert/recognize_surface.rs:620:15: replace < with <= in try_recognize_torus
CaughtMutant	crates/geometry/src/convert/recognize_surface.rs	crates/geometry/src/convert/recognize_surface.rs:646:20: replace + with - in try_recognize_torus
CaughtMutant	crates/geometry/src/convert/recognize_surface.rs	crates/geometry/src/convert/recognize_surface.rs:646:20: replace + with * in try_recognize_torus
CaughtMutant	crates/geometry/src/convert/recognize_surface.rs	crates/geometry/src/convert/recognize_surface.rs:646:52: replace / with % in try_recognize_torus
CaughtMutant	crates/geometry/src/convert/recognize_surface.rs	crates/geometry/src/convert/recognize_surface.rs:646:52: replace / with * in try_recognize_torus
MissedMutant	crates/geometry/src/convert/recognize_surface.rs	crates/geometry/src/convert/recognize_surface.rs:627:21: replace + with - in try_recognize_torus
CaughtMutant	crates/geometry/src/convert/recognize_surface.rs	crates/geometry/src/convert/recognize_surface.rs:646:32: replace * with + in try_recognize_torus
MissedMutant	crates/geometry/src/convert/recognize_surface.rs	crates/geometry/src/convert/recognize_surface.rs:627:21: replace + with * in try_recognize_torus
CaughtMutant	crates/geometry/src/convert/recognize_surface.rs	crates/geometry/src/convert/recognize_surface.rs:646:32: replace * with / in try_recognize_torus
CaughtMutant	crates/geometry/src/convert/recognize_surface.rs	crates/geometry/src/convert/recognize_surface.rs:646:26: replace - with / in try_recognize_torus
CaughtMutant	crates/geometry/src/convert/recognize_surface.rs	crates/geometry/src/convert/recognize_surface.rs:646:45: replace + with - in try_recognize_torus
CaughtMutant	crates/geometry/src/convert/recognize_surface.rs	crates/geometry/src/convert/recognize_surface.rs:646:45: replace + with * in try_recognize_torus
CaughtMutant	crates/geometry/src/convert/recognize_surface.rs	crates/geometry/src/convert/recognize_surface.rs:649:24: replace + with - in try_recognize_torus
CaughtMutant	crates/geometry/src/convert/recognize_surface.rs	crates/geometry/src/convert/recognize_surface.rs:649:24: replace + with * in try_recognize_torus
CaughtMutant	crates/geometry/src/convert/recognize_surface.rs	crates/geometry/src/convert/recognize_surface.rs:649:50: replace / with % in try_recognize_torus
CaughtMutant	crates/geometry/src/convert/recognize_surface.rs	crates/geometry/src/convert/recognize_surface.rs:649:50: replace / with * in try_recognize_torus
CaughtMutant	crates/geometry/src/convert/recognize_surface.rs	crates/geometry/src/convert/recognize_surface.rs:649:36: replace * with + in try_recognize_torus
MissedMutant	crates/geometry/src/convert/recognize_surface.rs	crates/geometry/src/convert/recognize_surface.rs:630:31: replace > with >= in try_recognize_torus
CaughtMutant	crates/geometry/src/convert/recognize_surface.rs	crates/geometry/src/convert/recognize_surface.rs:649:36: replace * with / in try_recognize_torus
CaughtMutant	crates/geometry/src/convert/recognize_surface.rs	crates/geometry/src/convert/recognize_surface.rs:649:30: replace - with / in try_recognize_torus
CaughtMutant	crates/geometry/src/convert/recognize_surface.rs	crates/geometry/src/convert/recognize_surface.rs:656:21: replace / with % in try_recognize_torus
CaughtMutant	crates/geometry/src/convert/recognize_surface.rs	crates/geometry/src/convert/recognize_surface.rs:656:21: replace / with * in try_recognize_torus
CaughtMutant	crates/geometry/src/convert/recognize_surface.rs	crates/geometry/src/convert/recognize_surface.rs:661:12: replace += with -= in try_recognize_torus
CaughtMutant	crates/geometry/src/convert/recognize_surface.rs	crates/geometry/src/convert/recognize_surface.rs:661:12: replace += with *= in try_recognize_torus
CaughtMutant	crates/geometry/src/convert/recognize_surface.rs	crates/geometry/src/convert/recognize_surface.rs:662:12: replace += with -= in try_recognize_torus
MissedMutant	crates/geometry/src/convert/recognize_surface.rs	crates/geometry/src/convert/recognize_surface.rs:646:26: replace - with + in try_recognize_torus
CaughtMutant	crates/geometry/src/convert/recognize_surface.rs	crates/geometry/src/convert/recognize_surface.rs:662:12: replace += with *= in try_recognize_torus
CaughtMutant	crates/geometry/src/convert/recognize_surface.rs	crates/geometry/src/convert/recognize_surface.rs:663:12: replace += with -= in try_recognize_torus
CaughtMutant	crates/geometry/src/convert/recognize_surface.rs	crates/geometry/src/convert/recognize_surface.rs:663:12: replace += with *= in try_recognize_torus
CaughtMutant	crates/geometry/src/convert/recognize_surface.rs	crates/geometry/src/convert/recognize_surface.rs:665:33: replace * with + in try_recognize_torus
CaughtMutant	crates/geometry/src/convert/recognize_surface.rs	crates/geometry/src/convert/recognize_surface.rs:665:33: replace * with / in try_recognize_torus
Unviable	crates/geometry/src/convert/recognize_surface.rs	crates/geometry/src/convert/recognize_surface.rs:671:23: replace - with + in try_recognize_torus
CaughtMutant	crates/geometry/src/convert/recognize_surface.rs	crates/geometry/src/convert/recognize_surface.rs:665:45: replace * with + in try_recognize_torus
Unviable	crates/geometry/src/convert/recognize_surface.rs	crates/geometry/src/convert/recognize_surface.rs:671:23: replace - with / in try_recognize_torus
Unviable	crates/geometry/src/convert/recognize_surface.rs	crates/geometry/src/convert/recognize_surface.rs:673:28: replace - with / in try_recognize_torus
CaughtMutant	crates/geometry/src/convert/recognize_surface.rs	crates/geometry/src/convert/recognize_surface.rs:665:45: replace * with / in try_recognize_torus
Unviable	crates/geometry/src/convert/recognize_surface.rs	crates/geometry/src/convert/recognize_surface.rs:673:35: replace * with + in try_recognize_torus
Unviable	crates/geometry/src/convert/recognize_surface.rs	crates/geometry/src/convert/recognize_surface.rs:673:35: replace * with / in try_recognize_torus
CaughtMutant	crates/geometry/src/convert/recognize_surface.rs	crates/geometry/src/convert/recognize_surface.rs:665:57: replace * with + in try_recognize_torus
MissedMutant	crates/geometry/src/convert/recognize_surface.rs	crates/geometry/src/convert/recognize_surface.rs:649:30: replace - with + in try_recognize_torus
CaughtMutant	crates/geometry/src/convert/recognize_surface.rs	crates/geometry/src/convert/recognize_surface.rs:665:57: replace * with / in try_recognize_torus
MissedMutant	crates/geometry/src/convert/recognize_surface.rs	crates/geometry/src/convert/recognize_surface.rs:649:56: replace - with + in try_recognize_torus
CaughtMutant	crates/geometry/src/convert/recognize_surface.rs	crates/geometry/src/convert/recognize_surface.rs:673:28: replace - with + in try_recognize_torus
CaughtMutant	crates/geometry/src/convert/recognize_surface.rs	crates/geometry/src/convert/recognize_surface.rs:686:24: replace * with + in try_recognize_torus
MissedMutant	crates/geometry/src/convert/recognize_surface.rs	crates/geometry/src/convert/recognize_surface.rs:649:56: replace - with / in try_recognize_torus
CaughtMutant	crates/geometry/src/convert/recognize_surface.rs	crates/geometry/src/convert/recognize_surface.rs:686:24: replace * with / in try_recognize_torus
CaughtMutant	crates/geometry/src/convert/recognize_surface.rs	crates/geometry/src/convert/recognize_surface.rs:686:33: replace * with + in try_recognize_torus
CaughtMutant	crates/geometry/src/convert/recognize_surface.rs	crates/geometry/src/convert/recognize_surface.rs:686:33: replace * with / in try_recognize_torus
CaughtMutant	crates/geometry/src/convert/recognize_surface.rs	crates/geometry/src/convert/recognize_surface.rs:687:25: replace + with - in try_recognize_torus
CaughtMutant	crates/geometry/src/convert/recognize_surface.rs	crates/geometry/src/convert/recognize_surface.rs:687:21: replace * with + in try_recognize_torus
CaughtMutant	crates/geometry/src/convert/recognize_surface.rs	crates/geometry/src/convert/recognize_surface.rs:687:25: replace + with * in try_recognize_torus
CaughtMutant	crates/geometry/src/convert/recognize_surface.rs	crates/geometry/src/convert/recognize_surface.rs:687:21: replace * with / in try_recognize_torus
CaughtMutant	crates/geometry/src/convert/recognize_surface.rs	crates/geometry/src/convert/recognize_surface.rs:687:29: replace * with + in try_recognize_torus
CaughtMutant	crates/geometry/src/convert/recognize_surface.rs	crates/geometry/src/convert/recognize_surface.rs:687:29: replace * with / in try_recognize_torus
CaughtMutant	crates/geometry/src/convert/recognize_surface.rs	crates/geometry/src/convert/recognize_surface.rs:690:27: replace += with -= in try_recognize_torus
CaughtMutant	crates/geometry/src/convert/recognize_surface.rs	crates/geometry/src/convert/recognize_surface.rs:690:27: replace += with *= in try_recognize_torus
CaughtMutant	crates/geometry/src/convert/recognize_surface.rs	crates/geometry/src/convert/recognize_surface.rs:690:37: replace * with + in try_recognize_torus
CaughtMutant	crates/geometry/src/convert/recognize_surface.rs	crates/geometry/src/convert/recognize_surface.rs:690:37: replace * with / in try_recognize_torus
CaughtMutant	crates/geometry/src/convert/recognize_surface.rs	crates/geometry/src/convert/recognize_surface.rs:692:20: replace += with -= in try_recognize_torus
CaughtMutant	crates/geometry/src/convert/recognize_surface.rs	crates/geometry/src/convert/recognize_surface.rs:692:20: replace += with *= in try_recognize_torus
CaughtMutant	crates/geometry/src/convert/recognize_surface.rs	crates/geometry/src/convert/recognize_surface.rs:692:30: replace * with + in try_recognize_torus
CaughtMutant	crates/geometry/src/convert/recognize_surface.rs	crates/geometry/src/convert/recognize_surface.rs:692:30: replace * with / in try_recognize_torus
CaughtMutant	crates/geometry/src/convert/recognize_surface.rs	crates/geometry/src/convert/recognize_surface.rs:699:48: replace + with - in try_recognize_torus
CaughtMutant	crates/geometry/src/convert/recognize_surface.rs	crates/geometry/src/convert/recognize_surface.rs:699:48: replace + with * in try_recognize_torus
CaughtMutant	crates/geometry/src/convert/recognize_surface.rs	crates/geometry/src/convert/recognize_surface.rs:699:18: replace + with - in try_recognize_torus
CaughtMutant	crates/geometry/src/convert/recognize_surface.rs	crates/geometry/src/convert/recognize_surface.rs:699:18: replace + with * in try_recognize_torus
CaughtMutant	crates/geometry/src/convert/recognize_surface.rs	crates/geometry/src/convert/recognize_surface.rs:699:33: replace * with + in try_recognize_torus
CaughtMutant	crates/geometry/src/convert/recognize_surface.rs	crates/geometry/src/convert/recognize_surface.rs:699:33: replace * with / in try_recognize_torus
CaughtMutant	crates/geometry/src/convert/recognize_surface.rs	crates/geometry/src/convert/recognize_surface.rs:699:63: replace * with + in try_recognize_torus
CaughtMutant	crates/geometry/src/convert/recognize_surface.rs	crates/geometry/src/convert/recognize_surface.rs:699:63: replace * with / in try_recognize_torus
CaughtMutant	crates/geometry/src/convert/recognize_surface.rs	crates/geometry/src/convert/recognize_surface.rs:700:13: replace <= with > in try_recognize_torus
CaughtMutant	crates/geometry/src/convert/recognize_surface.rs	crates/geometry/src/convert/recognize_surface.rs:700:36: replace <= with > in try_recognize_torus
CaughtMutant	crates/geometry/src/convert/recognize_surface.rs	crates/geometry/src/convert/recognize_surface.rs:706:21: replace >= with < in try_recognize_torus
CaughtMutant	crates/geometry/src/convert/recognize_surface.rs	crates/geometry/src/convert/recognize_surface.rs:712:28: replace - with + in try_recognize_torus
CaughtMutant	crates/geometry/src/convert/recognize_surface.rs	crates/geometry/src/convert/recognize_surface.rs:712:28: replace - with / in try_recognize_torus
CaughtMutant	crates/geometry/src/convert/recognize_surface.rs	crates/geometry/src/convert/recognize_surface.rs:713:29: replace - with + in try_recognize_torus
CaughtMutant	crates/geometry/src/convert/recognize_surface.rs	crates/geometry/src/convert/recognize_surface.rs:713:29: replace - with / in try_recognize_torus
CaughtMutant	crates/geometry/src/convert/recognize_surface.rs	crates/geometry/src/convert/recognize_surface.rs:714:29: replace + with - in try_recognize_torus
CaughtMutant	crates/geometry/src/convert/recognize_surface.rs	crates/geometry/src/convert/recognize_surface.rs:714:29: replace + with * in try_recognize_torus
CaughtMutant	crates/geometry/src/convert/recognize_surface.rs	crates/geometry/src/convert/recognize_surface.rs:714:24: replace * with + in try_recognize_torus
CaughtMutant	crates/geometry/src/convert/recognize_surface.rs	crates/geometry/src/convert/recognize_surface.rs:714:24: replace * with / in try_recognize_torus
CaughtMutant	crates/geometry/src/convert/recognize_surface.rs	crates/geometry/src/convert/recognize_surface.rs:714:34: replace * with + in try_recognize_torus
CaughtMutant	crates/geometry/src/convert/recognize_surface.rs	crates/geometry/src/convert/recognize_surface.rs:714:34: replace * with / in try_recognize_torus
CaughtMutant	crates/geometry/src/convert/recognize_surface.rs	crates/geometry/src/convert/recognize_surface.rs:715:40: replace > with < in try_recognize_torus
CaughtMutant	crates/geometry/src/convert/recognize_surface.rs	crates/geometry/src/convert/recognize_surface.rs:715:18: replace - with + in try_recognize_torus
Unviable	crates/geometry/src/convert/recognize_surface.rs	crates/geometry/src/convert/recognize_surface.rs:720:25: replace + with * in try_recognize_torus
CaughtMutant	crates/geometry/src/convert/recognize_surface.rs	crates/geometry/src/convert/recognize_surface.rs:715:18: replace - with / in try_recognize_torus
Unviable	crates/geometry/src/convert/recognize_surface.rs	crates/geometry/src/convert/recognize_surface.rs:720:32: replace * with + in try_recognize_torus
MissedMutant	crates/geometry/src/convert/recognize_surface.rs	crates/geometry/src/convert/recognize_surface.rs:700:20: replace || with && in try_recognize_torus
Unviable	crates/geometry/src/convert/recognize_surface.rs	crates/geometry/src/convert/recognize_surface.rs:720:32: replace * with / in try_recognize_torus
MissedMutant	crates/geometry/src/convert/recognize_surface.rs	crates/geometry/src/convert/recognize_surface.rs:706:37: replace - with + in try_recognize_torus
CaughtMutant	crates/geometry/src/convert/recognize_surface.rs	crates/geometry/src/convert/recognize_surface.rs:720:25: replace + with - in try_recognize_torus
MissedMutant	crates/geometry/src/convert/recognize_surface.rs	crates/geometry/src/convert/recognize_surface.rs:706:37: replace - with / in try_recognize_torus
CaughtMutant	crates/geometry/src/convert/recognize_surface.rs	crates/geometry/src/convert/recognize_surface.rs:732:5: replace solve_3x3 -> Option<[f64; 3]> with None
CaughtMutant	crates/geometry/src/convert/recognize_surface.rs	crates/geometry/src/convert/recognize_surface.rs:732:5: replace solve_3x3 -> Option<[f64; 3]> with Some([0.0; 3])
CaughtMutant	crates/geometry/src/convert/recognize_surface.rs	crates/geometry/src/convert/recognize_surface.rs:732:5: replace solve_3x3 -> Option<[f64; 3]> with Some([1.0; 3])
CaughtMutant	crates/geometry/src/convert/recognize_surface.rs	crates/geometry/src/convert/recognize_surface.rs:732:5: replace solve_3x3 -> Option<[f64; 3]> with Some([-1.0; 3])
CaughtMutant	crates/geometry/src/convert/recognize_surface.rs	crates/geometry/src/convert/recognize_surface.rs:734:9: replace + with - in solve_3x3
CaughtMutant	crates/geometry/src/convert/recognize_surface.rs	crates/geometry/src/convert/recognize_surface.rs:734:9: replace + with * in solve_3x3
CaughtMutant	crates/geometry/src/convert/recognize_surface.rs	crates/geometry/src/convert/recognize_surface.rs:733:9: replace - with + in solve_3x3
CaughtMutant	crates/geometry/src/convert/recognize_surface.rs	crates/geometry/src/convert/recognize_surface.rs:733:9: replace - with / in solve_3x3
CaughtMutant	crates/geometry/src/convert/recognize_surface.rs	crates/geometry/src/convert/recognize_surface.rs:732:23: replace * with + in solve_3x3
CaughtMutant	crates/geometry/src/convert/recognize_surface.rs	crates/geometry/src/convert/recognize_surface.rs:732:23: replace * with / in solve_3x3
MissedMutant	crates/geometry/src/convert/recognize_surface.rs	crates/geometry/src/convert/recognize_surface.rs:715:40: replace > with == in try_recognize_torus
CaughtMutant	crates/geometry/src/convert/recognize_surface.rs	crates/geometry/src/convert/recognize_surface.rs:732:44: replace - with + in solve_3x3
CaughtMutant	crates/geometry/src/convert/recognize_surface.rs	crates/geometry/src/convert/recognize_surface.rs:732:44: replace - with / in solve_3x3
CaughtMutant	crates/geometry/src/convert/recognize_surface.rs	crates/geometry/src/convert/recognize_surface.rs:732:34: replace * with + in solve_3x3
MissedMutant	crates/geometry/src/convert/recognize_surface.rs	crates/geometry/src/convert/recognize_surface.rs:715:40: replace > with >= in try_recognize_torus
CaughtMutant	crates/geometry/src/convert/recognize_surface.rs	crates/geometry/src/convert/recognize_surface.rs:732:34: replace * with / in solve_3x3
CaughtMutant	crates/geometry/src/convert/recognize_surface.rs	crates/geometry/src/convert/recognize_surface.rs:732:54: replace * with + in solve_3x3
CaughtMutant	crates/geometry/src/convert/recognize_surface.rs	crates/geometry/src/convert/recognize_surface.rs:732:54: replace * with / in solve_3x3
CaughtMutant	crates/geometry/src/convert/recognize_surface.rs	crates/geometry/src/convert/recognize_surface.rs:733:19: replace * with + in solve_3x3
CaughtMutant	crates/geometry/src/convert/recognize_surface.rs	crates/geometry/src/convert/recognize_surface.rs:733:19: replace * with / in solve_3x3
CaughtMutant	crates/geometry/src/convert/recognize_surface.rs	crates/geometry/src/convert/recognize_surface.rs:733:40: replace - with + in solve_3x3
CaughtMutant	crates/geometry/src/convert/recognize_surface.rs	crates/geometry/src/convert/recognize_surface.rs:733:40: replace - with / in solve_3x3
CaughtMutant	crates/geometry/src/convert/recognize_surface.rs	crates/geometry/src/convert/recognize_surface.rs:733:30: replace * with + in solve_3x3
CaughtMutant	crates/geometry/src/convert/recognize_surface.rs	crates/geometry/src/convert/recognize_surface.rs:733:30: replace * with / in solve_3x3
CaughtMutant	crates/geometry/src/convert/recognize_surface.rs	crates/geometry/src/convert/recognize_surface.rs:733:50: replace * with + in solve_3x3
CaughtMutant	crates/geometry/src/convert/recognize_surface.rs	crates/geometry/src/convert/recognize_surface.rs:733:50: replace * with / in solve_3x3
CaughtMutant	crates/geometry/src/convert/recognize_surface.rs	crates/geometry/src/convert/recognize_surface.rs:734:19: replace * with + in solve_3x3
CaughtMutant	crates/geometry/src/convert/recognize_surface.rs	crates/geometry/src/convert/recognize_surface.rs:734:19: replace * with / in solve_3x3
CaughtMutant	crates/geometry/src/convert/recognize_surface.rs	crates/geometry/src/convert/recognize_surface.rs:734:40: replace - with + in solve_3x3
CaughtMutant	crates/geometry/src/convert/recognize_surface.rs	crates/geometry/src/convert/recognize_surface.rs:734:40: replace - with / in solve_3x3
CaughtMutant	crates/geometry/src/convert/recognize_surface.rs	crates/geometry/src/convert/recognize_surface.rs:734:30: replace * with + in solve_3x3
CaughtMutant	crates/geometry/src/convert/recognize_surface.rs	crates/geometry/src/convert/recognize_surface.rs:734:30: replace * with / in solve_3x3
CaughtMutant	crates/geometry/src/convert/recognize_surface.rs	crates/geometry/src/convert/recognize_surface.rs:734:50: replace * with + in solve_3x3
CaughtMutant	crates/geometry/src/convert/recognize_surface.rs	crates/geometry/src/convert/recognize_surface.rs:734:50: replace * with / in solve_3x3
CaughtMutant	crates/geometry/src/convert/recognize_surface.rs	crates/geometry/src/convert/recognize_surface.rs:736:18: replace < with == in solve_3x3
CaughtMutant	crates/geometry/src/convert/recognize_surface.rs	crates/geometry/src/convert/recognize_surface.rs:736:18: replace < with > in solve_3x3
CaughtMutant	crates/geometry/src/convert/recognize_surface.rs	crates/geometry/src/convert/recognize_surface.rs:740:19: replace / with % in solve_3x3
CaughtMutant	crates/geometry/src/convert/recognize_surface.rs	crates/geometry/src/convert/recognize_surface.rs:740:19: replace / with * in solve_3x3
CaughtMutant	crates/geometry/src/convert/recognize_surface.rs	crates/geometry/src/convert/recognize_surface.rs:745:9: replace * with + in solve_3x3
CaughtMutant	crates/geometry/src/convert/recognize_surface.rs	crates/geometry/src/convert/recognize_surface.rs:745:9: replace * with / in solve_3x3
CaughtMutant	crates/geometry/src/convert/recognize_surface.rs	crates/geometry/src/convert/recognize_surface.rs:744:9: replace + with - in solve_3x3
CaughtMutant	crates/geometry/src/convert/recognize_surface.rs	crates/geometry/src/convert/recognize_surface.rs:744:9: replace + with * in solve_3x3
CaughtMutant	crates/geometry/src/convert/recognize_surface.rs	crates/geometry/src/convert/recognize_surface.rs:743:9: replace - with + in solve_3x3
CaughtMutant	crates/geometry/src/convert/recognize_surface.rs	crates/geometry/src/convert/recognize_surface.rs:743:9: replace - with / in solve_3x3
CaughtMutant	crates/geometry/src/convert/recognize_surface.rs	crates/geometry/src/convert/recognize_surface.rs:742:20: replace * with + in solve_3x3
CaughtMutant	crates/geometry/src/convert/recognize_surface.rs	crates/geometry/src/convert/recognize_surface.rs:742:20: replace * with / in solve_3x3
CaughtMutant	crates/geometry/src/convert/recognize_surface.rs	crates/geometry/src/convert/recognize_surface.rs:742:41: replace - with + in solve_3x3
CaughtMutant	crates/geometry/src/convert/recognize_surface.rs	crates/geometry/src/convert/recognize_surface.rs:742:41: replace - with / in solve_3x3
CaughtMutant	crates/geometry/src/convert/recognize_surface.rs	crates/geometry/src/convert/recognize_surface.rs:742:31: replace * with + in solve_3x3
CaughtMutant	crates/geometry/src/convert/recognize_surface.rs	crates/geometry/src/convert/recognize_surface.rs:742:31: replace * with / in solve_3x3
CaughtMutant	crates/geometry/src/convert/recognize_surface.rs	crates/geometry/src/convert/recognize_surface.rs:742:51: replace * with + in solve_3x3
CaughtMutant	crates/geometry/src/convert/recognize_surface.rs	crates/geometry/src/convert/recognize_surface.rs:742:51: replace * with / in solve_3x3
CaughtMutant	crates/geometry/src/convert/recognize_surface.rs	crates/geometry/src/convert/recognize_surface.rs:743:19: replace * with + in solve_3x3
CaughtMutant	crates/geometry/src/convert/recognize_surface.rs	crates/geometry/src/convert/recognize_surface.rs:743:19: replace * with / in solve_3x3
CaughtMutant	crates/geometry/src/convert/recognize_surface.rs	crates/geometry/src/convert/recognize_surface.rs:743:37: replace - with + in solve_3x3
CaughtMutant	crates/geometry/src/convert/recognize_surface.rs	crates/geometry/src/convert/recognize_surface.rs:743:37: replace - with / in solve_3x3
CaughtMutant	crates/geometry/src/convert/recognize_surface.rs	crates/geometry/src/convert/recognize_surface.rs:743:27: replace * with + in solve_3x3
CaughtMutant	crates/geometry/src/convert/recognize_surface.rs	crates/geometry/src/convert/recognize_surface.rs:743:27: replace * with / in solve_3x3
CaughtMutant	crates/geometry/src/convert/recognize_surface.rs	crates/geometry/src/convert/recognize_surface.rs:743:47: replace * with + in solve_3x3
MissedMutant	crates/geometry/src/convert/recognize_surface.rs	crates/geometry/src/convert/recognize_surface.rs:736:18: replace < with <= in solve_3x3
CaughtMutant	crates/geometry/src/convert/recognize_surface.rs	crates/geometry/src/convert/recognize_surface.rs:743:47: replace * with / in solve_3x3
CaughtMutant	crates/geometry/src/convert/recognize_surface.rs	crates/geometry/src/convert/recognize_surface.rs:744:19: replace * with + in solve_3x3
CaughtMutant	crates/geometry/src/convert/recognize_surface.rs	crates/geometry/src/convert/recognize_surface.rs:744:19: replace * with / in solve_3x3
CaughtMutant	crates/geometry/src/convert/recognize_surface.rs	crates/geometry/src/convert/recognize_surface.rs:744:37: replace - with + in solve_3x3
CaughtMutant	crates/geometry/src/convert/recognize_surface.rs	crates/geometry/src/convert/recognize_surface.rs:744:37: replace - with / in solve_3x3
CaughtMutant	crates/geometry/src/convert/recognize_surface.rs	crates/geometry/src/convert/recognize_surface.rs:744:27: replace * with + in solve_3x3
CaughtMutant	crates/geometry/src/convert/recognize_surface.rs	crates/geometry/src/convert/recognize_surface.rs:744:27: replace * with / in solve_3x3
CaughtMutant	crates/geometry/src/convert/recognize_surface.rs	crates/geometry/src/convert/recognize_surface.rs:744:47: replace * with + in solve_3x3
CaughtMutant	crates/geometry/src/convert/recognize_surface.rs	crates/geometry/src/convert/recognize_surface.rs:744:47: replace * with / in solve_3x3
CaughtMutant	crates/geometry/src/convert/recognize_surface.rs	crates/geometry/src/convert/recognize_surface.rs:750:9: replace * with + in solve_3x3
CaughtMutant	crates/geometry/src/convert/recognize_surface.rs	crates/geometry/src/convert/recognize_surface.rs:750:9: replace * with / in solve_3x3
CaughtMutant	crates/geometry/src/convert/recognize_surface.rs	crates/geometry/src/convert/recognize_surface.rs:749:9: replace + with - in solve_3x3
CaughtMutant	crates/geometry/src/convert/recognize_surface.rs	crates/geometry/src/convert/recognize_surface.rs:749:9: replace + with * in solve_3x3
CaughtMutant	crates/geometry/src/convert/recognize_surface.rs	crates/geometry/src/convert/recognize_surface.rs:748:9: replace - with + in solve_3x3
CaughtMutant	crates/geometry/src/convert/recognize_surface.rs	crates/geometry/src/convert/recognize_surface.rs:748:9: replace - with / in solve_3x3
CaughtMutant	crates/geometry/src/convert/recognize_surface.rs	crates/geometry/src/convert/recognize_surface.rs:747:23: replace * with + in solve_3x3
CaughtMutant	crates/geometry/src/convert/recognize_surface.rs	crates/geometry/src/convert/recognize_surface.rs:747:23: replace * with / in solve_3x3
CaughtMutant	crates/geometry/src/convert/recognize_surface.rs	crates/geometry/src/convert/recognize_surface.rs:747:41: replace - with + in solve_3x3
CaughtMutant	crates/geometry/src/convert/recognize_surface.rs	crates/geometry/src/convert/recognize_surface.rs:747:41: replace - with / in solve_3x3
CaughtMutant	crates/geometry/src/convert/recognize_surface.rs	crates/geometry/src/convert/recognize_surface.rs:747:31: replace * with + in solve_3x3
CaughtMutant	crates/geometry/src/convert/recognize_surface.rs	crates/geometry/src/convert/recognize_surface.rs:747:31: replace * with / in solve_3x3
CaughtMutant	crates/geometry/src/convert/recognize_surface.rs	crates/geometry/src/convert/recognize_surface.rs:747:51: replace * with + in solve_3x3
CaughtMutant	crates/geometry/src/convert/recognize_surface.rs	crates/geometry/src/convert/recognize_surface.rs:747:51: replace * with / in solve_3x3
CaughtMutant	crates/geometry/src/convert/recognize_surface.rs	crates/geometry/src/convert/recognize_surface.rs:748:16: replace * with + in solve_3x3
CaughtMutant	crates/geometry/src/convert/recognize_surface.rs	crates/geometry/src/convert/recognize_surface.rs:748:16: replace * with / in solve_3x3
CaughtMutant	crates/geometry/src/convert/recognize_surface.rs	crates/geometry/src/convert/recognize_surface.rs:748:37: replace - with + in solve_3x3
CaughtMutant	crates/geometry/src/convert/recognize_surface.rs	crates/geometry/src/convert/recognize_surface.rs:748:37: replace - with / in solve_3x3
CaughtMutant	crates/geometry/src/convert/recognize_surface.rs	crates/geometry/src/convert/recognize_surface.rs:748:27: replace * with + in solve_3x3
CaughtMutant	crates/geometry/src/convert/recognize_surface.rs	crates/geometry/src/convert/recognize_surface.rs:748:27: replace * with / in solve_3x3
CaughtMutant	crates/geometry/src/convert/recognize_surface.rs	crates/geometry/src/convert/recognize_surface.rs:748:47: replace * with + in solve_3x3
CaughtMutant	crates/geometry/src/convert/recognize_surface.rs	crates/geometry/src/convert/recognize_surface.rs:748:47: replace * with / in solve_3x3
CaughtMutant	crates/geometry/src/convert/recognize_surface.rs	crates/geometry/src/convert/recognize_surface.rs:749:19: replace * with + in solve_3x3
CaughtMutant	crates/geometry/src/convert/recognize_surface.rs	crates/geometry/src/convert/recognize_surface.rs:749:19: replace * with / in solve_3x3
CaughtMutant	crates/geometry/src/convert/recognize_surface.rs	crates/geometry/src/convert/recognize_surface.rs:749:37: replace - with + in solve_3x3
CaughtMutant	crates/geometry/src/convert/recognize_surface.rs	crates/geometry/src/convert/recognize_surface.rs:749:37: replace - with / in solve_3x3
CaughtMutant	crates/geometry/src/convert/recognize_surface.rs	crates/geometry/src/convert/recognize_surface.rs:749:30: replace * with + in solve_3x3
CaughtMutant	crates/geometry/src/convert/recognize_surface.rs	crates/geometry/src/convert/recognize_surface.rs:749:30: replace * with / in solve_3x3
CaughtMutant	crates/geometry/src/convert/recognize_surface.rs	crates/geometry/src/convert/recognize_surface.rs:749:44: replace * with + in solve_3x3
CaughtMutant	crates/geometry/src/convert/recognize_surface.rs	crates/geometry/src/convert/recognize_surface.rs:749:44: replace * with / in solve_3x3
CaughtMutant	crates/geometry/src/convert/recognize_surface.rs	crates/geometry/src/convert/recognize_surface.rs:755:9: replace * with + in solve_3x3
CaughtMutant	crates/geometry/src/convert/recognize_surface.rs	crates/geometry/src/convert/recognize_surface.rs:755:9: replace * with / in solve_3x3
CaughtMutant	crates/geometry/src/convert/recognize_surface.rs	crates/geometry/src/convert/recognize_surface.rs:754:9: replace + with - in solve_3x3
CaughtMutant	crates/geometry/src/convert/recognize_surface.rs	crates/geometry/src/convert/recognize_surface.rs:754:9: replace + with * in solve_3x3
CaughtMutant	crates/geometry/src/convert/recognize_surface.rs	crates/geometry/src/convert/recognize_surface.rs:753:9: replace - with + in solve_3x3
CaughtMutant	crates/geometry/src/convert/recognize_surface.rs	crates/geometry/src/convert/recognize_surface.rs:753:9: replace - with / in solve_3x3
CaughtMutant	crates/geometry/src/convert/recognize_surface.rs	crates/geometry/src/convert/recognize_surface.rs:752:23: replace * with + in solve_3x3
CaughtMutant	crates/geometry/src/convert/recognize_surface.rs	crates/geometry/src/convert/recognize_surface.rs:752:23: replace * with / in solve_3x3
CaughtMutant	crates/geometry/src/convert/recognize_surface.rs	crates/geometry/src/convert/recognize_surface.rs:752:41: replace - with + in solve_3x3
CaughtMutant	crates/geometry/src/convert/recognize_surface.rs	crates/geometry/src/convert/recognize_surface.rs:752:41: replace - with / in solve_3x3
CaughtMutant	crates/geometry/src/convert/recognize_surface.rs	crates/geometry/src/convert/recognize_surface.rs:752:34: replace * with + in solve_3x3
CaughtMutant	crates/geometry/src/convert/recognize_surface.rs	crates/geometry/src/convert/recognize_surface.rs:752:34: replace * with / in solve_3x3
CaughtMutant	crates/geometry/src/convert/recognize_surface.rs	crates/geometry/src/convert/recognize_surface.rs:752:48: replace * with + in solve_3x3
CaughtMutant	crates/geometry/src/convert/recognize_surface.rs	crates/geometry/src/convert/recognize_surface.rs:752:48: replace * with / in solve_3x3
CaughtMutant	crates/geometry/src/convert/recognize_surface.rs	crates/geometry/src/convert/recognize_surface.rs:753:19: replace * with + in solve_3x3
CaughtMutant	crates/geometry/src/convert/recognize_surface.rs	crates/geometry/src/convert/recognize_surface.rs:753:19: replace * with / in solve_3x3
CaughtMutant	crates/geometry/src/convert/recognize_surface.rs	crates/geometry/src/convert/recognize_surface.rs:753:37: replace - with + in solve_3x3
CaughtMutant	crates/geometry/src/convert/recognize_surface.rs	crates/geometry/src/convert/recognize_surface.rs:753:37: replace - with / in solve_3x3
CaughtMutant	crates/geometry/src/convert/recognize_surface.rs	crates/geometry/src/convert/recognize_surface.rs:753:30: replace * with + in solve_3x3
CaughtMutant	crates/geometry/src/convert/recognize_surface.rs	crates/geometry/src/convert/recognize_surface.rs:753:30: replace * with / in solve_3x3
CaughtMutant	crates/geometry/src/convert/recognize_surface.rs	crates/geometry/src/convert/recognize_surface.rs:753:44: replace * with + in solve_3x3
CaughtMutant	crates/geometry/src/convert/recognize_surface.rs	crates/geometry/src/convert/recognize_surface.rs:753:44: replace * with / in solve_3x3
CaughtMutant	crates/geometry/src/convert/recognize_surface.rs	crates/geometry/src/convert/recognize_surface.rs:754:16: replace * with + in solve_3x3
CaughtMutant	crates/geometry/src/convert/recognize_surface.rs	crates/geometry/src/convert/recognize_surface.rs:754:16: replace * with / in solve_3x3
CaughtMutant	crates/geometry/src/convert/recognize_surface.rs	crates/geometry/src/convert/recognize_surface.rs:754:37: replace - with + in solve_3x3
CaughtMutant	crates/geometry/src/convert/recognize_surface.rs	crates/geometry/src/convert/recognize_surface.rs:754:37: replace - with / in solve_3x3
Unviable	crates/geometry/src/convert/recognize_surface.rs	crates/geometry/src/convert/recognize_surface.rs:799:5: replace detect_surface_kind -> DetectedSurfaceKind with Default::default()
CaughtMutant	crates/geometry/src/convert/recognize_surface.rs	crates/geometry/src/convert/recognize_surface.rs:754:27: replace * with + in solve_3x3
CaughtMutant	crates/geometry/src/convert/recognize_surface.rs	crates/geometry/src/convert/recognize_surface.rs:754:27: replace * with / in solve_3x3
CaughtMutant	crates/geometry/src/convert/recognize_surface.rs	crates/geometry/src/convert/recognize_surface.rs:754:47: replace * with + in solve_3x3
CaughtMutant	crates/geometry/src/convert/recognize_surface.rs	crates/geometry/src/convert/recognize_surface.rs:754:47: replace * with / in solve_3x3
CaughtMutant	crates/geometry/src/convert/recognize_surface.rs	crates/geometry/src/convert/recognize_surface.rs:780:9: replace DetectedSurfaceKind::as_str -> &'static str with ""
CaughtMutant	crates/geometry/src/convert/recognize_surface.rs	crates/geometry/src/convert/recognize_surface.rs:780:9: replace DetectedSurfaceKind::as_str -> &'static str with "xyzzy"
CaughtMutant	crates/geometry/src/convert/recognize_surface.rs	crates/geometry/src/convert/recognize_surface.rs:806:27: replace + with - in detect_surface_kind
CaughtMutant	crates/geometry/src/convert/recognize_surface.rs	crates/geometry/src/convert/recognize_surface.rs:806:27: replace + with * in detect_surface_kind
CaughtMutant	crates/geometry/src/convert/recognize_surface.rs	crates/geometry/src/convert/recognize_surface.rs:806:58: replace / with % in detect_surface_kind
CaughtMutant	crates/geometry/src/convert/recognize_surface.rs	crates/geometry/src/convert/recognize_surface.rs:806:58: replace / with * in detect_surface_kind
CaughtMutant	crates/geometry/src/convert/recognize_surface.rs	crates/geometry/src/convert/recognize_surface.rs:806:45: replace * with + in detect_surface_kind
CaughtMutant	crates/geometry/src/convert/recognize_surface.rs	crates/geometry/src/convert/recognize_surface.rs:806:45: replace * with / in detect_surface_kind
CaughtMutant	crates/geometry/src/convert/recognize_surface.rs	crates/geometry/src/convert/recognize_surface.rs:806:36: replace - with / in detect_surface_kind
CaughtMutant	crates/geometry/src/convert/recognize_surface.rs	crates/geometry/src/convert/recognize_surface.rs:806:64: replace - with + in detect_surface_kind
CaughtMutant	crates/geometry/src/convert/recognize_surface.rs	crates/geometry/src/convert/recognize_surface.rs:806:64: replace - with / in detect_surface_kind
CaughtMutant	crates/geometry/src/convert/recognize_surface.rs	crates/geometry/src/convert/recognize_surface.rs:807:27: replace + with - in detect_surface_kind
CaughtMutant	crates/geometry/src/convert/recognize_surface.rs	crates/geometry/src/convert/recognize_surface.rs:807:27: replace + with * in detect_surface_kind
CaughtMutant	crates/geometry/src/convert/recognize_surface.rs	crates/geometry/src/convert/recognize_surface.rs:807:58: replace / with % in detect_surface_kind
CaughtMutant	crates/geometry/src/convert/recognize_surface.rs	crates/geometry/src/convert/recognize_surface.rs:807:58: replace / with * in detect_surface_kind
CaughtMutant	crates/geometry/src/convert/recognize_surface.rs	crates/geometry/src/convert/recognize_surface.rs:807:45: replace * with + in detect_surface_kind
CaughtMutant	crates/geometry/src/convert/recognize_surface.rs	crates/geometry/src/convert/recognize_surface.rs:807:45: replace * with / in detect_surface_kind
CaughtMutant	crates/geometry/src/convert/recognize_surface.rs	crates/geometry/src/convert/recognize_surface.rs:807:36: replace - with / in detect_surface_kind
CaughtMutant	crates/geometry/src/convert/recognize_surface.rs	crates/geometry/src/convert/recognize_surface.rs:807:64: replace - with + in detect_surface_kind
CaughtMutant	crates/geometry/src/convert/recognize_surface.rs	crates/geometry/src/convert/recognize_surface.rs:807:64: replace - with / in detect_surface_kind
CaughtMutant	crates/geometry/src/convert/recognize_surface.rs	crates/geometry/src/convert/recognize_surface.rs:817:12: replace += with -= in detect_surface_kind
CaughtMutant	crates/geometry/src/convert/recognize_surface.rs	crates/geometry/src/convert/recognize_surface.rs:817:12: replace += with *= in detect_surface_kind
CaughtMutant	crates/geometry/src/convert/recognize_surface.rs	crates/geometry/src/convert/recognize_surface.rs:818:12: replace += with -= in detect_surface_kind
CaughtMutant	crates/geometry/src/convert/recognize_surface.rs	crates/geometry/src/convert/recognize_surface.rs:818:12: replace += with *= in detect_surface_kind
CaughtMutant	crates/geometry/src/convert/recognize_surface.rs	crates/geometry/src/convert/recognize_surface.rs:819:12: replace += with -= in detect_surface_kind
CaughtMutant	crates/geometry/src/convert/recognize_surface.rs	crates/geometry/src/convert/recognize_surface.rs:819:12: replace += with *= in detect_surface_kind
CaughtMutant	crates/geometry/src/convert/recognize_surface.rs	crates/geometry/src/convert/recognize_surface.rs:822:33: replace / with % in detect_surface_kind
CaughtMutant	crates/geometry/src/convert/recognize_surface.rs	crates/geometry/src/convert/recognize_surface.rs:822:33: replace / with * in detect_surface_kind
CaughtMutant	crates/geometry/src/convert/recognize_surface.rs	crates/geometry/src/convert/recognize_surface.rs:822:42: replace / with % in detect_surface_kind
MissedMutant	crates/geometry/src/convert/recognize_surface.rs	crates/geometry/src/convert/recognize_surface.rs:806:36: replace - with + in detect_surface_kind
CaughtMutant	crates/geometry/src/convert/recognize_surface.rs	crates/geometry/src/convert/recognize_surface.rs:822:42: replace / with * in detect_surface_kind
Unviable	crates/geometry/src/convert/recognize_surface.rs	crates/geometry/src/convert/recognize_surface.rs:829:32: replace - with + in detect_surface_kind
Unviable	crates/geometry/src/convert/recognize_surface.rs	crates/geometry/src/convert/recognize_surface.rs:829:32: replace - with / in detect_surface_kind
Unviable	crates/geometry/src/convert/recognize_surface.rs	crates/geometry/src/convert/recognize_surface.rs:830:32: replace - with + in detect_surface_kind
CaughtMutant	crates/geometry/src/convert/recognize_surface.rs	crates/geometry/src/convert/recognize_surface.rs:822:51: replace / with % in detect_surface_kind
Unviable	crates/geometry/src/convert/recognize_surface.rs	crates/geometry/src/convert/recognize_surface.rs:830:32: replace - with / in detect_surface_kind
Unviable	crates/geometry/src/convert/recognize_surface.rs	crates/geometry/src/convert/recognize_surface.rs:844:26: replace - with + in detect_surface_kind
CaughtMutant	crates/geometry/src/convert/recognize_surface.rs	crates/geometry/src/convert/recognize_surface.rs:822:51: replace / with * in detect_surface_kind
Unviable	crates/geometry/src/convert/recognize_surface.rs	crates/geometry/src/convert/recognize_surface.rs:844:26: replace - with / in detect_surface_kind
Unviable	crates/geometry/src/convert/recognize_surface.rs	crates/geometry/src/convert/recognize_surface.rs:851:57: replace - with + in detect_surface_kind
Unviable	crates/geometry/src/convert/recognize_surface.rs	crates/geometry/src/convert/recognize_surface.rs:851:57: replace - with / in detect_surface_kind
CaughtMutant	crates/geometry/src/convert/recognize_surface.rs	crates/geometry/src/convert/recognize_surface.rs:828:21: replace + with * in detect_surface_kind
CaughtMutant	crates/geometry/src/convert/recognize_surface.rs	crates/geometry/src/convert/recognize_surface.rs:844:54: replace < with == in detect_surface_kind
CaughtMutant	crates/geometry/src/convert/recognize_surface.rs	crates/geometry/src/convert/recognize_surface.rs:844:54: replace < with > in detect_surface_kind
CaughtMutant	crates/geometry/src/convert/recognize_surface.rs	crates/geometry/src/convert/recognize_surface.rs:852:50: replace / with % in detect_surface_kind
MissedMutant	crates/geometry/src/convert/recognize_surface.rs	crates/geometry/src/convert/recognize_surface.rs:807:36: replace - with + in detect_surface_kind
CaughtMutant	crates/geometry/src/convert/recognize_surface.rs	crates/geometry/src/convert/recognize_surface.rs:852:50: replace / with * in detect_surface_kind
CaughtMutant	crates/geometry/src/convert/recognize_surface.rs	crates/geometry/src/convert/recognize_surface.rs:854:17: replace < with > in detect_surface_kind
CaughtMutant	crates/geometry/src/convert/recognize_surface.rs	crates/geometry/src/convert/recognize_surface.rs:858:24: replace * with + in detect_surface_kind
CaughtMutant	crates/geometry/src/convert/recognize_surface.rs	crates/geometry/src/convert/recognize_surface.rs:858:24: replace * with / in detect_surface_kind
CaughtMutant	crates/geometry/src/convert/recognize_surface.rs	crates/geometry/src/convert/recognize_surface.rs:859:67: replace < with == in detect_surface_kind
CaughtMutant	crates/geometry/src/convert/recognize_surface.rs	crates/geometry/src/convert/recognize_surface.rs:859:67: replace < with > in detect_surface_kind
Unviable	crates/geometry/src/convert/recognize_surface.rs	crates/geometry/src/convert/recognize_surface.rs:870:28: replace - with + in detect_surface_kind
Unviable	crates/geometry/src/convert/recognize_surface.rs	crates/geometry/src/convert/recognize_surface.rs:870:28: replace - with / in detect_surface_kind
CaughtMutant	crates/geometry/src/convert/recognize_surface.rs	crates/geometry/src/convert/recognize_surface.rs:859:49: replace - with + in detect_surface_kind
CaughtMutant	crates/geometry/src/convert/recognize_surface.rs	crates/geometry/src/convert/recognize_surface.rs:859:49: replace - with / in detect_surface_kind
MissedMutant	crates/geometry/src/convert/recognize_surface.rs	crates/geometry/src/convert/recognize_surface.rs:828:21: replace + with - in detect_surface_kind
CaughtMutant	crates/geometry/src/convert/recognize_surface.rs	crates/geometry/src/convert/recognize_surface.rs:873:27: replace - with + in detect_surface_kind
CaughtMutant	crates/geometry/src/convert/recognize_surface.rs	crates/geometry/src/convert/recognize_surface.rs:873:27: replace - with / in detect_surface_kind
MissedMutant	crates/geometry/src/convert/recognize_surface.rs	crates/geometry/src/convert/recognize_surface.rs:844:54: replace < with <= in detect_surface_kind
CaughtMutant	crates/geometry/src/convert/recognize_surface.rs	crates/geometry/src/convert/recognize_surface.rs:873:42: replace * with + in detect_surface_kind
CaughtMutant	crates/geometry/src/convert/recognize_surface.rs	crates/geometry/src/convert/recognize_surface.rs:873:42: replace * with / in detect_surface_kind
MissedMutant	crates/geometry/src/convert/recognize_surface.rs	crates/geometry/src/convert/recognize_surface.rs:854:17: replace < with == in detect_surface_kind
CaughtMutant	crates/geometry/src/convert/recognize_surface.rs	crates/geometry/src/convert/recognize_surface.rs:874:27: replace - with + in detect_surface_kind
CaughtMutant	crates/geometry/src/convert/recognize_surface.rs	crates/geometry/src/convert/recognize_surface.rs:874:27: replace - with / in detect_surface_kind
MissedMutant	crates/geometry/src/convert/recognize_surface.rs	crates/geometry/src/convert/recognize_surface.rs:854:17: replace < with <= in detect_surface_kind
CaughtMutant	crates/geometry/src/convert/recognize_surface.rs	crates/geometry/src/convert/recognize_surface.rs:874:42: replace * with + in detect_surface_kind
CaughtMutant	crates/geometry/src/convert/recognize_surface.rs	crates/geometry/src/convert/recognize_surface.rs:874:42: replace * with / in detect_surface_kind
CaughtMutant	crates/geometry/src/convert/recognize_surface.rs	crates/geometry/src/convert/recognize_surface.rs:875:27: replace - with + in detect_surface_kind
CaughtMutant	crates/geometry/src/convert/recognize_surface.rs	crates/geometry/src/convert/recognize_surface.rs:875:27: replace - with / in detect_surface_kind
CaughtMutant	crates/geometry/src/convert/recognize_surface.rs	crates/geometry/src/convert/recognize_surface.rs:875:42: replace * with + in detect_surface_kind
CaughtMutant	crates/geometry/src/convert/recognize_surface.rs	crates/geometry/src/convert/recognize_surface.rs:875:42: replace * with / in detect_surface_kind
CaughtMutant	crates/geometry/src/convert/recognize_surface.rs	crates/geometry/src/convert/recognize_surface.rs:881:61: replace / with % in detect_surface_kind
MissedMutant	crates/geometry/src/convert/recognize_surface.rs	crates/geometry/src/convert/recognize_surface.rs:859:67: replace < with <= in detect_surface_kind
CaughtMutant	crates/geometry/src/convert/recognize_surface.rs	crates/geometry/src/convert/recognize_surface.rs:881:61: replace / with * in detect_surface_kind
CaughtMutant	crates/geometry/src/convert/recognize_surface.rs	crates/geometry/src/convert/recognize_surface.rs:882:18: replace > with == in detect_surface_kind
CaughtMutant	crates/geometry/src/convert/recognize_surface.rs	crates/geometry/src/convert/recognize_surface.rs:882:18: replace > with < in detect_surface_kind
CaughtMutant	crates/geometry/src/convert/recognize_surface.rs	crates/geometry/src/convert/recognize_surface.rs:883:31: replace * with / in detect_surface_kind
CaughtMutant	crates/geometry/src/convert/recognize_surface.rs	crates/geometry/src/convert/recognize_surface.rs:886:44: replace < with == in detect_surface_kind
CaughtMutant	crates/geometry/src/convert/recognize_surface.rs	crates/geometry/src/convert/recognize_surface.rs:886:44: replace < with > in detect_surface_kind
Unviable	crates/geometry/src/convert/recognize_surface.rs	crates/geometry/src/convert/recognize_surface.rs:900:5: replace estimate_cylinder_axis -> Option<Vec3> with Some(Default::default())
CaughtMutant	crates/geometry/src/convert/recognize_surface.rs	crates/geometry/src/convert/recognize_surface.rs:886:29: replace - with + in detect_surface_kind
CaughtMutant	crates/geometry/src/convert/recognize_surface.rs	crates/geometry/src/convert/recognize_surface.rs:886:29: replace - with / in detect_surface_kind
CaughtMutant	crates/geometry/src/convert/recognize_surface.rs	crates/geometry/src/convert/recognize_surface.rs:900:5: replace estimate_cylinder_axis -> Option<Vec3> with None
CaughtMutant	crates/geometry/src/convert/recognize_surface.rs	crates/geometry/src/convert/recognize_surface.rs:908:24: replace - with + in estimate_cylinder_axis
CaughtMutant	crates/geometry/src/convert/recognize_surface.rs	crates/geometry/src/convert/recognize_surface.rs:908:24: replace - with / in estimate_cylinder_axis
CaughtMutant	crates/geometry/src/convert/recognize_surface.rs	crates/geometry/src/convert/recognize_surface.rs:909:24: replace - with + in estimate_cylinder_axis
CaughtMutant	crates/geometry/src/convert/recognize_surface.rs	crates/geometry/src/convert/recognize_surface.rs:909:24: replace - with / in estimate_cylinder_axis
CaughtMutant	crates/geometry/src/convert/recognize_surface.rs	crates/geometry/src/convert/recognize_surface.rs:910:24: replace - with + in estimate_cylinder_axis
CaughtMutant	crates/geometry/src/convert/recognize_surface.rs	crates/geometry/src/convert/recognize_surface.rs:910:24: replace - with / in estimate_cylinder_axis
CaughtMutant	crates/geometry/src/convert/recognize_surface.rs	crates/geometry/src/convert/recognize_surface.rs:911:13: replace += with -= in estimate_cylinder_axis
CaughtMutant	crates/geometry/src/convert/recognize_surface.rs	crates/geometry/src/convert/recognize_surface.rs:911:13: replace += with *= in estimate_cylinder_axis
CaughtMutant	crates/geometry/src/convert/recognize_surface.rs	crates/geometry/src/convert/recognize_surface.rs:911:19: replace * with + in estimate_cylinder_axis
CaughtMutant	crates/geometry/src/convert/recognize_surface.rs	crates/geometry/src/convert/recognize_surface.rs:911:19: replace * with / in estimate_cylinder_axis
CaughtMutant	crates/geometry/src/convert/recognize_surface.rs	crates/geometry/src/convert/recognize_surface.rs:912:13: replace += with -= in estimate_cylinder_axis
MissedMutant	crates/geometry/src/convert/recognize_surface.rs	crates/geometry/src/convert/recognize_surface.rs:882:18: replace > with >= in detect_surface_kind
CaughtMutant	crates/geometry/src/convert/recognize_surface.rs	crates/geometry/src/convert/recognize_surface.rs:912:13: replace += with *= in estimate_cylinder_axis
CaughtMutant	crates/geometry/src/convert/recognize_surface.rs	crates/geometry/src/convert/recognize_surface.rs:912:19: replace * with + in estimate_cylinder_axis
MissedMutant	crates/geometry/src/convert/recognize_surface.rs	crates/geometry/src/convert/recognize_surface.rs:883:31: replace * with + in detect_surface_kind
CaughtMutant	crates/geometry/src/convert/recognize_surface.rs	crates/geometry/src/convert/recognize_surface.rs:912:19: replace * with / in estimate_cylinder_axis
MissedMutant	crates/geometry/src/convert/recognize_surface.rs	crates/geometry/src/convert/recognize_surface.rs:886:44: replace < with <= in detect_surface_kind
CaughtMutant	crates/geometry/src/convert/recognize_surface.rs	crates/geometry/src/convert/recognize_surface.rs:913:13: replace += with -= in estimate_cylinder_axis
CaughtMutant	crates/geometry/src/convert/recognize_surface.rs	crates/geometry/src/convert/recognize_surface.rs:913:13: replace += with *= in estimate_cylinder_axis
CaughtMutant	crates/geometry/src/convert/recognize_surface.rs	crates/geometry/src/convert/recognize_surface.rs:913:19: replace * with + in estimate_cylinder_axis
CaughtMutant	crates/geometry/src/convert/recognize_surface.rs	crates/geometry/src/convert/recognize_surface.rs:913:19: replace * with / in estimate_cylinder_axis
CaughtMutant	crates/geometry/src/convert/recognize_surface.rs	crates/geometry/src/convert/recognize_surface.rs:914:13: replace += with -= in estimate_cylinder_axis
CaughtMutant	crates/geometry/src/convert/recognize_surface.rs	crates/geometry/src/convert/recognize_surface.rs:914:13: replace += with *= in estimate_cylinder_axis
CaughtMutant	crates/geometry/src/convert/recognize_surface.rs	crates/geometry/src/convert/recognize_surface.rs:914:19: replace * with + in estimate_cylinder_axis
CaughtMutant	crates/geometry/src/convert/recognize_surface.rs	crates/geometry/src/convert/recognize_surface.rs:915:13: replace += with -= in estimate_cylinder_axis
CaughtMutant	crates/geometry/src/convert/recognize_surface.rs	crates/geometry/src/convert/recognize_surface.rs:914:19: replace * with / in estimate_cylinder_axis
CaughtMutant	crates/geometry/src/convert/recognize_surface.rs	crates/geometry/src/convert/recognize_surface.rs:915:13: replace += with *= in estimate_cylinder_axis
CaughtMutant	crates/geometry/src/convert/recognize_surface.rs	crates/geometry/src/convert/recognize_surface.rs:915:19: replace * with + in estimate_cylinder_axis
CaughtMutant	crates/geometry/src/convert/recognize_surface.rs	crates/geometry/src/convert/recognize_surface.rs:915:19: replace * with / in estimate_cylinder_axis
CaughtMutant	crates/geometry/src/convert/recognize_surface.rs	crates/geometry/src/convert/recognize_surface.rs:916:13: replace += with -= in estimate_cylinder_axis
CaughtMutant	crates/geometry/src/convert/recognize_surface.rs	crates/geometry/src/convert/recognize_surface.rs:916:13: replace += with *= in estimate_cylinder_axis
CaughtMutant	crates/geometry/src/convert/recognize_surface.rs	crates/geometry/src/convert/recognize_surface.rs:916:19: replace * with + in estimate_cylinder_axis
CaughtMutant	crates/geometry/src/convert/recognize_surface.rs	crates/geometry/src/convert/recognize_surface.rs:916:19: replace * with / in estimate_cylinder_axis
CaughtMutant	crates/geometry/src/convert/recognize_surface.rs	crates/geometry/src/convert/recognize_surface.rs:923:57: replace * with + in estimate_cylinder_axis
CaughtMutant	crates/geometry/src/convert/recognize_surface.rs	crates/geometry/src/convert/recognize_surface.rs:923:57: replace * with / in estimate_cylinder_axis
CaughtMutant	crates/geometry/src/convert/recognize_surface.rs	crates/geometry/src/convert/recognize_surface.rs:924:57: replace * with + in estimate_cylinder_axis
CaughtMutant	crates/geometry/src/convert/recognize_surface.rs	crates/geometry/src/convert/recognize_surface.rs:924:57: replace * with / in estimate_cylinder_axis
CaughtMutant	crates/geometry/src/convert/recognize_surface.rs	crates/geometry/src/convert/recognize_surface.rs:925:57: replace * with + in estimate_cylinder_axis
CaughtMutant	crates/geometry/src/convert/recognize_surface.rs	crates/geometry/src/convert/recognize_surface.rs:925:57: replace * with / in estimate_cylinder_axis
CaughtMutant	crates/geometry/src/convert/recognize_surface.rs	crates/geometry/src/convert/recognize_surface.rs:928:16: replace < with > in estimate_cylinder_axis
CaughtMutant	crates/geometry/src/convert/recognize_surface.rs	crates/geometry/src/convert/recognize_surface.rs:931:33: replace / with % in estimate_cylinder_axis
CaughtMutant	crates/geometry/src/convert/recognize_surface.rs	crates/geometry/src/convert/recognize_surface.rs:931:33: replace / with * in estimate_cylinder_axis
Unviable	crates/geometry/src/convert/surface_to_nurbs.rs	crates/geometry/src/convert/surface_to_nurbs.rs:41:5: replace cylinder_to_nurbs -> Result<NurbsSurface, GeomError> with Ok(Default::default())
Unviable	crates/geometry/src/convert/surface_to_nurbs.rs	crates/geometry/src/convert/surface_to_nurbs.rs:54:5: replace sphere_to_nurbs -> Result<NurbsSurface, GeomError> with Ok(Default::default())
Unviable	crates/geometry/src/convert/surface_to_nurbs.rs	crates/geometry/src/convert/surface_to_nurbs.rs:75:5: replace cone_to_nurbs -> Result<NurbsSurface, GeomError> with Ok(Default::default())
CaughtMutant	crates/geometry/src/convert/recognize_surface.rs	crates/geometry/src/convert/recognize_surface.rs:931:50: replace / with % in estimate_cylinder_axis
Unviable	crates/geometry/src/convert/surface_to_nurbs.rs	crates/geometry/src/convert/surface_to_nurbs.rs:88:5: replace torus_to_nurbs -> Result<NurbsSurface, GeomError> with Ok(Default::default())
Unviable	crates/geometry/src/extrema/curve_curve.rs	crates/geometry/src/extrema/curve_curve.rs:54:25: replace - with + in line_to_line
Unviable	crates/geometry/src/extrema/curve_curve.rs	crates/geometry/src/extrema/curve_curve.rs:50:5: replace line_to_line -> ExtremaSolution with Default::default()
CaughtMutant	crates/geometry/src/convert/recognize_surface.rs	crates/geometry/src/convert/recognize_surface.rs:931:50: replace / with * in estimate_cylinder_axis
Unviable	crates/geometry/src/extrema/curve_curve.rs	crates/geometry/src/extrema/curve_curve.rs:54:25: replace - with / in line_to_line
CaughtMutant	crates/geometry/src/convert/recognize_surface.rs	crates/geometry/src/convert/recognize_surface.rs:931:67: replace / with % in estimate_cylinder_axis
CaughtMutant	crates/geometry/src/convert/recognize_surface.rs	crates/geometry/src/convert/recognize_surface.rs:931:67: replace / with * in estimate_cylinder_axis
MissedMutant	crates/geometry/src/convert/recognize_surface.rs	crates/geometry/src/convert/recognize_surface.rs:928:16: replace < with == in estimate_cylinder_axis
MissedMutant	crates/geometry/src/convert/recognize_surface.rs	crates/geometry/src/convert/recognize_surface.rs:928:16: replace < with <= in estimate_cylinder_axis
MissedMutant	crates/geometry/src/extrema/curve_curve.rs	crates/geometry/src/extrema/curve_curve.rs:61:10: replace < with == in line_to_line
MissedMutant	crates/geometry/src/extrema/curve_curve.rs	crates/geometry/src/extrema/curve_curve.rs:61:18: replace && with || in line_to_line
MissedMutant	crates/geometry/src/extrema/curve_curve.rs	crates/geometry/src/extrema/curve_curve.rs:61:10: replace < with > in line_to_line
MissedMutant	crates/geometry/src/extrema/curve_curve.rs	crates/geometry/src/extrema/curve_curve.rs:61:10: replace < with <= in line_to_line
MissedMutant	crates/geometry/src/extrema/curve_curve.rs	crates/geometry/src/extrema/curve_curve.rs:61:23: replace < with == in line_to_line
MissedMutant	crates/geometry/src/extrema/curve_curve.rs	crates/geometry/src/extrema/curve_curve.rs:61:23: replace < with > in line_to_line
CaughtMutant	crates/geometry/src/extrema/curve_curve.rs	crates/geometry/src/extrema/curve_curve.rs:65:17: replace < with > in line_to_line
CaughtMutant	crates/geometry/src/extrema/curve_curve.rs	crates/geometry/src/extrema/curve_curve.rs:70:14: replace < with > in line_to_line
MissedMutant	crates/geometry/src/extrema/curve_curve.rs	crates/geometry/src/extrema/curve_curve.rs:61:23: replace < with <= in line_to_line
MissedMutant	crates/geometry/src/extrema/curve_curve.rs	crates/geometry/src/extrema/curve_curve.rs:65:17: replace < with == in line_to_line
MissedMutant	crates/geometry/src/extrema/curve_curve.rs	crates/geometry/src/extrema/curve_curve.rs:65:17: replace < with <= in line_to_line
MissedMutant	crates/geometry/src/extrema/curve_curve.rs	crates/geometry/src/extrema/curve_curve.rs:67:16: replace / with % in line_to_line
MissedMutant	crates/geometry/src/extrema/curve_curve.rs	crates/geometry/src/extrema/curve_curve.rs:67:16: replace / with * in line_to_line
MissedMutant	crates/geometry/src/extrema/curve_curve.rs	crates/geometry/src/extrema/curve_curve.rs:70:14: replace < with == in line_to_line
CaughtMutant	crates/geometry/src/extrema/curve_curve.rs	crates/geometry/src/extrema/curve_curve.rs:75:31: replace - with + in line_to_line
CaughtMutant	crates/geometry/src/extrema/curve_curve.rs	crates/geometry/src/extrema/curve_curve.rs:75:31: replace - with / in line_to_line
MissedMutant	crates/geometry/src/extrema/curve_curve.rs	crates/geometry/src/extrema/curve_curve.rs:70:14: replace < with <= in line_to_line
CaughtMutant	crates/geometry/src/extrema/curve_curve.rs	crates/geometry/src/extrema/curve_curve.rs:75:27: replace * with + in line_to_line
MissedMutant	crates/geometry/src/extrema/curve_curve.rs	crates/geometry/src/extrema/curve_curve.rs:72:21: replace / with % in line_to_line
CaughtMutant	crates/geometry/src/extrema/curve_curve.rs	crates/geometry/src/extrema/curve_curve.rs:75:35: replace * with + in line_to_line
CaughtMutant	crates/geometry/src/extrema/curve_curve.rs	crates/geometry/src/extrema/curve_curve.rs:75:35: replace * with / in line_to_line
CaughtMutant	crates/geometry/src/extrema/curve_curve.rs	crates/geometry/src/extrema/curve_curve.rs:78:40: replace > with == in line_to_line
CaughtMutant	crates/geometry/src/extrema/curve_curve.rs	crates/geometry/src/extrema/curve_curve.rs:78:40: replace > with < in line_to_line
MissedMutant	crates/geometry/src/extrema/curve_curve.rs	crates/geometry/src/extrema/curve_curve.rs:72:21: replace / with * in line_to_line
CaughtMutant	crates/geometry/src/extrema/curve_curve.rs	crates/geometry/src/extrema/curve_curve.rs:79:33: replace / with % in line_to_line
CaughtMutant	crates/geometry/src/extrema/curve_curve.rs	crates/geometry/src/extrema/curve_curve.rs:79:33: replace / with * in line_to_line
CaughtMutant	crates/geometry/src/extrema/curve_curve.rs	crates/geometry/src/extrema/curve_curve.rs:79:24: replace - with + in line_to_line
MissedMutant	crates/geometry/src/extrema/curve_curve.rs	crates/geometry/src/extrema/curve_curve.rs:72:18: delete - in line_to_line
CaughtMutant	crates/geometry/src/extrema/curve_curve.rs	crates/geometry/src/extrema/curve_curve.rs:79:24: replace - with / in line_to_line
CaughtMutant	crates/geometry/src/extrema/curve_curve.rs	crates/geometry/src/extrema/curve_curve.rs:79:20: replace * with + in line_to_line
CaughtMutant	crates/geometry/src/extrema/curve_curve.rs	crates/geometry/src/extrema/curve_curve.rs:79:20: replace * with / in line_to_line
CaughtMutant	crates/geometry/src/extrema/curve_curve.rs	crates/geometry/src/extrema/curve_curve.rs:79:28: replace * with + in line_to_line
CaughtMutant	crates/geometry/src/extrema/curve_curve.rs	crates/geometry/src/extrema/curve_curve.rs:86:37: replace / with % in line_to_line
CaughtMutant	crates/geometry/src/extrema/curve_curve.rs	crates/geometry/src/extrema/curve_curve.rs:86:32: replace + with - in line_to_line
CaughtMutant	crates/geometry/src/extrema/curve_curve.rs	crates/geometry/src/extrema/curve_curve.rs:86:32: replace + with * in line_to_line
CaughtMutant	crates/geometry/src/extrema/curve_curve.rs	crates/geometry/src/extrema/curve_curve.rs:86:28: replace * with + in line_to_line
MissedMutant	crates/geometry/src/extrema/curve_curve.rs	crates/geometry/src/extrema/curve_curve.rs:75:27: replace * with / in line_to_line
CaughtMutant	crates/geometry/src/extrema/curve_curve.rs	crates/geometry/src/extrema/curve_curve.rs:86:28: replace * with / in line_to_line
CaughtMutant	crates/geometry/src/extrema/curve_curve.rs	crates/geometry/src/extrema/curve_curve.rs:92:18: replace > with == in line_to_line
CaughtMutant	crates/geometry/src/extrema/curve_curve.rs	crates/geometry/src/extrema/curve_curve.rs:92:18: replace > with < in line_to_line
MissedMutant	crates/geometry/src/extrema/curve_curve.rs	crates/geometry/src/extrema/curve_curve.rs:78:40: replace > with >= in line_to_line
CaughtMutant	crates/geometry/src/extrema/curve_curve.rs	crates/geometry/src/extrema/curve_curve.rs:95:22: replace / with % in line_to_line
CaughtMutant	crates/geometry/src/extrema/curve_curve.rs	crates/geometry/src/extrema/curve_curve.rs:95:17: replace - with + in line_to_line
Unviable	crates/geometry/src/extrema/curve_curve.rs	crates/geometry/src/extrema/curve_curve.rs:102:19: replace - with + in line_to_line
Unviable	crates/geometry/src/extrema/curve_curve.rs	crates/geometry/src/extrema/curve_curve.rs:102:19: replace - with / in line_to_line
CaughtMutant	crates/geometry/src/extrema/curve_curve.rs	crates/geometry/src/extrema/curve_curve.rs:95:17: replace - with / in line_to_line
CaughtMutant	crates/geometry/src/extrema/curve_curve.rs	crates/geometry/src/extrema/curve_curve.rs:95:13: replace * with + in line_to_line
CaughtMutant	crates/geometry/src/extrema/curve_curve.rs	crates/geometry/src/extrema/curve_curve.rs:95:13: replace * with / in line_to_line
CaughtMutant	crates/geometry/src/extrema/curve_curve.rs	crates/geometry/src/extrema/curve_curve.rs:103:63: replace + with - in line_to_line
CaughtMutant	crates/geometry/src/extrema/curve_curve.rs	crates/geometry/src/extrema/curve_curve.rs:103:63: replace + with * in line_to_line
MissedMutant	crates/geometry/src/extrema/curve_curve.rs	crates/geometry/src/extrema/curve_curve.rs:79:28: replace * with / in line_to_line
CaughtMutant	crates/geometry/src/extrema/curve_curve.rs	crates/geometry/src/extrema/curve_curve.rs:103:41: replace + with - in line_to_line
MissedMutant	crates/geometry/src/extrema/curve_curve.rs	crates/geometry/src/extrema/curve_curve.rs:86:37: replace / with * in line_to_line
CaughtMutant	crates/geometry/src/extrema/curve_curve.rs	crates/geometry/src/extrema/curve_curve.rs:103:41: replace + with * in line_to_line
CaughtMutant	crates/geometry/src/extrema/curve_curve.rs	crates/geometry/src/extrema/curve_curve.rs:103:30: replace * with + in line_to_line
CaughtMutant	crates/geometry/src/extrema/curve_curve.rs	crates/geometry/src/extrema/curve_curve.rs:103:30: replace * with / in line_to_line
Unviable	crates/geometry/src/extrema/curve_curve.rs	crates/geometry/src/extrema/curve_curve.rs:148:5: replace curve_to_curve -> ExtremaSolution with Default::default()
CaughtMutant	crates/geometry/src/extrema/curve_curve.rs	crates/geometry/src/extrema/curve_curve.rs:103:52: replace * with / in line_to_line
CaughtMutant	crates/geometry/src/extrema/curve_curve.rs	crates/geometry/src/extrema/curve_curve.rs:103:52: replace * with + in line_to_line
Unviable	crates/geometry/src/extrema/curve_curve.rs	crates/geometry/src/extrema/curve_curve.rs:156:27: replace - with + in curve_to_curve
CaughtMutant	crates/geometry/src/extrema/curve_curve.rs	crates/geometry/src/extrema/curve_curve.rs:103:74: replace * with + in line_to_line
Unviable	crates/geometry/src/extrema/curve_curve.rs	crates/geometry/src/extrema/curve_curve.rs:156:27: replace - with / in curve_to_curve
MissedMutant	crates/geometry/src/extrema/curve_curve.rs	crates/geometry/src/extrema/curve_curve.rs:92:18: replace > with >= in line_to_line
CaughtMutant	crates/geometry/src/extrema/curve_curve.rs	crates/geometry/src/extrema/curve_curve.rs:103:74: replace * with / in line_to_line
CaughtMutant	crates/geometry/src/extrema/curve_curve.rs	crates/geometry/src/extrema/curve_curve.rs:152:27: replace || with && in curve_to_curve
CaughtMutant	crates/geometry/src/extrema/curve_curve.rs	crates/geometry/src/extrema/curve_curve.rs:152:15: replace <= with > in curve_to_curve
MissedMutant	crates/geometry/src/extrema/curve_curve.rs	crates/geometry/src/extrema/curve_curve.rs:95:22: replace / with * in line_to_line
CaughtMutant	crates/geometry/src/extrema/curve_curve.rs	crates/geometry/src/extrema/curve_curve.rs:152:37: replace <= with > in curve_to_curve
CaughtMutant	crates/geometry/src/extrema/curve_curve.rs	crates/geometry/src/extrema/curve_curve.rs:165:37: replace / with * in curve_to_curve
CaughtMutant	crates/geometry/src/extrema/curve_curve.rs	crates/geometry/src/extrema/curve_curve.rs:165:25: replace - with / in curve_to_curve
MissedMutant	crates/geometry/src/extrema/curve_curve.rs	crates/geometry/src/extrema/curve_curve.rs:165:37: replace / with % in curve_to_curve
MissedMutant	crates/geometry/src/extrema/curve_curve.rs	crates/geometry/src/extrema/curve_curve.rs:165:25: replace - with + in curve_to_curve
MissedMutant	crates/geometry/src/extrema/curve_curve.rs	crates/geometry/src/extrema/curve_curve.rs:165:50: replace - with + in curve_to_curve
MissedMutant	crates/geometry/src/extrema/curve_curve.rs	crates/geometry/src/extrema/curve_curve.rs:165:50: replace - with / in curve_to_curve
CaughtMutant	crates/geometry/src/extrema/curve_curve.rs	crates/geometry/src/extrema/curve_curve.rs:166:25: replace - with / in curve_to_curve
MissedMutant	crates/geometry/src/extrema/curve_curve.rs	crates/geometry/src/extrema/curve_curve.rs:166:37: replace / with % in curve_to_curve
MissedMutant	crates/geometry/src/extrema/curve_curve.rs	crates/geometry/src/extrema/curve_curve.rs:166:37: replace / with * in curve_to_curve
CaughtMutant	crates/geometry/src/extrema/curve_curve.rs	crates/geometry/src/extrema/curve_curve.rs:178:26: replace + with - in curve_to_curve
MissedMutant	crates/geometry/src/extrema/curve_curve.rs	crates/geometry/src/extrema/curve_curve.rs:166:25: replace - with + in curve_to_curve
CaughtMutant	crates/geometry/src/extrema/curve_curve.rs	crates/geometry/src/extrema/curve_curve.rs:166:50: replace - with / in curve_to_curve
MissedMutant	crates/geometry/src/extrema/curve_curve.rs	crates/geometry/src/extrema/curve_curve.rs:166:50: replace - with + in curve_to_curve
CaughtMutant	crates/geometry/src/extrema/curve_curve.rs	crates/geometry/src/extrema/curve_curve.rs:178:37: replace * with + in curve_to_curve
CaughtMutant	crates/geometry/src/extrema/curve_curve.rs	crates/geometry/src/extrema/curve_curve.rs:178:37: replace * with / in curve_to_curve
MissedMutant	crates/geometry/src/extrema/curve_curve.rs	crates/geometry/src/extrema/curve_curve.rs:175:26: replace == with != in curve_to_curve
CaughtMutant	crates/geometry/src/extrema/curve_curve.rs	crates/geometry/src/extrema/curve_curve.rs:186:26: replace == with != in curve_to_curve
MissedMutant	crates/geometry/src/extrema/curve_curve.rs	crates/geometry/src/extrema/curve_curve.rs:175:39: replace - with + in curve_to_curve
MissedMutant	crates/geometry/src/extrema/curve_curve.rs	crates/geometry/src/extrema/curve_curve.rs:175:39: replace - with / in curve_to_curve
CaughtMutant	crates/geometry/src/extrema/curve_curve.rs	crates/geometry/src/extrema/curve_curve.rs:189:26: replace + with - in curve_to_curve
MissedMutant	crates/geometry/src/extrema/curve_curve.rs	crates/geometry/src/extrema/curve_curve.rs:178:26: replace + with * in curve_to_curve
Unviable	crates/geometry/src/extrema/curve_curve.rs	crates/geometry/src/extrema/curve_curve.rs:197:28: replace - with + in curve_to_curve
Unviable	crates/geometry/src/extrema/curve_curve.rs	crates/geometry/src/extrema/curve_curve.rs:197:28: replace - with / in curve_to_curve
CaughtMutant	crates/geometry/src/extrema/curve_curve.rs	crates/geometry/src/extrema/curve_curve.rs:198:64: replace + with - in curve_to_curve
CaughtMutant	crates/geometry/src/extrema/curve_curve.rs	crates/geometry/src/extrema/curve_curve.rs:198:42: replace + with - in curve_to_curve
MissedMutant	crates/geometry/src/extrema/curve_curve.rs	crates/geometry/src/extrema/curve_curve.rs:186:39: replace - with + in curve_to_curve
MissedMutant	crates/geometry/src/extrema/curve_curve.rs	crates/geometry/src/extrema/curve_curve.rs:186:39: replace - with / in curve_to_curve
CaughtMutant	crates/geometry/src/extrema/curve_curve.rs	crates/geometry/src/extrema/curve_curve.rs:198:42: replace + with * in curve_to_curve
MissedMutant	crates/geometry/src/extrema/curve_curve.rs	crates/geometry/src/extrema/curve_curve.rs:189:26: replace + with * in curve_to_curve
CaughtMutant	crates/geometry/src/extrema/curve_curve.rs	crates/geometry/src/extrema/curve_curve.rs:198:31: replace * with / in curve_to_curve
MissedMutant	crates/geometry/src/extrema/curve_curve.rs	crates/geometry/src/extrema/curve_curve.rs:189:37: replace * with + in curve_to_curve
MissedMutant	crates/geometry/src/extrema/curve_curve.rs	crates/geometry/src/extrema/curve_curve.rs:189:37: replace * with / in curve_to_curve
MissedMutant	crates/geometry/src/extrema/curve_curve.rs	crates/geometry/src/extrema/curve_curve.rs:198:64: replace + with * in curve_to_curve
CaughtMutant	crates/geometry/src/extrema/curve_curve.rs	crates/geometry/src/extrema/curve_curve.rs:198:53: replace * with + in curve_to_curve
CaughtMutant	crates/geometry/src/extrema/curve_curve.rs	crates/geometry/src/extrema/curve_curve.rs:198:53: replace * with / in curve_to_curve
CaughtMutant	crates/geometry/src/extrema/curve_curve.rs	crates/geometry/src/extrema/curve_curve.rs:198:31: replace * with + in curve_to_curve
CaughtMutant	crates/geometry/src/extrema/curve_curve.rs	crates/geometry/src/extrema/curve_curve.rs:199:19: replace < with == in curve_to_curve
CaughtMutant	crates/geometry/src/extrema/curve_curve.rs	crates/geometry/src/extrema/curve_curve.rs:199:19: replace < with > in curve_to_curve
CaughtMutant	crates/geometry/src/extrema/curve_curve.rs	crates/geometry/src/extrema/curve_curve.rs:215:35: replace * with + in curve_to_curve
CaughtMutant	crates/geometry/src/extrema/curve_curve.rs	crates/geometry/src/extrema/curve_curve.rs:215:35: replace * with / in curve_to_curve
CaughtMutant	crates/geometry/src/extrema/curve_curve.rs	crates/geometry/src/extrema/curve_curve.rs:198:75: replace * with / in curve_to_curve
CaughtMutant	crates/geometry/src/extrema/curve_curve.rs	crates/geometry/src/extrema/curve_curve.rs:216:35: replace * with + in curve_to_curve
Unviable	crates/geometry/src/extrema/curve_curve.rs	crates/geometry/src/extrema/curve_curve.rs:224:23: replace - with + in curve_to_curve
CaughtMutant	crates/geometry/src/extrema/curve_curve.rs	crates/geometry/src/extrema/curve_curve.rs:216:35: replace * with / in curve_to_curve
Unviable	crates/geometry/src/extrema/curve_curve.rs	crates/geometry/src/extrema/curve_curve.rs:224:23: replace - with / in curve_to_curve
CaughtMutant	crates/geometry/src/extrema/curve_curve.rs	crates/geometry/src/extrema/curve_curve.rs:216:23: replace - with / in curve_to_curve
CaughtMutant	crates/geometry/src/extrema/curve_curve.rs	crates/geometry/src/extrema/curve_curve.rs:215:23: replace - with / in curve_to_curve
CaughtMutant	crates/geometry/src/extrema/curve_curve.rs	crates/geometry/src/extrema/curve_curve.rs:227:26: replace + with * in curve_to_curve
CaughtMutant	crates/geometry/src/extrema/curve_curve.rs	crates/geometry/src/extrema/curve_curve.rs:227:26: replace + with - in curve_to_curve
CaughtMutant	crates/geometry/src/extrema/curve_curve.rs	crates/geometry/src/extrema/curve_curve.rs:228:26: replace - with + in curve_to_curve
MissedMutant	crates/geometry/src/extrema/curve_curve.rs	crates/geometry/src/extrema/curve_curve.rs:198:75: replace * with + in curve_to_curve
CaughtMutant	crates/geometry/src/extrema/curve_curve.rs	crates/geometry/src/extrema/curve_curve.rs:228:26: replace - with / in curve_to_curve
CaughtMutant	crates/geometry/src/extrema/curve_curve.rs	crates/geometry/src/extrema/curve_curve.rs:229:26: replace / with % in curve_to_curve
CaughtMutant	crates/geometry/src/extrema/curve_curve.rs	crates/geometry/src/extrema/curve_curve.rs:229:26: replace / with * in curve_to_curve
CaughtMutant	crates/geometry/src/extrema/curve_curve.rs	crates/geometry/src/extrema/curve_curve.rs:229:36: replace - with + in curve_to_curve
CaughtMutant	crates/geometry/src/extrema/curve_curve.rs	crates/geometry/src/extrema/curve_curve.rs:229:36: replace - with / in curve_to_curve
CaughtMutant	crates/geometry/src/extrema/curve_curve.rs	crates/geometry/src/extrema/curve_curve.rs:233:33: replace * with + in curve_to_curve
MissedMutant	crates/geometry/src/extrema/curve_curve.rs	crates/geometry/src/extrema/curve_curve.rs:199:19: replace < with <= in curve_to_curve
CaughtMutant	crates/geometry/src/extrema/curve_curve.rs	crates/geometry/src/extrema/curve_curve.rs:233:33: replace * with / in curve_to_curve
CaughtMutant	crates/geometry/src/extrema/curve_curve.rs	crates/geometry/src/extrema/curve_curve.rs:233:22: replace - with + in curve_to_curve
MissedMutant	crates/geometry/src/extrema/curve_curve.rs	crates/geometry/src/extrema/curve_curve.rs:215:23: replace - with + in curve_to_curve
CaughtMutant	crates/geometry/src/extrema/curve_curve.rs	crates/geometry/src/extrema/curve_curve.rs:233:22: replace - with / in curve_to_curve
CaughtMutant	crates/geometry/src/extrema/curve_curve.rs	crates/geometry/src/extrema/curve_curve.rs:234:33: replace * with + in curve_to_curve
MissedMutant	crates/geometry/src/extrema/curve_curve.rs	crates/geometry/src/extrema/curve_curve.rs:216:23: replace - with + in curve_to_curve
CaughtMutant	crates/geometry/src/extrema/curve_curve.rs	crates/geometry/src/extrema/curve_curve.rs:234:22: replace - with + in curve_to_curve
CaughtMutant	crates/geometry/src/extrema/curve_curve.rs	crates/geometry/src/extrema/curve_curve.rs:234:22: replace - with / in curve_to_curve
CaughtMutant	crates/geometry/src/extrema/curve_curve.rs	crates/geometry/src/extrema/curve_curve.rs:235:33: replace * with + in curve_to_curve
CaughtMutant	crates/geometry/src/extrema/curve_curve.rs	crates/geometry/src/extrema/curve_curve.rs:235:33: replace * with / in curve_to_curve
CaughtMutant	crates/geometry/src/extrema/curve_curve.rs	crates/geometry/src/extrema/curve_curve.rs:235:22: replace - with + in curve_to_curve
CaughtMutant	crates/geometry/src/extrema/curve_curve.rs	crates/geometry/src/extrema/curve_curve.rs:235:22: replace - with / in curve_to_curve
CaughtMutant	crates/geometry/src/extrema/curve_curve.rs	crates/geometry/src/extrema/curve_curve.rs:238:26: replace + with - in curve_to_curve
CaughtMutant	crates/geometry/src/extrema/curve_curve.rs	crates/geometry/src/extrema/curve_curve.rs:238:26: replace + with * in curve_to_curve
CaughtMutant	crates/geometry/src/extrema/curve_curve.rs	crates/geometry/src/extrema/curve_curve.rs:239:26: replace - with + in curve_to_curve
CaughtMutant	crates/geometry/src/extrema/curve_curve.rs	crates/geometry/src/extrema/curve_curve.rs:234:33: replace * with / in curve_to_curve
CaughtMutant	crates/geometry/src/extrema/curve_curve.rs	crates/geometry/src/extrema/curve_curve.rs:239:26: replace - with / in curve_to_curve
CaughtMutant	crates/geometry/src/extrema/curve_curve.rs	crates/geometry/src/extrema/curve_curve.rs:240:26: replace / with % in curve_to_curve
CaughtMutant	crates/geometry/src/extrema/curve_curve.rs	crates/geometry/src/extrema/curve_curve.rs:240:26: replace / with * in curve_to_curve
CaughtMutant	crates/geometry/src/extrema/curve_curve.rs	crates/geometry/src/extrema/curve_curve.rs:240:36: replace - with + in curve_to_curve
CaughtMutant	crates/geometry/src/extrema/curve_curve.rs	crates/geometry/src/extrema/curve_curve.rs:240:36: replace - with / in curve_to_curve
CaughtMutant	crates/geometry/src/extrema/curve_curve.rs	crates/geometry/src/extrema/curve_curve.rs:244:33: replace * with + in curve_to_curve
CaughtMutant	crates/geometry/src/extrema/curve_curve.rs	crates/geometry/src/extrema/curve_curve.rs:244:33: replace * with / in curve_to_curve
CaughtMutant	crates/geometry/src/extrema/curve_curve.rs	crates/geometry/src/extrema/curve_curve.rs:244:22: replace - with + in curve_to_curve
CaughtMutant	crates/geometry/src/extrema/curve_curve.rs	crates/geometry/src/extrema/curve_curve.rs:244:22: replace - with / in curve_to_curve
CaughtMutant	crates/geometry/src/extrema/curve_curve.rs	crates/geometry/src/extrema/curve_curve.rs:245:33: replace * with + in curve_to_curve
CaughtMutant	crates/geometry/src/extrema/curve_curve.rs	crates/geometry/src/extrema/curve_curve.rs:245:33: replace * with / in curve_to_curve
CaughtMutant	crates/geometry/src/extrema/curve_curve.rs	crates/geometry/src/extrema/curve_curve.rs:245:22: replace - with + in curve_to_curve
CaughtMutant	crates/geometry/src/extrema/curve_curve.rs	crates/geometry/src/extrema/curve_curve.rs:245:22: replace - with / in curve_to_curve
CaughtMutant	crates/geometry/src/extrema/curve_curve.rs	crates/geometry/src/extrema/curve_curve.rs:246:33: replace * with + in curve_to_curve
CaughtMutant	crates/geometry/src/extrema/curve_curve.rs	crates/geometry/src/extrema/curve_curve.rs:246:33: replace * with / in curve_to_curve
CaughtMutant	crates/geometry/src/extrema/curve_curve.rs	crates/geometry/src/extrema/curve_curve.rs:246:22: replace - with + in curve_to_curve
CaughtMutant	crates/geometry/src/extrema/curve_curve.rs	crates/geometry/src/extrema/curve_curve.rs:246:22: replace - with / in curve_to_curve
CaughtMutant	crates/geometry/src/extrema/curve_curve.rs	crates/geometry/src/extrema/curve_curve.rs:250:18: delete - in curve_to_curve
CaughtMutant	crates/geometry/src/extrema/curve_curve.rs	crates/geometry/src/extrema/curve_curve.rs:254:19: delete - in curve_to_curve
CaughtMutant	crates/geometry/src/extrema/curve_curve.rs	crates/geometry/src/extrema/curve_curve.rs:256:29: replace - with + in curve_to_curve
CaughtMutant	crates/geometry/src/extrema/curve_curve.rs	crates/geometry/src/extrema/curve_curve.rs:256:23: replace * with + in curve_to_curve
CaughtMutant	crates/geometry/src/extrema/curve_curve.rs	crates/geometry/src/extrema/curve_curve.rs:256:23: replace * with / in curve_to_curve
CaughtMutant	crates/geometry/src/extrema/curve_curve.rs	crates/geometry/src/extrema/curve_curve.rs:258:22: replace < with == in curve_to_curve
CaughtMutant	crates/geometry/src/extrema/curve_curve.rs	crates/geometry/src/extrema/curve_curve.rs:258:22: replace < with > in curve_to_curve
CaughtMutant	crates/geometry/src/extrema/curve_curve.rs	crates/geometry/src/extrema/curve_curve.rs:262:41: replace / with % in curve_to_curve
CaughtMutant	crates/geometry/src/extrema/curve_curve.rs	crates/geometry/src/extrema/curve_curve.rs:262:41: replace / with * in curve_to_curve
CaughtMutant	crates/geometry/src/extrema/curve_curve.rs	crates/geometry/src/extrema/curve_curve.rs:256:29: replace - with / in curve_to_curve
CaughtMutant	crates/geometry/src/extrema/curve_curve.rs	crates/geometry/src/extrema/curve_curve.rs:262:29: replace - with + in curve_to_curve
CaughtMutant	crates/geometry/src/extrema/curve_curve.rs	crates/geometry/src/extrema/curve_curve.rs:256:35: replace * with + in curve_to_curve
CaughtMutant	crates/geometry/src/extrema/curve_curve.rs	crates/geometry/src/extrema/curve_curve.rs:262:29: replace - with / in curve_to_curve
CaughtMutant	crates/geometry/src/extrema/curve_curve.rs	crates/geometry/src/extrema/curve_curve.rs:256:35: replace * with / in curve_to_curve
CaughtMutant	crates/geometry/src/extrema/curve_curve.rs	crates/geometry/src/extrema/curve_curve.rs:262:23: replace * with + in curve_to_curve
CaughtMutant	crates/geometry/src/extrema/curve_curve.rs	crates/geometry/src/extrema/curve_curve.rs:262:23: replace * with / in curve_to_curve
CaughtMutant	crates/geometry/src/extrema/curve_curve.rs	crates/geometry/src/extrema/curve_curve.rs:262:34: replace * with + in curve_to_curve
CaughtMutant	crates/geometry/src/extrema/curve_curve.rs	crates/geometry/src/extrema/curve_curve.rs:262:34: replace * with / in curve_to_curve
CaughtMutant	crates/geometry/src/extrema/curve_curve.rs	crates/geometry/src/extrema/curve_curve.rs:263:41: replace / with % in curve_to_curve
CaughtMutant	crates/geometry/src/extrema/curve_curve.rs	crates/geometry/src/extrema/curve_curve.rs:263:41: replace / with * in curve_to_curve
CaughtMutant	crates/geometry/src/extrema/curve_curve.rs	crates/geometry/src/extrema/curve_curve.rs:263:29: replace - with + in curve_to_curve
CaughtMutant	crates/geometry/src/extrema/curve_curve.rs	crates/geometry/src/extrema/curve_curve.rs:263:29: replace - with / in curve_to_curve
CaughtMutant	crates/geometry/src/extrema/curve_curve.rs	crates/geometry/src/extrema/curve_curve.rs:263:23: replace * with + in curve_to_curve
CaughtMutant	crates/geometry/src/extrema/curve_curve.rs	crates/geometry/src/extrema/curve_curve.rs:263:23: replace * with / in curve_to_curve
CaughtMutant	crates/geometry/src/extrema/curve_curve.rs	crates/geometry/src/extrema/curve_curve.rs:263:34: replace * with + in curve_to_curve
CaughtMutant	crates/geometry/src/extrema/curve_curve.rs	crates/geometry/src/extrema/curve_curve.rs:263:34: replace * with / in curve_to_curve
CaughtMutant	crates/geometry/src/extrema/curve_curve.rs	crates/geometry/src/extrema/curve_curve.rs:265:26: replace - with + in curve_to_curve
CaughtMutant	crates/geometry/src/extrema/curve_curve.rs	crates/geometry/src/extrema/curve_curve.rs:265:26: replace - with / in curve_to_curve
CaughtMutant	crates/geometry/src/extrema/curve_curve.rs	crates/geometry/src/extrema/curve_curve.rs:266:26: replace - with + in curve_to_curve
MissedMutant	crates/geometry/src/extrema/curve_curve.rs	crates/geometry/src/extrema/curve_curve.rs:258:22: replace < with <= in curve_to_curve
CaughtMutant	crates/geometry/src/extrema/curve_curve.rs	crates/geometry/src/extrema/curve_curve.rs:266:26: replace - with / in curve_to_curve
CaughtMutant	crates/geometry/src/extrema/curve_curve.rs	crates/geometry/src/extrema/curve_curve.rs:268:44: replace && with || in curve_to_curve
CaughtMutant	crates/geometry/src/extrema/curve_curve.rs	crates/geometry/src/extrema/curve_curve.rs:268:32: replace < with > in curve_to_curve
CaughtMutant	crates/geometry/src/extrema/curve_curve.rs	crates/geometry/src/extrema/curve_curve.rs:268:67: replace < with > in curve_to_curve
MissedMutant	crates/geometry/src/extrema/curve_curve.rs	crates/geometry/src/extrema/curve_curve.rs:268:32: replace < with == in curve_to_curve
MissedMutant	crates/geometry/src/extrema/curve_curve.rs	crates/geometry/src/extrema/curve_curve.rs:268:32: replace < with <= in curve_to_curve
Unviable	crates/geometry/src/extrema/curve_curve.rs	crates/geometry/src/extrema/curve_curve.rs:279:19: replace - with + in curve_to_curve
Unviable	crates/geometry/src/extrema/curve_curve.rs	crates/geometry/src/extrema/curve_curve.rs:279:19: replace - with / in curve_to_curve
MissedMutant	crates/geometry/src/extrema/curve_curve.rs	crates/geometry/src/extrema/curve_curve.rs:268:20: replace - with + in curve_to_curve
MissedMutant	crates/geometry/src/extrema/curve_curve.rs	crates/geometry/src/extrema/curve_curve.rs:268:20: replace - with / in curve_to_curve
MissedMutant	crates/geometry/src/extrema/curve_curve.rs	crates/geometry/src/extrema/curve_curve.rs:268:67: replace < with == in curve_to_curve
MissedMutant	crates/geometry/src/extrema/curve_curve.rs	crates/geometry/src/extrema/curve_curve.rs:268:67: replace < with <= in curve_to_curve
CaughtMutant	crates/geometry/src/extrema/curve_curve.rs	crates/geometry/src/extrema/curve_curve.rs:280:63: replace + with - in curve_to_curve
MissedMutant	crates/geometry/src/extrema/curve_curve.rs	crates/geometry/src/extrema/curve_curve.rs:268:55: replace - with + in curve_to_curve
CaughtMutant	crates/geometry/src/extrema/curve_curve.rs	crates/geometry/src/extrema/curve_curve.rs:280:63: replace + with * in curve_to_curve
CaughtMutant	crates/geometry/src/extrema/curve_curve.rs	crates/geometry/src/extrema/curve_curve.rs:280:41: replace + with - in curve_to_curve
CaughtMutant	crates/geometry/src/extrema/curve_curve.rs	crates/geometry/src/extrema/curve_curve.rs:280:41: replace + with * in curve_to_curve
CaughtMutant	crates/geometry/src/extrema/curve_curve.rs	crates/geometry/src/extrema/curve_curve.rs:280:30: replace * with + in curve_to_curve
MissedMutant	crates/geometry/src/extrema/curve_curve.rs	crates/geometry/src/extrema/curve_curve.rs:268:55: replace - with / in curve_to_curve
CaughtMutant	crates/geometry/src/extrema/curve_curve.rs	crates/geometry/src/extrema/curve_curve.rs:280:30: replace * with / in curve_to_curve
CaughtMutant	crates/geometry/src/extrema/curve_curve.rs	crates/geometry/src/extrema/curve_curve.rs:280:52: replace * with + in curve_to_curve
CaughtMutant	crates/geometry/src/extrema/curve_curve.rs	crates/geometry/src/extrema/curve_curve.rs:280:52: replace * with / in curve_to_curve
CaughtMutant	crates/geometry/src/extrema/curve_curve.rs	crates/geometry/src/extrema/curve_curve.rs:280:74: replace * with + in curve_to_curve
CaughtMutant	crates/geometry/src/extrema/curve_curve.rs	crates/geometry/src/extrema/curve_curve.rs:280:74: replace * with / in curve_to_curve
CaughtMutant	crates/geometry/src/extrema/lipschitz.rs	crates/geometry/src/extrema/lipschitz.rs:68:9: replace LipschitzOptimizer::minimize_2d -> (f64, f64, f64) with (0.0, 0.0, 0.0)
CaughtMutant	crates/geometry/src/extrema/lipschitz.rs	crates/geometry/src/extrema/lipschitz.rs:68:9: replace LipschitzOptimizer::minimize_2d -> (f64, f64, f64) with (0.0, 0.0, 1.0)
CaughtMutant	crates/geometry/src/extrema/lipschitz.rs	crates/geometry/src/extrema/lipschitz.rs:68:9: replace LipschitzOptimizer::minimize_2d -> (f64, f64, f64) with (0.0, 0.0, -1.0)
CaughtMutant	crates/geometry/src/extrema/lipschitz.rs	crates/geometry/src/extrema/lipschitz.rs:68:9: replace LipschitzOptimizer::minimize_2d -> (f64, f64, f64) with (0.0, 1.0, 0.0)
CaughtMutant	crates/geometry/src/extrema/lipschitz.rs	crates/geometry/src/extrema/lipschitz.rs:68:9: replace LipschitzOptimizer::minimize_2d -> (f64, f64, f64) with (0.0, 1.0, 1.0)
CaughtMutant	crates/geometry/src/extrema/lipschitz.rs	crates/geometry/src/extrema/lipschitz.rs:68:9: replace LipschitzOptimizer::minimize_2d -> (f64, f64, f64) with (0.0, 1.0, -1.0)
CaughtMutant	crates/geometry/src/extrema/lipschitz.rs	crates/geometry/src/extrema/lipschitz.rs:68:9: replace LipschitzOptimizer::minimize_2d -> (f64, f64, f64) with (0.0, -1.0, 0.0)
CaughtMutant	crates/geometry/src/extrema/lipschitz.rs	crates/geometry/src/extrema/lipschitz.rs:68:9: replace LipschitzOptimizer::minimize_2d -> (f64, f64, f64) with (0.0, -1.0, 1.0)
CaughtMutant	crates/geometry/src/extrema/lipschitz.rs	crates/geometry/src/extrema/lipschitz.rs:68:9: replace LipschitzOptimizer::minimize_2d -> (f64, f64, f64) with (0.0, -1.0, -1.0)
CaughtMutant	crates/geometry/src/extrema/lipschitz.rs	crates/geometry/src/extrema/lipschitz.rs:68:9: replace LipschitzOptimizer::minimize_2d -> (f64, f64, f64) with (1.0, 0.0, 0.0)
CaughtMutant	crates/geometry/src/extrema/lipschitz.rs	crates/geometry/src/extrema/lipschitz.rs:68:9: replace LipschitzOptimizer::minimize_2d -> (f64, f64, f64) with (1.0, 0.0, 1.0)
CaughtMutant	crates/geometry/src/extrema/lipschitz.rs	crates/geometry/src/extrema/lipschitz.rs:68:9: replace LipschitzOptimizer::minimize_2d -> (f64, f64, f64) with (1.0, 0.0, -1.0)
CaughtMutant	crates/geometry/src/extrema/lipschitz.rs	crates/geometry/src/extrema/lipschitz.rs:68:9: replace LipschitzOptimizer::minimize_2d -> (f64, f64, f64) with (1.0, 1.0, 0.0)
CaughtMutant	crates/geometry/src/extrema/lipschitz.rs	crates/geometry/src/extrema/lipschitz.rs:68:9: replace LipschitzOptimizer::minimize_2d -> (f64, f64, f64) with (1.0, 1.0, 1.0)
CaughtMutant	crates/geometry/src/extrema/lipschitz.rs	crates/geometry/src/extrema/lipschitz.rs:68:9: replace LipschitzOptimizer::minimize_2d -> (f64, f64, f64) with (1.0, 1.0, -1.0)
CaughtMutant	crates/geometry/src/extrema/lipschitz.rs	crates/geometry/src/extrema/lipschitz.rs:68:9: replace LipschitzOptimizer::minimize_2d -> (f64, f64, f64) with (1.0, -1.0, 0.0)
CaughtMutant	crates/geometry/src/extrema/lipschitz.rs	crates/geometry/src/extrema/lipschitz.rs:68:9: replace LipschitzOptimizer::minimize_2d -> (f64, f64, f64) with (1.0, -1.0, 1.0)
CaughtMutant	crates/geometry/src/extrema/lipschitz.rs	crates/geometry/src/extrema/lipschitz.rs:68:9: replace LipschitzOptimizer::minimize_2d -> (f64, f64, f64) with (1.0, -1.0, -1.0)
CaughtMutant	crates/geometry/src/extrema/lipschitz.rs	crates/geometry/src/extrema/lipschitz.rs:68:9: replace LipschitzOptimizer::minimize_2d -> (f64, f64, f64) with (-1.0, 0.0, 0.0)
CaughtMutant	crates/geometry/src/extrema/lipschitz.rs	crates/geometry/src/extrema/lipschitz.rs:68:9: replace LipschitzOptimizer::minimize_2d -> (f64, f64, f64) with (-1.0, 0.0, 1.0)
CaughtMutant	crates/geometry/src/extrema/lipschitz.rs	crates/geometry/src/extrema/lipschitz.rs:68:9: replace LipschitzOptimizer::minimize_2d -> (f64, f64, f64) with (-1.0, 0.0, -1.0)
CaughtMutant	crates/geometry/src/extrema/lipschitz.rs	crates/geometry/src/extrema/lipschitz.rs:68:9: replace LipschitzOptimizer::minimize_2d -> (f64, f64, f64) with (-1.0, 1.0, 0.0)
CaughtMutant	crates/geometry/src/extrema/lipschitz.rs	crates/geometry/src/extrema/lipschitz.rs:68:9: replace LipschitzOptimizer::minimize_2d -> (f64, f64, f64) with (-1.0, 1.0, 1.0)
CaughtMutant	crates/geometry/src/extrema/lipschitz.rs	crates/geometry/src/extrema/lipschitz.rs:68:9: replace LipschitzOptimizer::minimize_2d -> (f64, f64, f64) with (-1.0, 1.0, -1.0)
CaughtMutant	crates/geometry/src/extrema/lipschitz.rs	crates/geometry/src/extrema/lipschitz.rs:68:9: replace LipschitzOptimizer::minimize_2d -> (f64, f64, f64) with (-1.0, -1.0, 0.0)
CaughtMutant	crates/geometry/src/extrema/lipschitz.rs	crates/geometry/src/extrema/lipschitz.rs:68:9: replace LipschitzOptimizer::minimize_2d -> (f64, f64, f64) with (-1.0, -1.0, 1.0)
CaughtMutant	crates/geometry/src/extrema/lipschitz.rs	crates/geometry/src/extrema/lipschitz.rs:68:9: replace LipschitzOptimizer::minimize_2d -> (f64, f64, f64) with (-1.0, -1.0, -1.0)
CaughtMutant	crates/geometry/src/extrema/lipschitz.rs	crates/geometry/src/extrema/lipschitz.rs:73:32: replace * with + in LipschitzOptimizer::minimize_2d
CaughtMutant	crates/geometry/src/extrema/lipschitz.rs	crates/geometry/src/extrema/lipschitz.rs:73:32: replace * with / in LipschitzOptimizer::minimize_2d
CaughtMutant	crates/geometry/src/extrema/lipschitz.rs	crates/geometry/src/extrema/lipschitz.rs:73:27: replace + with - in LipschitzOptimizer::minimize_2d
CaughtMutant	crates/geometry/src/extrema/lipschitz.rs	crates/geometry/src/extrema/lipschitz.rs:73:27: replace + with * in LipschitzOptimizer::minimize_2d
CaughtMutant	crates/geometry/src/extrema/lipschitz.rs	crates/geometry/src/extrema/lipschitz.rs:73:37: replace + with - in LipschitzOptimizer::minimize_2d
CaughtMutant	crates/geometry/src/extrema/lipschitz.rs	crates/geometry/src/extrema/lipschitz.rs:73:37: replace + with * in LipschitzOptimizer::minimize_2d
MissedMutant	crates/geometry/src/extrema/lipschitz.rs	crates/geometry/src/extrema/lipschitz.rs:76:36: replace * with + in LipschitzOptimizer::minimize_2d
MissedMutant	crates/geometry/src/extrema/lipschitz.rs	crates/geometry/src/extrema/lipschitz.rs:76:36: replace * with / in LipschitzOptimizer::minimize_2d
MissedMutant	crates/geometry/src/extrema/lipschitz.rs	crates/geometry/src/extrema/lipschitz.rs:76:30: replace + with - in LipschitzOptimizer::minimize_2d
MissedMutant	crates/geometry/src/extrema/lipschitz.rs	crates/geometry/src/extrema/lipschitz.rs:76:30: replace + with * in LipschitzOptimizer::minimize_2d
MissedMutant	crates/geometry/src/extrema/lipschitz.rs	crates/geometry/src/extrema/lipschitz.rs:77:36: replace * with + in LipschitzOptimizer::minimize_2d
MissedMutant	crates/geometry/src/extrema/lipschitz.rs	crates/geometry/src/extrema/lipschitz.rs:77:36: replace * with / in LipschitzOptimizer::minimize_2d
MissedMutant	crates/geometry/src/extrema/lipschitz.rs	crates/geometry/src/extrema/lipschitz.rs:77:30: replace + with - in LipschitzOptimizer::minimize_2d
MissedMutant	crates/geometry/src/extrema/lipschitz.rs	crates/geometry/src/extrema/lipschitz.rs:77:30: replace + with * in LipschitzOptimizer::minimize_2d
CaughtMutant	crates/geometry/src/extrema/lipschitz.rs	crates/geometry/src/extrema/lipschitz.rs:80:24: replace + with - in LipschitzOptimizer::minimize_2d
CaughtMutant	crates/geometry/src/extrema/lipschitz.rs	crates/geometry/src/extrema/lipschitz.rs:80:24: replace + with * in LipschitzOptimizer::minimize_2d
CaughtMutant	crates/geometry/src/extrema/lipschitz.rs	crates/geometry/src/extrema/lipschitz.rs:80:36: replace * with + in LipschitzOptimizer::minimize_2d
CaughtMutant	crates/geometry/src/extrema/lipschitz.rs	crates/geometry/src/extrema/lipschitz.rs:80:36: replace * with / in LipschitzOptimizer::minimize_2d
CaughtMutant	crates/geometry/src/extrema/lipschitz.rs	crates/geometry/src/extrema/lipschitz.rs:80:30: replace - with + in LipschitzOptimizer::minimize_2d
CaughtMutant	crates/geometry/src/extrema/lipschitz.rs	crates/geometry/src/extrema/lipschitz.rs:80:30: replace - with / in LipschitzOptimizer::minimize_2d
CaughtMutant	crates/geometry/src/extrema/lipschitz.rs	crates/geometry/src/extrema/lipschitz.rs:80:49: replace / with % in LipschitzOptimizer::minimize_2d
CaughtMutant	crates/geometry/src/extrema/lipschitz.rs	crates/geometry/src/extrema/lipschitz.rs:80:49: replace / with * in LipschitzOptimizer::minimize_2d
CaughtMutant	crates/geometry/src/extrema/lipschitz.rs	crates/geometry/src/extrema/lipschitz.rs:82:28: replace + with - in LipschitzOptimizer::minimize_2d
CaughtMutant	crates/geometry/src/extrema/lipschitz.rs	crates/geometry/src/extrema/lipschitz.rs:82:28: replace + with * in LipschitzOptimizer::minimize_2d
CaughtMutant	crates/geometry/src/extrema/lipschitz.rs	crates/geometry/src/extrema/lipschitz.rs:82:40: replace * with + in LipschitzOptimizer::minimize_2d
CaughtMutant	crates/geometry/src/extrema/lipschitz.rs	crates/geometry/src/extrema/lipschitz.rs:82:40: replace * with / in LipschitzOptimizer::minimize_2d
CaughtMutant	crates/geometry/src/extrema/lipschitz.rs	crates/geometry/src/extrema/lipschitz.rs:82:34: replace - with + in LipschitzOptimizer::minimize_2d
CaughtMutant	crates/geometry/src/extrema/lipschitz.rs	crates/geometry/src/extrema/lipschitz.rs:82:34: replace - with / in LipschitzOptimizer::minimize_2d
CaughtMutant	crates/geometry/src/extrema/lipschitz.rs	crates/geometry/src/extrema/lipschitz.rs:82:53: replace / with % in LipschitzOptimizer::minimize_2d
CaughtMutant	crates/geometry/src/extrema/lipschitz.rs	crates/geometry/src/extrema/lipschitz.rs:82:53: replace / with * in LipschitzOptimizer::minimize_2d
CaughtMutant	crates/geometry/src/extrema/lipschitz.rs	crates/geometry/src/extrema/lipschitz.rs:84:40: replace + with - in LipschitzOptimizer::minimize_2d
CaughtMutant	crates/geometry/src/extrema/lipschitz.rs	crates/geometry/src/extrema/lipschitz.rs:84:40: replace + with * in LipschitzOptimizer::minimize_2d
CaughtMutant	crates/geometry/src/extrema/lipschitz.rs	crates/geometry/src/extrema/lipschitz.rs:84:30: replace * with + in LipschitzOptimizer::minimize_2d
CaughtMutant	crates/geometry/src/extrema/lipschitz.rs	crates/geometry/src/extrema/lipschitz.rs:84:30: replace * with / in LipschitzOptimizer::minimize_2d
CaughtMutant	crates/geometry/src/extrema/lipschitz.rs	crates/geometry/src/extrema/lipschitz.rs:84:35: replace + with - in LipschitzOptimizer::minimize_2d
CaughtMutant	crates/geometry/src/extrema/lipschitz.rs	crates/geometry/src/extrema/lipschitz.rs:84:35: replace + with * in LipschitzOptimizer::minimize_2d
CaughtMutant	crates/geometry/src/extrema/lipschitz.rs	crates/geometry/src/extrema/lipschitz.rs:85:24: replace < with == in LipschitzOptimizer::minimize_2d
CaughtMutant	crates/geometry/src/extrema/lipschitz.rs	crates/geometry/src/extrema/lipschitz.rs:85:24: replace < with > in LipschitzOptimizer::minimize_2d
CaughtMutant	crates/geometry/src/extrema/lipschitz.rs	crates/geometry/src/extrema/lipschitz.rs:95:36: replace / with % in LipschitzOptimizer::minimize_2d
CaughtMutant	crates/geometry/src/extrema/lipschitz.rs	crates/geometry/src/extrema/lipschitz.rs:95:36: replace / with * in LipschitzOptimizer::minimize_2d
CaughtMutant	crates/geometry/src/extrema/lipschitz.rs	crates/geometry/src/extrema/lipschitz.rs:95:30: replace - with + in LipschitzOptimizer::minimize_2d
CaughtMutant	crates/geometry/src/extrema/lipschitz.rs	crates/geometry/src/extrema/lipschitz.rs:95:30: replace - with / in LipschitzOptimizer::minimize_2d
CaughtMutant	crates/geometry/src/extrema/lipschitz.rs	crates/geometry/src/extrema/lipschitz.rs:96:36: replace / with % in LipschitzOptimizer::minimize_2d
CaughtMutant	crates/geometry/src/extrema/lipschitz.rs	crates/geometry/src/extrema/lipschitz.rs:96:36: replace / with * in LipschitzOptimizer::minimize_2d
CaughtMutant	crates/geometry/src/extrema/lipschitz.rs	crates/geometry/src/extrema/lipschitz.rs:96:30: replace - with + in LipschitzOptimizer::minimize_2d
CaughtMutant	crates/geometry/src/extrema/lipschitz.rs	crates/geometry/src/extrema/lipschitz.rs:96:30: replace - with / in LipschitzOptimizer::minimize_2d
CaughtMutant	crates/geometry/src/extrema/lipschitz.rs	crates/geometry/src/extrema/lipschitz.rs:97:34: replace - with + in LipschitzOptimizer::minimize_2d
CaughtMutant	crates/geometry/src/extrema/lipschitz.rs	crates/geometry/src/extrema/lipschitz.rs:97:34: replace - with / in LipschitzOptimizer::minimize_2d
CaughtMutant	crates/geometry/src/extrema/lipschitz.rs	crates/geometry/src/extrema/lipschitz.rs:98:34: replace + with - in LipschitzOptimizer::minimize_2d
CaughtMutant	crates/geometry/src/extrema/lipschitz.rs	crates/geometry/src/extrema/lipschitz.rs:98:34: replace + with * in LipschitzOptimizer::minimize_2d
CaughtMutant	crates/geometry/src/extrema/lipschitz.rs	crates/geometry/src/extrema/lipschitz.rs:99:34: replace - with + in LipschitzOptimizer::minimize_2d
CaughtMutant	crates/geometry/src/extrema/lipschitz.rs	crates/geometry/src/extrema/lipschitz.rs:99:34: replace - with / in LipschitzOptimizer::minimize_2d
CaughtMutant	crates/geometry/src/extrema/lipschitz.rs	crates/geometry/src/extrema/lipschitz.rs:100:34: replace + with - in LipschitzOptimizer::minimize_2d
CaughtMutant	crates/geometry/src/extrema/lipschitz.rs	crates/geometry/src/extrema/lipschitz.rs:100:34: replace + with * in LipschitzOptimizer::minimize_2d
CaughtMutant	crates/geometry/src/extrema/lipschitz.rs	crates/geometry/src/extrema/lipschitz.rs:102:29: replace + with - in LipschitzOptimizer::minimize_2d
CaughtMutant	crates/geometry/src/extrema/lipschitz.rs	crates/geometry/src/extrema/lipschitz.rs:102:29: replace + with * in LipschitzOptimizer::minimize_2d
CaughtMutant	crates/geometry/src/extrema/lipschitz.rs	crates/geometry/src/extrema/lipschitz.rs:102:41: replace / with % in LipschitzOptimizer::minimize_2d
CaughtMutant	crates/geometry/src/extrema/lipschitz.rs	crates/geometry/src/extrema/lipschitz.rs:102:41: replace / with * in LipschitzOptimizer::minimize_2d
CaughtMutant	crates/geometry/src/extrema/lipschitz.rs	crates/geometry/src/extrema/lipschitz.rs:102:35: replace - with + in LipschitzOptimizer::minimize_2d
CaughtMutant	crates/geometry/src/extrema/lipschitz.rs	crates/geometry/src/extrema/lipschitz.rs:102:35: replace - with / in LipschitzOptimizer::minimize_2d
CaughtMutant	crates/geometry/src/extrema/lipschitz.rs	crates/geometry/src/extrema/lipschitz.rs:103:29: replace - with + in LipschitzOptimizer::minimize_2d
CaughtMutant	crates/geometry/src/extrema/lipschitz.rs	crates/geometry/src/extrema/lipschitz.rs:103:29: replace - with / in LipschitzOptimizer::minimize_2d
CaughtMutant	crates/geometry/src/extrema/lipschitz.rs	crates/geometry/src/extrema/lipschitz.rs:103:41: replace / with % in LipschitzOptimizer::minimize_2d
CaughtMutant	crates/geometry/src/extrema/lipschitz.rs	crates/geometry/src/extrema/lipschitz.rs:103:41: replace / with * in LipschitzOptimizer::minimize_2d
MissedMutant	crates/geometry/src/extrema/lipschitz.rs	crates/geometry/src/extrema/lipschitz.rs:85:24: replace < with <= in LipschitzOptimizer::minimize_2d
CaughtMutant	crates/geometry/src/extrema/lipschitz.rs	crates/geometry/src/extrema/lipschitz.rs:103:35: replace - with + in LipschitzOptimizer::minimize_2d
CaughtMutant	crates/geometry/src/extrema/lipschitz.rs	crates/geometry/src/extrema/lipschitz.rs:103:35: replace - with / in LipschitzOptimizer::minimize_2d
CaughtMutant	crates/geometry/src/extrema/lipschitz.rs	crates/geometry/src/extrema/lipschitz.rs:104:34: replace < with == in LipschitzOptimizer::minimize_2d
CaughtMutant	crates/geometry/src/extrema/lipschitz.rs	crates/geometry/src/extrema/lipschitz.rs:104:34: replace < with > in LipschitzOptimizer::minimize_2d
CaughtMutant	crates/geometry/src/extrema/lipschitz.rs	crates/geometry/src/extrema/lipschitz.rs:109:36: replace * with + in LipschitzOptimizer::minimize_2d
CaughtMutant	crates/geometry/src/extrema/lipschitz.rs	crates/geometry/src/extrema/lipschitz.rs:109:36: replace * with / in LipschitzOptimizer::minimize_2d
CaughtMutant	crates/geometry/src/extrema/lipschitz.rs	crates/geometry/src/extrema/lipschitz.rs:109:30: replace + with - in LipschitzOptimizer::minimize_2d
CaughtMutant	crates/geometry/src/extrema/lipschitz.rs	crates/geometry/src/extrema/lipschitz.rs:109:30: replace + with * in LipschitzOptimizer::minimize_2d
CaughtMutant	crates/geometry/src/extrema/lipschitz.rs	crates/geometry/src/extrema/lipschitz.rs:111:24: replace < with == in LipschitzOptimizer::minimize_2d
CaughtMutant	crates/geometry/src/extrema/lipschitz.rs	crates/geometry/src/extrema/lipschitz.rs:111:24: replace < with > in LipschitzOptimizer::minimize_2d
CaughtMutant	crates/geometry/src/extrema/lipschitz.rs	crates/geometry/src/extrema/lipschitz.rs:116:30: replace + with - in LipschitzOptimizer::minimize_2d
CaughtMutant	crates/geometry/src/extrema/lipschitz.rs	crates/geometry/src/extrema/lipschitz.rs:116:30: replace + with * in LipschitzOptimizer::minimize_2d
CaughtMutant	crates/geometry/src/extrema/lipschitz.rs	crates/geometry/src/extrema/lipschitz.rs:116:42: replace / with % in LipschitzOptimizer::minimize_2d
CaughtMutant	crates/geometry/src/extrema/lipschitz.rs	crates/geometry/src/extrema/lipschitz.rs:116:42: replace / with * in LipschitzOptimizer::minimize_2d
CaughtMutant	crates/geometry/src/extrema/lipschitz.rs	crates/geometry/src/extrema/lipschitz.rs:116:36: replace - with + in LipschitzOptimizer::minimize_2d
CaughtMutant	crates/geometry/src/extrema/lipschitz.rs	crates/geometry/src/extrema/lipschitz.rs:116:36: replace - with / in LipschitzOptimizer::minimize_2d
CaughtMutant	crates/geometry/src/extrema/lipschitz.rs	crates/geometry/src/extrema/lipschitz.rs:117:30: replace - with + in LipschitzOptimizer::minimize_2d
CaughtMutant	crates/geometry/src/extrema/lipschitz.rs	crates/geometry/src/extrema/lipschitz.rs:117:30: replace - with / in LipschitzOptimizer::minimize_2d
CaughtMutant	crates/geometry/src/extrema/lipschitz.rs	crates/geometry/src/extrema/lipschitz.rs:117:42: replace / with % in LipschitzOptimizer::minimize_2d
CaughtMutant	crates/geometry/src/extrema/lipschitz.rs	crates/geometry/src/extrema/lipschitz.rs:117:42: replace / with * in LipschitzOptimizer::minimize_2d
CaughtMutant	crates/geometry/src/extrema/lipschitz.rs	crates/geometry/src/extrema/lipschitz.rs:117:36: replace - with + in LipschitzOptimizer::minimize_2d
CaughtMutant	crates/geometry/src/extrema/lipschitz.rs	crates/geometry/src/extrema/lipschitz.rs:117:36: replace - with / in LipschitzOptimizer::minimize_2d
CaughtMutant	crates/geometry/src/extrema/lipschitz.rs	crates/geometry/src/extrema/lipschitz.rs:118:35: replace < with == in LipschitzOptimizer::minimize_2d
CaughtMutant	crates/geometry/src/extrema/lipschitz.rs	crates/geometry/src/extrema/lipschitz.rs:118:35: replace < with > in LipschitzOptimizer::minimize_2d
CaughtMutant	crates/geometry/src/extrema/lipschitz.rs	crates/geometry/src/extrema/lipschitz.rs:123:36: replace * with + in LipschitzOptimizer::minimize_2d
MissedMutant	crates/geometry/src/extrema/lipschitz.rs	crates/geometry/src/extrema/lipschitz.rs:104:34: replace < with <= in LipschitzOptimizer::minimize_2d
CaughtMutant	crates/geometry/src/extrema/lipschitz.rs	crates/geometry/src/extrema/lipschitz.rs:123:36: replace * with / in LipschitzOptimizer::minimize_2d
CaughtMutant	crates/geometry/src/extrema/lipschitz.rs	crates/geometry/src/extrema/lipschitz.rs:123:30: replace + with - in LipschitzOptimizer::minimize_2d
CaughtMutant	crates/geometry/src/extrema/lipschitz.rs	crates/geometry/src/extrema/lipschitz.rs:123:30: replace + with * in LipschitzOptimizer::minimize_2d
CaughtMutant	crates/geometry/src/extrema/lipschitz.rs	crates/geometry/src/extrema/lipschitz.rs:125:24: replace < with == in LipschitzOptimizer::minimize_2d
CaughtMutant	crates/geometry/src/extrema/lipschitz.rs	crates/geometry/src/extrema/lipschitz.rs:125:24: replace < with > in LipschitzOptimizer::minimize_2d
MissedMutant	crates/geometry/src/extrema/lipschitz.rs	crates/geometry/src/extrema/lipschitz.rs:111:24: replace < with <= in LipschitzOptimizer::minimize_2d
MissedMutant	crates/geometry/src/extrema/lipschitz.rs	crates/geometry/src/extrema/lipschitz.rs:118:35: replace < with <= in LipschitzOptimizer::minimize_2d
MissedMutant	crates/geometry/src/extrema/lipschitz.rs	crates/geometry/src/extrema/lipschitz.rs:125:24: replace < with <= in LipschitzOptimizer::minimize_2d
MissedMutant	crates/geometry/src/extrema/lipschitz.rs	crates/geometry/src/extrema/lipschitz.rs:133:28: replace / with % in LipschitzOptimizer::minimize_2d
MissedMutant	crates/geometry/src/extrema/lipschitz.rs	crates/geometry/src/extrema/lipschitz.rs:133:28: replace / with * in LipschitzOptimizer::minimize_2d
MissedMutant	crates/geometry/src/extrema/lipschitz.rs	crates/geometry/src/extrema/lipschitz.rs:133:22: replace - with + in LipschitzOptimizer::minimize_2d
MissedMutant	crates/geometry/src/extrema/lipschitz.rs	crates/geometry/src/extrema/lipschitz.rs:133:22: replace - with / in LipschitzOptimizer::minimize_2d
CaughtMutant	crates/geometry/src/extrema/lipschitz.rs	crates/geometry/src/extrema/lipschitz.rs:138:50: replace + with - in LipschitzOptimizer::minimize_2d
MissedMutant	crates/geometry/src/extrema/lipschitz.rs	crates/geometry/src/extrema/lipschitz.rs:134:28: replace / with % in LipschitzOptimizer::minimize_2d
MissedMutant	crates/geometry/src/extrema/lipschitz.rs	crates/geometry/src/extrema/lipschitz.rs:134:28: replace / with * in LipschitzOptimizer::minimize_2d
CaughtMutant	crates/geometry/src/extrema/lipschitz.rs	crates/geometry/src/extrema/lipschitz.rs:138:50: replace + with * in LipschitzOptimizer::minimize_2d
CaughtMutant	crates/geometry/src/extrema/lipschitz.rs	crates/geometry/src/extrema/lipschitz.rs:139:56: replace + with * in LipschitzOptimizer::minimize_2d
MissedMutant	crates/geometry/src/extrema/lipschitz.rs	crates/geometry/src/extrema/lipschitz.rs:134:22: replace - with + in LipschitzOptimizer::minimize_2d
MissedMutant	crates/geometry/src/extrema/lipschitz.rs	crates/geometry/src/extrema/lipschitz.rs:134:22: replace - with / in LipschitzOptimizer::minimize_2d
MissedMutant	crates/geometry/src/extrema/lipschitz.rs	crates/geometry/src/extrema/lipschitz.rs:138:40: replace * with + in LipschitzOptimizer::minimize_2d
MissedMutant	crates/geometry/src/extrema/lipschitz.rs	crates/geometry/src/extrema/lipschitz.rs:138:40: replace * with / in LipschitzOptimizer::minimize_2d
MissedMutant	crates/geometry/src/extrema/lipschitz.rs	crates/geometry/src/extrema/lipschitz.rs:138:45: replace + with - in LipschitzOptimizer::minimize_2d
CaughtMutant	crates/geometry/src/extrema/lipschitz.rs	crates/geometry/src/extrema/lipschitz.rs:139:41: replace + with - in LipschitzOptimizer::minimize_2d
MissedMutant	crates/geometry/src/extrema/lipschitz.rs	crates/geometry/src/extrema/lipschitz.rs:138:45: replace + with * in LipschitzOptimizer::minimize_2d
MissedMutant	crates/geometry/src/extrema/lipschitz.rs	crates/geometry/src/extrema/lipschitz.rs:139:56: replace + with - in LipschitzOptimizer::minimize_2d
CaughtMutant	crates/geometry/src/extrema/lipschitz.rs	crates/geometry/src/extrema/lipschitz.rs:140:50: replace + with - in LipschitzOptimizer::minimize_2d
CaughtMutant	crates/geometry/src/extrema/lipschitz.rs	crates/geometry/src/extrema/lipschitz.rs:140:50: replace + with * in LipschitzOptimizer::minimize_2d
MissedMutant	crates/geometry/src/extrema/lipschitz.rs	crates/geometry/src/extrema/lipschitz.rs:139:46: replace * with + in LipschitzOptimizer::minimize_2d
MissedMutant	crates/geometry/src/extrema/lipschitz.rs	crates/geometry/src/extrema/lipschitz.rs:139:46: replace * with / in LipschitzOptimizer::minimize_2d
CaughtMutant	crates/geometry/src/extrema/lipschitz.rs	crates/geometry/src/extrema/lipschitz.rs:140:56: replace + with - in LipschitzOptimizer::minimize_2d
MissedMutant	crates/geometry/src/extrema/lipschitz.rs	crates/geometry/src/extrema/lipschitz.rs:139:41: replace + with * in LipschitzOptimizer::minimize_2d
MissedMutant	crates/geometry/src/extrema/lipschitz.rs	crates/geometry/src/extrema/lipschitz.rs:139:51: replace + with - in LipschitzOptimizer::minimize_2d
MissedMutant	crates/geometry/src/extrema/lipschitz.rs	crates/geometry/src/extrema/lipschitz.rs:139:51: replace + with * in LipschitzOptimizer::minimize_2d
MissedMutant	crates/geometry/src/extrema/lipschitz.rs	crates/geometry/src/extrema/lipschitz.rs:140:40: replace * with + in LipschitzOptimizer::minimize_2d
MissedMutant	crates/geometry/src/extrema/lipschitz.rs	crates/geometry/src/extrema/lipschitz.rs:140:40: replace * with / in LipschitzOptimizer::minimize_2d
CaughtMutant	crates/geometry/src/extrema/lipschitz.rs	crates/geometry/src/extrema/lipschitz.rs:141:32: replace - with + in LipschitzOptimizer::minimize_2d
MissedMutant	crates/geometry/src/extrema/lipschitz.rs	crates/geometry/src/extrema/lipschitz.rs:140:45: replace + with - in LipschitzOptimizer::minimize_2d
MissedMutant	crates/geometry/src/extrema/lipschitz.rs	crates/geometry/src/extrema/lipschitz.rs:140:45: replace + with * in LipschitzOptimizer::minimize_2d
CaughtMutant	crates/geometry/src/extrema/lipschitz.rs	crates/geometry/src/extrema/lipschitz.rs:141:32: replace - with / in LipschitzOptimizer::minimize_2d
CaughtMutant	crates/geometry/src/extrema/lipschitz.rs	crates/geometry/src/extrema/lipschitz.rs:142:32: replace - with + in LipschitzOptimizer::minimize_2d
CaughtMutant	crates/geometry/src/extrema/lipschitz.rs	crates/geometry/src/extrema/lipschitz.rs:144:30: replace > with == in LipschitzOptimizer::minimize_2d
CaughtMutant	crates/geometry/src/extrema/lipschitz.rs	crates/geometry/src/extrema/lipschitz.rs:142:32: replace - with / in LipschitzOptimizer::minimize_2d
CaughtMutant	crates/geometry/src/extrema/lipschitz.rs	crates/geometry/src/extrema/lipschitz.rs:144:30: replace > with < in LipschitzOptimizer::minimize_2d
MissedMutant	crates/geometry/src/extrema/lipschitz.rs	crates/geometry/src/extrema/lipschitz.rs:140:56: replace + with * in LipschitzOptimizer::minimize_2d
CaughtMutant	crates/geometry/src/extrema/lipschitz.rs	crates/geometry/src/extrema/lipschitz.rs:150:13: replace *= with += in LipschitzOptimizer::minimize_2d
CaughtMutant	crates/geometry/src/extrema/lipschitz.rs	crates/geometry/src/extrema/lipschitz.rs:150:13: replace *= with /= in LipschitzOptimizer::minimize_2d
MissedMutant	crates/geometry/src/extrema/lipschitz.rs	crates/geometry/src/extrema/lipschitz.rs:141:45: replace / with % in LipschitzOptimizer::minimize_2d
CaughtMutant	crates/geometry/src/extrema/lipschitz.rs	crates/geometry/src/extrema/lipschitz.rs:151:16: replace < with == in LipschitzOptimizer::minimize_2d
CaughtMutant	crates/geometry/src/extrema/lipschitz.rs	crates/geometry/src/extrema/lipschitz.rs:151:16: replace < with > in LipschitzOptimizer::minimize_2d
MissedMutant	crates/geometry/src/extrema/lipschitz.rs	crates/geometry/src/extrema/lipschitz.rs:141:45: replace / with * in LipschitzOptimizer::minimize_2d
CaughtMutant	crates/geometry/src/extrema/lipschitz.rs	crates/geometry/src/extrema/lipschitz.rs:161:24: replace += with -= in LipschitzOptimizer::minimize_2d
CaughtMutant	crates/geometry/src/extrema/lipschitz.rs	crates/geometry/src/extrema/lipschitz.rs:162:27: replace > with < in LipschitzOptimizer::minimize_2d
MissedMutant	crates/geometry/src/extrema/lipschitz.rs	crates/geometry/src/extrema/lipschitz.rs:142:45: replace / with % in LipschitzOptimizer::minimize_2d
MissedMutant	crates/geometry/src/extrema/lipschitz.rs	crates/geometry/src/extrema/lipschitz.rs:142:45: replace / with * in LipschitzOptimizer::minimize_2d
CaughtMutant	crates/geometry/src/extrema/lipschitz.rs	crates/geometry/src/extrema/lipschitz.rs:161:24: replace += with *= in LipschitzOptimizer::minimize_2d
CaughtMutant	crates/geometry/src/extrema/lipschitz.rs	crates/geometry/src/extrema/lipschitz.rs:166:34: replace * with + in LipschitzOptimizer::minimize_2d
CaughtMutant	crates/geometry/src/extrema/lipschitz.rs	crates/geometry/src/extrema/lipschitz.rs:166:34: replace * with / in LipschitzOptimizer::minimize_2d
MissedMutant	crates/geometry/src/extrema/lipschitz.rs	crates/geometry/src/extrema/lipschitz.rs:144:30: replace > with >= in LipschitzOptimizer::minimize_2d
CaughtMutant	crates/geometry/src/extrema/lipschitz.rs	crates/geometry/src/extrema/lipschitz.rs:166:27: replace + with - in LipschitzOptimizer::minimize_2d
CaughtMutant	crates/geometry/src/extrema/lipschitz.rs	crates/geometry/src/extrema/lipschitz.rs:166:27: replace + with * in LipschitzOptimizer::minimize_2d
CaughtMutant	crates/geometry/src/extrema/lipschitz.rs	crates/geometry/src/extrema/lipschitz.rs:167:34: replace * with + in LipschitzOptimizer::minimize_2d
CaughtMutant	crates/geometry/src/extrema/lipschitz.rs	crates/geometry/src/extrema/lipschitz.rs:167:34: replace * with / in LipschitzOptimizer::minimize_2d
CaughtMutant	crates/geometry/src/extrema/lipschitz.rs	crates/geometry/src/extrema/lipschitz.rs:167:27: replace + with - in LipschitzOptimizer::minimize_2d
CaughtMutant	crates/geometry/src/extrema/lipschitz.rs	crates/geometry/src/extrema/lipschitz.rs:167:27: replace + with * in LipschitzOptimizer::minimize_2d
CaughtMutant	crates/geometry/src/extrema/lipschitz.rs	crates/geometry/src/extrema/lipschitz.rs:169:19: replace < with > in LipschitzOptimizer::minimize_2d
CaughtMutant	crates/geometry/src/extrema/lipschitz.rs	crates/geometry/src/extrema/lipschitz.rs:175:31: replace - with + in LipschitzOptimizer::minimize_2d
MissedMutant	crates/geometry/src/extrema/lipschitz.rs	crates/geometry/src/extrema/lipschitz.rs:151:16: replace < with <= in LipschitzOptimizer::minimize_2d
CaughtMutant	crates/geometry/src/extrema/lipschitz.rs	crates/geometry/src/extrema/lipschitz.rs:175:31: replace - with / in LipschitzOptimizer::minimize_2d
MissedMutant	crates/geometry/src/extrema/lipschitz.rs	crates/geometry/src/extrema/lipschitz.rs:162:27: replace > with == in LipschitzOptimizer::minimize_2d
CaughtMutant	crates/geometry/src/extrema/lipschitz.rs	crates/geometry/src/extrema/lipschitz.rs:176:31: replace - with + in LipschitzOptimizer::minimize_2d
CaughtMutant	crates/geometry/src/extrema/lipschitz.rs	crates/geometry/src/extrema/lipschitz.rs:176:31: replace - with / in LipschitzOptimizer::minimize_2d
CaughtMutant	crates/geometry/src/extrema/lipschitz.rs	crates/geometry/src/extrema/lipschitz.rs:177:73: replace * with + in LipschitzOptimizer::minimize_2d
MissedMutant	crates/geometry/src/extrema/lipschitz.rs	crates/geometry/src/extrema/lipschitz.rs:162:27: replace > with >= in LipschitzOptimizer::minimize_2d
CaughtMutant	crates/geometry/src/extrema/lipschitz.rs	crates/geometry/src/extrema/lipschitz.rs:177:45: replace + with * in LipschitzOptimizer::minimize_2d
CaughtMutant	crates/geometry/src/extrema/lipschitz.rs	crates/geometry/src/extrema/lipschitz.rs:177:35: replace * with / in LipschitzOptimizer::minimize_2d
CaughtMutant	crates/geometry/src/extrema/lipschitz.rs	crates/geometry/src/extrema/lipschitz.rs:177:55: replace * with / in LipschitzOptimizer::minimize_2d
CaughtMutant	crates/geometry/src/extrema/lipschitz.rs	crates/geometry/src/extrema/lipschitz.rs:178:28: replace - with + in LipschitzOptimizer::minimize_2d
MissedMutant	crates/geometry/src/extrema/lipschitz.rs	crates/geometry/src/extrema/lipschitz.rs:169:19: replace < with == in LipschitzOptimizer::minimize_2d
MissedMutant	crates/geometry/src/extrema/lipschitz.rs	crates/geometry/src/extrema/lipschitz.rs:169:19: replace < with <= in LipschitzOptimizer::minimize_2d
CaughtMutant	crates/geometry/src/extrema/lipschitz.rs	crates/geometry/src/extrema/lipschitz.rs:178:28: replace - with / in LipschitzOptimizer::minimize_2d
CaughtMutant	crates/geometry/src/extrema/lipschitz.rs	crates/geometry/src/extrema/lipschitz.rs:178:34: replace * with + in LipschitzOptimizer::minimize_2d
CaughtMutant	crates/geometry/src/extrema/lipschitz.rs	crates/geometry/src/extrema/lipschitz.rs:178:34: replace * with / in LipschitzOptimizer::minimize_2d
CaughtMutant	crates/geometry/src/extrema/lipschitz.rs	crates/geometry/src/extrema/lipschitz.rs:181:22: replace > with == in LipschitzOptimizer::minimize_2d
CaughtMutant	crates/geometry/src/extrema/lipschitz.rs	crates/geometry/src/extrema/lipschitz.rs:181:22: replace > with < in LipschitzOptimizer::minimize_2d
MissedMutant	crates/geometry/src/extrema/lipschitz.rs	crates/geometry/src/extrema/lipschitz.rs:177:73: replace * with / in LipschitzOptimizer::minimize_2d
CaughtMutant	crates/geometry/src/extrema/lipschitz.rs	crates/geometry/src/extrema/lipschitz.rs:186:23: replace < with > in LipschitzOptimizer::minimize_2d
MissedMutant	crates/geometry/src/extrema/lipschitz.rs	crates/geometry/src/extrema/lipschitz.rs:177:45: replace + with - in LipschitzOptimizer::minimize_2d
MissedMutant	crates/geometry/src/extrema/lipschitz.rs	crates/geometry/src/extrema/lipschitz.rs:177:35: replace * with + in LipschitzOptimizer::minimize_2d
MissedMutant	crates/geometry/src/extrema/lipschitz.rs	crates/geometry/src/extrema/lipschitz.rs:177:55: replace * with + in LipschitzOptimizer::minimize_2d
CaughtMutant	crates/geometry/src/extrema/lipschitz.rs	crates/geometry/src/extrema/lipschitz.rs:186:44: replace >= with < in LipschitzOptimizer::minimize_2d
CaughtMutant	crates/geometry/src/extrema/lipschitz.rs	crates/geometry/src/extrema/lipschitz.rs:187:23: replace < with > in LipschitzOptimizer::minimize_2d
CaughtMutant	crates/geometry/src/extrema/lipschitz.rs	crates/geometry/src/extrema/lipschitz.rs:196:24: replace >= with < in LipschitzOptimizer::minimize_2d
CaughtMutant	crates/geometry/src/extrema/lipschitz.rs	crates/geometry/src/extrema/lipschitz.rs:197:54: replace + with - in LipschitzOptimizer::minimize_2d
MissedMutant	crates/geometry/src/extrema/lipschitz.rs	crates/geometry/src/extrema/lipschitz.rs:181:22: replace > with >= in LipschitzOptimizer::minimize_2d
CaughtMutant	crates/geometry/src/extrema/lipschitz.rs	crates/geometry/src/extrema/lipschitz.rs:198:54: replace + with - in LipschitzOptimizer::minimize_2d
MissedMutant	crates/geometry/src/extrema/lipschitz.rs	crates/geometry/src/extrema/lipschitz.rs:186:35: replace || with && in LipschitzOptimizer::minimize_2d
MissedMutant	crates/geometry/src/extrema/lipschitz.rs	crates/geometry/src/extrema/lipschitz.rs:186:23: replace < with == in LipschitzOptimizer::minimize_2d
CaughtMutant	crates/geometry/src/extrema/lipschitz.rs	crates/geometry/src/extrema/lipschitz.rs:200:54: replace + with - in LipschitzOptimizer::minimize_2d
MissedMutant	crates/geometry/src/extrema/lipschitz.rs	crates/geometry/src/extrema/lipschitz.rs:186:23: replace < with <= in LipschitzOptimizer::minimize_2d
CaughtMutant	crates/geometry/src/extrema/lipschitz.rs	crates/geometry/src/extrema/lipschitz.rs:201:54: replace + with - in LipschitzOptimizer::minimize_2d
MissedMutant	crates/geometry/src/extrema/lipschitz.rs	crates/geometry/src/extrema/lipschitz.rs:187:23: replace < with == in LipschitzOptimizer::minimize_2d
MissedMutant	crates/geometry/src/extrema/lipschitz.rs	crates/geometry/src/extrema/lipschitz.rs:187:23: replace < with <= in LipschitzOptimizer::minimize_2d
CaughtMutant	crates/geometry/src/extrema/lipschitz.rs	crates/geometry/src/extrema/lipschitz.rs:224:5: replace estimate_curve_curve_lipschitz -> f64 with 0.0
CaughtMutant	crates/geometry/src/extrema/lipschitz.rs	crates/geometry/src/extrema/lipschitz.rs:224:5: replace estimate_curve_curve_lipschitz -> f64 with 1.0
CaughtMutant	crates/geometry/src/extrema/lipschitz.rs	crates/geometry/src/extrema/lipschitz.rs:224:5: replace estimate_curve_curve_lipschitz -> f64 with -1.0
CaughtMutant	crates/geometry/src/extrema/lipschitz.rs	crates/geometry/src/extrema/lipschitz.rs:233:26: replace / with % in estimate_curve_curve_lipschitz
CaughtMutant	crates/geometry/src/extrema/lipschitz.rs	crates/geometry/src/extrema/lipschitz.rs:233:26: replace / with * in estimate_curve_curve_lipschitz
CaughtMutant	crates/geometry/src/extrema/lipschitz.rs	crates/geometry/src/extrema/lipschitz.rs:234:20: replace + with - in estimate_curve_curve_lipschitz
MissedMutant	crates/geometry/src/extrema/lipschitz.rs	crates/geometry/src/extrema/lipschitz.rs:197:54: replace + with * in LipschitzOptimizer::minimize_2d
CaughtMutant	crates/geometry/src/extrema/lipschitz.rs	crates/geometry/src/extrema/lipschitz.rs:234:20: replace + with * in estimate_curve_curve_lipschitz
CaughtMutant	crates/geometry/src/extrema/lipschitz.rs	crates/geometry/src/extrema/lipschitz.rs:234:32: replace * with + in estimate_curve_curve_lipschitz
CaughtMutant	crates/geometry/src/extrema/lipschitz.rs	crates/geometry/src/extrema/lipschitz.rs:234:32: replace * with / in estimate_curve_curve_lipschitz
CaughtMutant	crates/geometry/src/extrema/lipschitz.rs	crates/geometry/src/extrema/lipschitz.rs:234:26: replace - with + in estimate_curve_curve_lipschitz
CaughtMutant	crates/geometry/src/extrema/lipschitz.rs	crates/geometry/src/extrema/lipschitz.rs:234:26: replace - with / in estimate_curve_curve_lipschitz
MissedMutant	crates/geometry/src/extrema/lipschitz.rs	crates/geometry/src/extrema/lipschitz.rs:198:54: replace + with * in LipschitzOptimizer::minimize_2d
MissedMutant	crates/geometry/src/extrema/lipschitz.rs	crates/geometry/src/extrema/lipschitz.rs:200:54: replace + with * in LipschitzOptimizer::minimize_2d
CaughtMutant	crates/geometry/src/extrema/lipschitz.rs	crates/geometry/src/extrema/lipschitz.rs:238:20: replace + with - in estimate_curve_curve_lipschitz
Unviable	crates/geometry/src/extrema/lipschitz.rs	crates/geometry/src/extrema/lipschitz.rs:244:35: replace - with / in estimate_curve_curve_lipschitz
CaughtMutant	crates/geometry/src/extrema/lipschitz.rs	crates/geometry/src/extrema/lipschitz.rs:238:20: replace + with * in estimate_curve_curve_lipschitz
Unviable	crates/geometry/src/extrema/lipschitz.rs	crates/geometry/src/extrema/lipschitz.rs:244:35: replace - with + in estimate_curve_curve_lipschitz
CaughtMutant	crates/geometry/src/extrema/lipschitz.rs	crates/geometry/src/extrema/lipschitz.rs:238:32: replace * with + in estimate_curve_curve_lipschitz
CaughtMutant	crates/geometry/src/extrema/lipschitz.rs	crates/geometry/src/extrema/lipschitz.rs:238:32: replace * with / in estimate_curve_curve_lipschitz
Unviable	crates/geometry/src/extrema/lipschitz.rs	crates/geometry/src/extrema/lipschitz.rs:258:5: replace nurbs_curve_curve_distance -> (f64, Point3, Point3) with (0.0, Default::default(), Default::default())
CaughtMutant	crates/geometry/src/extrema/lipschitz.rs	crates/geometry/src/extrema/lipschitz.rs:238:26: replace - with + in estimate_curve_curve_lipschitz
MissedMutant	crates/geometry/src/extrema/lipschitz.rs	crates/geometry/src/extrema/lipschitz.rs:201:54: replace + with * in LipschitzOptimizer::minimize_2d
CaughtMutant	crates/geometry/src/extrema/lipschitz.rs	crates/geometry/src/extrema/lipschitz.rs:238:26: replace - with / in estimate_curve_curve_lipschitz
Unviable	crates/geometry/src/extrema/lipschitz.rs	crates/geometry/src/extrema/lipschitz.rs:258:5: replace nurbs_curve_curve_distance -> (f64, Point3, Point3) with (1.0, Default::default(), Default::default())
Unviable	crates/geometry/src/extrema/lipschitz.rs	crates/geometry/src/extrema/lipschitz.rs:258:5: replace nurbs_curve_curve_distance -> (f64, Point3, Point3) with (-1.0, Default::default(), Default::default())
CaughtMutant	crates/geometry/src/extrema/lipschitz.rs	crates/geometry/src/extrema/lipschitz.rs:247:19: replace * with + in estimate_curve_curve_lipschitz
CaughtMutant	crates/geometry/src/extrema/lipschitz.rs	crates/geometry/src/extrema/lipschitz.rs:247:19: replace * with / in estimate_curve_curve_lipschitz
CaughtMutant	crates/geometry/src/extrema/lipschitz.rs	crates/geometry/src/extrema/lipschitz.rs:247:9: replace * with + in estimate_curve_curve_lipschitz
CaughtMutant	crates/geometry/src/extrema/lipschitz.rs	crates/geometry/src/extrema/lipschitz.rs:247:9: replace * with / in estimate_curve_curve_lipschitz
CaughtMutant	crates/geometry/src/extrema/lipschitz.rs	crates/geometry/src/extrema/lipschitz.rs:263:12: replace < with > in nurbs_curve_curve_distance
CaughtMutant	crates/geometry/src/extrema/lipschitz.rs	crates/geometry/src/extrema/lipschitz.rs:265:44: replace * with + in nurbs_curve_curve_distance
CaughtMutant	crates/geometry/src/extrema/lipschitz.rs	crates/geometry/src/extrema/lipschitz.rs:265:44: replace * with / in nurbs_curve_curve_distance
CaughtMutant	crates/geometry/src/extrema/lipschitz.rs	crates/geometry/src/extrema/lipschitz.rs:265:38: replace + with - in nurbs_curve_curve_distance
CaughtMutant	crates/geometry/src/extrema/lipschitz.rs	crates/geometry/src/extrema/lipschitz.rs:265:38: replace + with * in nurbs_curve_curve_distance
Unviable	crates/geometry/src/extrema/lipschitz.rs	crates/geometry/src/extrema/lipschitz.rs:267:21: replace - with + in nurbs_curve_curve_distance
Unviable	crates/geometry/src/extrema/lipschitz.rs	crates/geometry/src/extrema/lipschitz.rs:267:21: replace - with / in nurbs_curve_curve_distance
Unviable	crates/geometry/src/extrema/lipschitz.rs	crates/geometry/src/extrema/lipschitz.rs:273:13: replace - with + in nurbs_curve_curve_distance
CaughtMutant	crates/geometry/src/extrema/lipschitz.rs	crates/geometry/src/extrema/lipschitz.rs:266:44: replace * with + in nurbs_curve_curve_distance
Unviable	crates/geometry/src/extrema/lipschitz.rs	crates/geometry/src/extrema/lipschitz.rs:273:13: replace - with / in nurbs_curve_curve_distance
Unviable	crates/geometry/src/extrema/lipschitz.rs	crates/geometry/src/extrema/lipschitz.rs:281:10: replace - with + in nurbs_curve_curve_distance
Unviable	crates/geometry/src/extrema/point_curve.rs	crates/geometry/src/extrema/point_curve.rs:44:5: replace point_to_line -> CurveProjection with Default::default()
Unviable	crates/geometry/src/extrema/lipschitz.rs	crates/geometry/src/extrema/lipschitz.rs:281:10: replace - with / in nurbs_curve_curve_distance
Unviable	crates/geometry/src/extrema/point_curve.rs	crates/geometry/src/extrema/point_curve.rs:47:24: replace - with + in point_to_line
Unviable	crates/geometry/src/extrema/point_curve.rs	crates/geometry/src/extrema/point_curve.rs:47:24: replace - with / in point_to_line
CaughtMutant	crates/geometry/src/extrema/lipschitz.rs	crates/geometry/src/extrema/lipschitz.rs:266:44: replace * with / in nurbs_curve_curve_distance
CaughtMutant	crates/geometry/src/extrema/lipschitz.rs	crates/geometry/src/extrema/lipschitz.rs:266:38: replace + with - in nurbs_curve_curve_distance
CaughtMutant	crates/geometry/src/extrema/lipschitz.rs	crates/geometry/src/extrema/lipschitz.rs:266:38: replace + with * in nurbs_curve_curve_distance
CaughtMutant	crates/geometry/src/extrema/point_curve.rs	crates/geometry/src/extrema/point_curve.rs:48:63: replace + with * in point_to_line
CaughtMutant	crates/geometry/src/extrema/point_curve.rs	crates/geometry/src/extrema/point_curve.rs:48:63: replace + with - in point_to_line
CaughtMutant	crates/geometry/src/extrema/point_curve.rs	crates/geometry/src/extrema/point_curve.rs:48:41: replace + with - in point_to_line
CaughtMutant	crates/geometry/src/extrema/point_curve.rs	crates/geometry/src/extrema/point_curve.rs:48:41: replace + with * in point_to_line
CaughtMutant	crates/geometry/src/extrema/point_curve.rs	crates/geometry/src/extrema/point_curve.rs:48:30: replace * with + in point_to_line
CaughtMutant	crates/geometry/src/extrema/point_curve.rs	crates/geometry/src/extrema/point_curve.rs:48:30: replace * with / in point_to_line
Unviable	crates/geometry/src/extrema/point_curve.rs	crates/geometry/src/extrema/point_curve.rs:79:5: replace point_to_circle -> CurveProjection with Default::default()
Unviable	crates/geometry/src/extrema/point_curve.rs	crates/geometry/src/extrema/point_curve.rs:81:24: replace - with + in point_to_circle
Unviable	crates/geometry/src/extrema/point_curve.rs	crates/geometry/src/extrema/point_curve.rs:81:24: replace - with / in point_to_circle
CaughtMutant	crates/geometry/src/extrema/point_curve.rs	crates/geometry/src/extrema/point_curve.rs:48:52: replace * with + in point_to_line
CaughtMutant	crates/geometry/src/extrema/point_curve.rs	crates/geometry/src/extrema/point_curve.rs:48:52: replace * with / in point_to_line
CaughtMutant	crates/geometry/src/extrema/point_curve.rs	crates/geometry/src/extrema/point_curve.rs:48:74: replace * with + in point_to_line
CaughtMutant	crates/geometry/src/extrema/point_curve.rs	crates/geometry/src/extrema/point_curve.rs:48:74: replace * with / in point_to_line
CaughtMutant	crates/geometry/src/extrema/point_curve.rs	crates/geometry/src/extrema/point_curve.rs:82:63: replace + with - in point_to_circle
CaughtMutant	crates/geometry/src/extrema/point_curve.rs	crates/geometry/src/extrema/point_curve.rs:82:63: replace + with * in point_to_circle
CaughtMutant	crates/geometry/src/extrema/point_curve.rs	crates/geometry/src/extrema/point_curve.rs:82:41: replace + with - in point_to_circle
CaughtMutant	crates/geometry/src/extrema/point_curve.rs	crates/geometry/src/extrema/point_curve.rs:82:41: replace + with * in point_to_circle
MissedMutant	crates/geometry/src/extrema/lipschitz.rs	crates/geometry/src/extrema/lipschitz.rs:263:12: replace < with == in nurbs_curve_curve_distance
CaughtMutant	crates/geometry/src/extrema/point_curve.rs	crates/geometry/src/extrema/point_curve.rs:82:30: replace * with + in point_to_circle
MissedMutant	crates/geometry/src/extrema/lipschitz.rs	crates/geometry/src/extrema/lipschitz.rs:263:12: replace < with <= in nurbs_curve_curve_distance
Unviable	crates/geometry/src/extrema/point_curve.rs	crates/geometry/src/extrema/point_curve.rs:128:5: replace point_to_curve -> CurveProjection with Default::default()
CaughtMutant	crates/geometry/src/extrema/point_curve.rs	crates/geometry/src/extrema/point_curve.rs:82:30: replace * with / in point_to_circle
Unviable	crates/geometry/src/extrema/point_curve.rs	crates/geometry/src/extrema/point_curve.rs:131:26: replace - with / in point_to_curve
CaughtMutant	crates/geometry/src/extrema/point_curve.rs	crates/geometry/src/extrema/point_curve.rs:82:52: replace * with + in point_to_circle
Unviable	crates/geometry/src/extrema/point_curve.rs	crates/geometry/src/extrema/point_curve.rs:131:26: replace - with + in point_to_curve
CaughtMutant	crates/geometry/src/extrema/point_curve.rs	crates/geometry/src/extrema/point_curve.rs:82:52: replace * with / in point_to_circle
CaughtMutant	crates/geometry/src/extrema/point_curve.rs	crates/geometry/src/extrema/point_curve.rs:82:74: replace * with + in point_to_circle
CaughtMutant	crates/geometry/src/extrema/point_curve.rs	crates/geometry/src/extrema/point_curve.rs:82:74: replace * with / in point_to_circle
CaughtMutant	crates/geometry/src/extrema/point_curve.rs	crates/geometry/src/extrema/point_curve.rs:128:14: replace <= with > in point_to_curve
CaughtMutant	crates/geometry/src/extrema/point_curve.rs	crates/geometry/src/extrema/point_curve.rs:138:34: replace / with % in point_to_curve
CaughtMutant	crates/geometry/src/extrema/point_curve.rs	crates/geometry/src/extrema/point_curve.rs:138:34: replace / with * in point_to_curve
CaughtMutant	crates/geometry/src/extrema/point_curve.rs	crates/geometry/src/extrema/point_curve.rs:138:23: replace - with + in point_to_curve
CaughtMutant	crates/geometry/src/extrema/point_curve.rs	crates/geometry/src/extrema/point_curve.rs:138:23: replace - with / in point_to_curve
CaughtMutant	crates/geometry/src/extrema/point_curve.rs	crates/geometry/src/extrema/point_curve.rs:143:22: replace == with != in point_to_curve
CaughtMutant	crates/geometry/src/extrema/point_curve.rs	crates/geometry/src/extrema/point_curve.rs:146:21: replace + with - in point_to_curve
CaughtMutant	crates/geometry/src/extrema/point_curve.rs	crates/geometry/src/extrema/point_curve.rs:146:21: replace + with * in point_to_curve
Unviable	crates/geometry/src/extrema/point_curve.rs	crates/geometry/src/extrema/point_curve.rs:149:22: replace - with + in point_to_curve
Unviable	crates/geometry/src/extrema/point_curve.rs	crates/geometry/src/extrema/point_curve.rs:149:22: replace - with / in point_to_curve
CaughtMutant	crates/geometry/src/extrema/point_curve.rs	crates/geometry/src/extrema/point_curve.rs:146:32: replace * with + in point_to_curve
CaughtMutant	crates/geometry/src/extrema/point_curve.rs	crates/geometry/src/extrema/point_curve.rs:146:32: replace * with / in point_to_curve
CaughtMutant	crates/geometry/src/extrema/point_curve.rs	crates/geometry/src/extrema/point_curve.rs:150:60: replace + with - in point_to_curve
CaughtMutant	crates/geometry/src/extrema/point_curve.rs	crates/geometry/src/extrema/point_curve.rs:150:60: replace + with * in point_to_curve
CaughtMutant	crates/geometry/src/extrema/point_curve.rs	crates/geometry/src/extrema/point_curve.rs:150:38: replace + with - in point_to_curve
CaughtMutant	crates/geometry/src/extrema/point_curve.rs	crates/geometry/src/extrema/point_curve.rs:150:38: replace + with * in point_to_curve
CaughtMutant	crates/geometry/src/extrema/point_curve.rs	crates/geometry/src/extrema/point_curve.rs:150:27: replace * with + in point_to_curve
CaughtMutant	crates/geometry/src/extrema/point_curve.rs	crates/geometry/src/extrema/point_curve.rs:150:27: replace * with / in point_to_curve
CaughtMutant	crates/geometry/src/extrema/point_curve.rs	crates/geometry/src/extrema/point_curve.rs:150:49: replace * with + in point_to_curve
CaughtMutant	crates/geometry/src/extrema/point_curve.rs	crates/geometry/src/extrema/point_curve.rs:150:49: replace * with / in point_to_curve
CaughtMutant	crates/geometry/src/extrema/point_curve.rs	crates/geometry/src/extrema/point_curve.rs:150:71: replace * with + in point_to_curve
CaughtMutant	crates/geometry/src/extrema/point_curve.rs	crates/geometry/src/extrema/point_curve.rs:150:71: replace * with / in point_to_curve
MissedMutant	crates/geometry/src/extrema/point_curve.rs	crates/geometry/src/extrema/point_curve.rs:138:47: replace - with + in point_to_curve
CaughtMutant	crates/geometry/src/extrema/point_curve.rs	crates/geometry/src/extrema/point_curve.rs:151:15: replace < with == in point_to_curve
MissedMutant	crates/geometry/src/extrema/point_curve.rs	crates/geometry/src/extrema/point_curve.rs:138:47: replace - with / in point_to_curve
MissedMutant	crates/geometry/src/extrema/point_curve.rs	crates/geometry/src/extrema/point_curve.rs:143:35: replace - with + in point_to_curve
CaughtMutant	crates/geometry/src/extrema/point_curve.rs	crates/geometry/src/extrema/point_curve.rs:151:15: replace < with > in point_to_curve
MissedMutant	crates/geometry/src/extrema/point_curve.rs	crates/geometry/src/extrema/point_curve.rs:143:35: replace - with / in point_to_curve
CaughtMutant	crates/geometry/src/extrema/point_curve.rs	crates/geometry/src/extrema/point_curve.rs:151:15: replace < with <= in point_to_curve
Unviable	crates/geometry/src/extrema/point_curve.rs	crates/geometry/src/extrema/point_curve.rs:173:22: replace - with + in point_to_curve
Unviable	crates/geometry/src/extrema/point_curve.rs	crates/geometry/src/extrema/point_curve.rs:173:22: replace - with / in point_to_curve
CaughtMutant	crates/geometry/src/extrema/point_curve.rs	crates/geometry/src/extrema/point_curve.rs:168:31: replace * with + in point_to_curve
CaughtMutant	crates/geometry/src/extrema/point_curve.rs	crates/geometry/src/extrema/point_curve.rs:168:31: replace * with / in point_to_curve
CaughtMutant	crates/geometry/src/extrema/point_curve.rs	crates/geometry/src/extrema/point_curve.rs:168:20: replace - with + in point_to_curve
CaughtMutant	crates/geometry/src/extrema/point_curve.rs	crates/geometry/src/extrema/point_curve.rs:168:20: replace - with / in point_to_curve
CaughtMutant	crates/geometry/src/extrema/point_curve.rs	crates/geometry/src/extrema/point_curve.rs:176:24: replace + with - in point_to_curve
CaughtMutant	crates/geometry/src/extrema/point_curve.rs	crates/geometry/src/extrema/point_curve.rs:176:24: replace + with * in point_to_curve
CaughtMutant	crates/geometry/src/extrema/point_curve.rs	crates/geometry/src/extrema/point_curve.rs:177:24: replace - with / in point_to_curve
CaughtMutant	crates/geometry/src/extrema/point_curve.rs	crates/geometry/src/extrema/point_curve.rs:177:24: replace - with + in point_to_curve
CaughtMutant	crates/geometry/src/extrema/point_curve.rs	crates/geometry/src/extrema/point_curve.rs:180:25: replace / with % in point_to_curve
CaughtMutant	crates/geometry/src/extrema/point_curve.rs	crates/geometry/src/extrema/point_curve.rs:180:25: replace / with * in point_to_curve
CaughtMutant	crates/geometry/src/extrema/point_curve.rs	crates/geometry/src/extrema/point_curve.rs:180:34: replace - with + in point_to_curve
CaughtMutant	crates/geometry/src/extrema/point_curve.rs	crates/geometry/src/extrema/point_curve.rs:180:34: replace - with / in point_to_curve
CaughtMutant	crates/geometry/src/extrema/point_curve.rs	crates/geometry/src/extrema/point_curve.rs:181:45: replace * with + in point_to_curve
CaughtMutant	crates/geometry/src/extrema/point_curve.rs	crates/geometry/src/extrema/point_curve.rs:181:45: replace * with / in point_to_curve
CaughtMutant	crates/geometry/src/extrema/point_curve.rs	crates/geometry/src/extrema/point_curve.rs:181:32: replace - with + in point_to_curve
CaughtMutant	crates/geometry/src/extrema/point_curve.rs	crates/geometry/src/extrema/point_curve.rs:181:32: replace - with / in point_to_curve
CaughtMutant	crates/geometry/src/extrema/point_curve.rs	crates/geometry/src/extrema/point_curve.rs:182:45: replace * with + in point_to_curve
CaughtMutant	crates/geometry/src/extrema/point_curve.rs	crates/geometry/src/extrema/point_curve.rs:182:45: replace * with / in point_to_curve
CaughtMutant	crates/geometry/src/extrema/point_curve.rs	crates/geometry/src/extrema/point_curve.rs:182:32: replace - with + in point_to_curve
CaughtMutant	crates/geometry/src/extrema/point_curve.rs	crates/geometry/src/extrema/point_curve.rs:182:32: replace - with / in point_to_curve
CaughtMutant	crates/geometry/src/extrema/point_curve.rs	crates/geometry/src/extrema/point_curve.rs:183:45: replace * with + in point_to_curve
CaughtMutant	crates/geometry/src/extrema/point_curve.rs	crates/geometry/src/extrema/point_curve.rs:183:45: replace * with / in point_to_curve
CaughtMutant	crates/geometry/src/extrema/point_curve.rs	crates/geometry/src/extrema/point_curve.rs:183:32: replace - with + in point_to_curve
CaughtMutant	crates/geometry/src/extrema/point_curve.rs	crates/geometry/src/extrema/point_curve.rs:183:32: replace - with / in point_to_curve
CaughtMutant	crates/geometry/src/extrema/point_curve.rs	crates/geometry/src/extrema/point_curve.rs:186:53: replace + with - in point_to_curve
CaughtMutant	crates/geometry/src/extrema/point_curve.rs	crates/geometry/src/extrema/point_curve.rs:186:53: replace + with * in point_to_curve
CaughtMutant	crates/geometry/src/extrema/point_curve.rs	crates/geometry/src/extrema/point_curve.rs:186:34: replace + with - in point_to_curve
CaughtMutant	crates/geometry/src/extrema/point_curve.rs	crates/geometry/src/extrema/point_curve.rs:186:34: replace + with * in point_to_curve
CaughtMutant	crates/geometry/src/extrema/point_curve.rs	crates/geometry/src/extrema/point_curve.rs:186:26: replace * with + in point_to_curve
CaughtMutant	crates/geometry/src/extrema/point_curve.rs	crates/geometry/src/extrema/point_curve.rs:186:26: replace * with / in point_to_curve
CaughtMutant	crates/geometry/src/extrema/point_curve.rs	crates/geometry/src/extrema/point_curve.rs:186:45: replace * with + in point_to_curve
CaughtMutant	crates/geometry/src/extrema/point_curve.rs	crates/geometry/src/extrema/point_curve.rs:186:45: replace * with / in point_to_curve
CaughtMutant	crates/geometry/src/extrema/point_curve.rs	crates/geometry/src/extrema/point_curve.rs:186:64: replace * with + in point_to_curve
CaughtMutant	crates/geometry/src/extrema/point_curve.rs	crates/geometry/src/extrema/point_curve.rs:186:64: replace * with / in point_to_curve
CaughtMutant	crates/geometry/src/extrema/point_curve.rs	crates/geometry/src/extrema/point_curve.rs:189:52: replace + with - in point_to_curve
CaughtMutant	crates/geometry/src/extrema/point_curve.rs	crates/geometry/src/extrema/point_curve.rs:189:52: replace + with * in point_to_curve
CaughtMutant	crates/geometry/src/extrema/point_curve.rs	crates/geometry/src/extrema/point_curve.rs:189:36: replace + with - in point_to_curve
CaughtMutant	crates/geometry/src/extrema/point_curve.rs	crates/geometry/src/extrema/point_curve.rs:189:36: replace + with * in point_to_curve
CaughtMutant	crates/geometry/src/extrema/point_curve.rs	crates/geometry/src/extrema/point_curve.rs:189:28: replace * with + in point_to_curve
CaughtMutant	crates/geometry/src/extrema/point_curve.rs	crates/geometry/src/extrema/point_curve.rs:189:28: replace * with / in point_to_curve
CaughtMutant	crates/geometry/src/extrema/point_curve.rs	crates/geometry/src/extrema/point_curve.rs:189:44: replace * with + in point_to_curve
CaughtMutant	crates/geometry/src/extrema/point_curve.rs	crates/geometry/src/extrema/point_curve.rs:189:44: replace * with / in point_to_curve
CaughtMutant	crates/geometry/src/extrema/point_curve.rs	crates/geometry/src/extrema/point_curve.rs:189:60: replace * with + in point_to_curve
CaughtMutant	crates/geometry/src/extrema/point_curve.rs	crates/geometry/src/extrema/point_curve.rs:189:60: replace * with / in point_to_curve
CaughtMutant	crates/geometry/src/extrema/point_curve.rs	crates/geometry/src/extrema/point_curve.rs:190:19: replace < with == in point_to_curve
CaughtMutant	crates/geometry/src/extrema/point_curve.rs	crates/geometry/src/extrema/point_curve.rs:190:19: replace < with > in point_to_curve
CaughtMutant	crates/geometry/src/extrema/point_curve.rs	crates/geometry/src/extrema/point_curve.rs:194:23: replace / with % in point_to_curve
CaughtMutant	crates/geometry/src/extrema/point_curve.rs	crates/geometry/src/extrema/point_curve.rs:194:23: replace / with * in point_to_curve
CaughtMutant	crates/geometry/src/extrema/point_curve.rs	crates/geometry/src/extrema/point_curve.rs:195:24: replace - with + in point_to_curve
Unviable	crates/geometry/src/extrema/point_curve.rs	crates/geometry/src/extrema/point_curve.rs:205:24: replace - with + in point_to_curve
CaughtMutant	crates/geometry/src/extrema/point_curve.rs	crates/geometry/src/extrema/point_curve.rs:195:24: replace - with / in point_to_curve
Unviable	crates/geometry/src/extrema/point_curve.rs	crates/geometry/src/extrema/point_curve.rs:205:24: replace - with / in point_to_curve
CaughtMutant	crates/geometry/src/extrema/point_curve.rs	crates/geometry/src/extrema/point_curve.rs:197:30: replace < with > in point_to_curve
CaughtMutant	crates/geometry/src/extrema/point_curve.rs	crates/geometry/src/extrema/point_curve.rs:206:63: replace + with - in point_to_curve
CaughtMutant	crates/geometry/src/extrema/point_curve.rs	crates/geometry/src/extrema/point_curve.rs:206:63: replace + with * in point_to_curve
CaughtMutant	crates/geometry/src/extrema/point_curve.rs	crates/geometry/src/extrema/point_curve.rs:206:41: replace + with - in point_to_curve
CaughtMutant	crates/geometry/src/extrema/point_curve.rs	crates/geometry/src/extrema/point_curve.rs:206:41: replace + with * in point_to_curve
CaughtMutant	crates/geometry/src/extrema/point_curve.rs	crates/geometry/src/extrema/point_curve.rs:206:30: replace * with + in point_to_curve
CaughtMutant	crates/geometry/src/extrema/point_curve.rs	crates/geometry/src/extrema/point_curve.rs:206:30: replace * with / in point_to_curve
CaughtMutant	crates/geometry/src/extrema/point_curve.rs	crates/geometry/src/extrema/point_curve.rs:206:52: replace * with + in point_to_curve
CaughtMutant	crates/geometry/src/extrema/point_curve.rs	crates/geometry/src/extrema/point_curve.rs:206:52: replace * with / in point_to_curve
CaughtMutant	crates/geometry/src/extrema/point_curve.rs	crates/geometry/src/extrema/point_curve.rs:206:74: replace * with + in point_to_curve
MissedMutant	crates/geometry/src/extrema/point_curve.rs	crates/geometry/src/extrema/point_curve.rs:190:19: replace < with <= in point_to_curve
CaughtMutant	crates/geometry/src/extrema/point_curve.rs	crates/geometry/src/extrema/point_curve.rs:206:74: replace * with / in point_to_curve
CaughtMutant	crates/geometry/src/extrema/point_surface.rs	crates/geometry/src/extrema/point_surface.rs:17:5: replace normalize_angle -> f64 with 0.0
CaughtMutant	crates/geometry/src/extrema/point_surface.rs	crates/geometry/src/extrema/point_surface.rs:17:5: replace normalize_angle -> f64 with 1.0
MissedMutant	crates/geometry/src/extrema/point_curve.rs	crates/geometry/src/extrema/point_curve.rs:197:30: replace < with == in point_to_curve
MissedMutant	crates/geometry/src/extrema/point_curve.rs	crates/geometry/src/extrema/point_curve.rs:197:30: replace < with <= in point_to_curve
CaughtMutant	crates/geometry/src/extrema/point_surface.rs	crates/geometry/src/extrema/point_surface.rs:17:5: replace normalize_angle -> f64 with -1.0
Unviable	crates/geometry/src/extrema/point_surface.rs	crates/geometry/src/extrema/point_surface.rs:36:5: replace point_to_plane -> SurfaceProjection with Default::default()
CaughtMutant	crates/geometry/src/extrema/point_surface.rs	crates/geometry/src/extrema/point_surface.rs:17:14: replace < with == in normalize_angle
Unviable	crates/geometry/src/extrema/point_surface.rs	crates/geometry/src/extrema/point_surface.rs:36:20: replace - with + in point_to_plane
Unviable	crates/geometry/src/extrema/point_surface.rs	crates/geometry/src/extrema/point_surface.rs:36:20: replace - with / in point_to_plane
MissedMutant	crates/geometry/src/extrema/point_curve.rs	crates/geometry/src/extrema/point_curve.rs:197:19: replace - with + in point_to_curve
CaughtMutant	crates/geometry/src/extrema/point_surface.rs	crates/geometry/src/extrema/point_surface.rs:17:14: replace < with > in normalize_angle
Unviable	crates/geometry/src/extrema/point_surface.rs	crates/geometry/src/extrema/point_surface.rs:37:25: replace - with / in point_to_plane
MissedMutant	crates/geometry/src/extrema/point_curve.rs	crates/geometry/src/extrema/point_curve.rs:197:19: replace - with / in point_to_curve
Unviable	crates/geometry/src/extrema/point_surface.rs	crates/geometry/src/extrema/point_surface.rs:37:34: replace * with / in point_to_plane
CaughtMutant	crates/geometry/src/extrema/point_surface.rs	crates/geometry/src/extrema/point_surface.rs:17:14: replace < with <= in normalize_angle
Unviable	crates/geometry/src/extrema/point_surface.rs	crates/geometry/src/extrema/point_surface.rs:37:34: replace * with + in point_to_plane
CaughtMutant	crates/geometry/src/extrema/point_surface.rs	crates/geometry/src/extrema/point_surface.rs:18:15: replace + with - in normalize_angle
CaughtMutant	crates/geometry/src/extrema/point_surface.rs	crates/geometry/src/extrema/point_surface.rs:18:15: replace + with * in normalize_angle
Unviable	crates/geometry/src/extrema/point_surface.rs	crates/geometry/src/extrema/point_surface.rs:57:24: replace * with + in point_to_plane
CaughtMutant	crates/geometry/src/extrema/point_surface.rs	crates/geometry/src/extrema/point_surface.rs:37:25: replace - with + in point_to_plane
Unviable	crates/geometry/src/extrema/point_surface.rs	crates/geometry/src/extrema/point_surface.rs:57:24: replace * with / in point_to_plane
CaughtMutant	crates/geometry/src/extrema/point_surface.rs	crates/geometry/src/extrema/point_surface.rs:41:41: replace < with == in point_to_plane
Unviable	crates/geometry/src/extrema/point_surface.rs	crates/geometry/src/extrema/point_surface.rs:59:24: replace * with + in point_to_plane
CaughtMutant	crates/geometry/src/extrema/point_surface.rs	crates/geometry/src/extrema/point_surface.rs:41:41: replace < with <= in point_to_plane
Unviable	crates/geometry/src/extrema/point_surface.rs	crates/geometry/src/extrema/point_surface.rs:59:24: replace * with / in point_to_plane
CaughtMutant	crates/geometry/src/extrema/point_surface.rs	crates/geometry/src/extrema/point_surface.rs:48:14: replace < with == in point_to_plane
Unviable	crates/geometry/src/extrema/point_surface.rs	crates/geometry/src/extrema/point_surface.rs:61:25: replace - with + in point_to_plane
CaughtMutant	crates/geometry/src/extrema/point_surface.rs	crates/geometry/src/extrema/point_surface.rs:48:14: replace < with > in point_to_plane
Unviable	crates/geometry/src/extrema/point_surface.rs	crates/geometry/src/extrema/point_surface.rs:61:25: replace - with / in point_to_plane
Unviable	crates/geometry/src/extrema/point_surface.rs	crates/geometry/src/extrema/point_surface.rs:77:5: replace point_to_cylinder -> SurfaceProjection with Default::default()
CaughtMutant	crates/geometry/src/extrema/point_surface.rs	crates/geometry/src/extrema/point_surface.rs:41:41: replace < with > in point_to_plane
CaughtMutant	crates/geometry/src/extrema/point_surface.rs	crates/geometry/src/extrema/point_surface.rs:57:31: replace / with % in point_to_plane
CaughtMutant	crates/geometry/src/extrema/point_surface.rs	crates/geometry/src/extrema/point_surface.rs:57:31: replace / with * in point_to_plane
CaughtMutant	crates/geometry/src/extrema/point_surface.rs	crates/geometry/src/extrema/point_surface.rs:59:31: replace / with % in point_to_plane
CaughtMutant	crates/geometry/src/extrema/point_surface.rs	crates/geometry/src/extrema/point_surface.rs:78:19: replace - with + in point_to_cylinder
CaughtMutant	crates/geometry/src/extrema/point_surface.rs	crates/geometry/src/extrema/point_surface.rs:78:19: replace - with / in point_to_cylinder
CaughtMutant	crates/geometry/src/extrema/point_surface.rs	crates/geometry/src/extrema/point_surface.rs:79:19: replace - with + in point_to_cylinder
CaughtMutant	crates/geometry/src/extrema/point_surface.rs	crates/geometry/src/extrema/point_surface.rs:79:19: replace - with / in point_to_cylinder
CaughtMutant	crates/geometry/src/extrema/point_surface.rs	crates/geometry/src/extrema/point_surface.rs:80:19: replace - with + in point_to_cylinder
CaughtMutant	crates/geometry/src/extrema/point_surface.rs	crates/geometry/src/extrema/point_surface.rs:80:19: replace - with / in point_to_cylinder
CaughtMutant	crates/geometry/src/extrema/point_surface.rs	crates/geometry/src/extrema/point_surface.rs:86:16: replace - with + in point_to_cylinder
CaughtMutant	crates/geometry/src/extrema/point_surface.rs	crates/geometry/src/extrema/point_surface.rs:86:16: replace - with / in point_to_cylinder
CaughtMutant	crates/geometry/src/extrema/point_surface.rs	crates/geometry/src/extrema/point_surface.rs:86:20: replace * with + in point_to_cylinder
CaughtMutant	crates/geometry/src/extrema/point_surface.rs	crates/geometry/src/extrema/point_surface.rs:86:20: replace * with / in point_to_cylinder
CaughtMutant	crates/geometry/src/extrema/point_surface.rs	crates/geometry/src/extrema/point_surface.rs:87:16: replace - with + in point_to_cylinder
CaughtMutant	crates/geometry/src/extrema/point_surface.rs	crates/geometry/src/extrema/point_surface.rs:87:16: replace - with / in point_to_cylinder
CaughtMutant	crates/geometry/src/extrema/point_surface.rs	crates/geometry/src/extrema/point_surface.rs:87:20: replace * with + in point_to_cylinder
CaughtMutant	crates/geometry/src/extrema/point_surface.rs	crates/geometry/src/extrema/point_surface.rs:87:20: replace * with / in point_to_cylinder
CaughtMutant	crates/geometry/src/extrema/point_surface.rs	crates/geometry/src/extrema/point_surface.rs:88:16: replace - with + in point_to_cylinder
CaughtMutant	crates/geometry/src/extrema/point_surface.rs	crates/geometry/src/extrema/point_surface.rs:88:16: replace - with / in point_to_cylinder
Unviable	crates/geometry/src/extrema/point_surface.rs	crates/geometry/src/extrema/point_surface.rs:96:30: replace - with + in point_to_cylinder
Unviable	crates/geometry/src/extrema/point_surface.rs	crates/geometry/src/extrema/point_surface.rs:96:30: replace - with / in point_to_cylinder
CaughtMutant	crates/geometry/src/extrema/point_surface.rs	crates/geometry/src/extrema/point_surface.rs:88:20: replace * with + in point_to_cylinder
CaughtMutant	crates/geometry/src/extrema/point_surface.rs	crates/geometry/src/extrema/point_surface.rs:88:20: replace * with / in point_to_cylinder
CaughtMutant	crates/geometry/src/extrema/point_surface.rs	crates/geometry/src/extrema/point_surface.rs:92:14: replace < with == in point_to_cylinder
CaughtMutant	crates/geometry/src/extrema/point_surface.rs	crates/geometry/src/extrema/point_surface.rs:92:14: replace < with > in point_to_cylinder
CaughtMutant	crates/geometry/src/extrema/point_surface.rs	crates/geometry/src/extrema/point_surface.rs:104:34: replace / with % in point_to_cylinder
CaughtMutant	crates/geometry/src/extrema/point_surface.rs	crates/geometry/src/extrema/point_surface.rs:104:34: replace / with * in point_to_cylinder
MissedMutant	crates/geometry/src/extrema/point_surface.rs	crates/geometry/src/extrema/point_surface.rs:48:14: replace < with <= in point_to_plane
CaughtMutant	crates/geometry/src/extrema/point_surface.rs	crates/geometry/src/extrema/point_surface.rs:106:51: replace + with - in point_to_cylinder
CaughtMutant	crates/geometry/src/extrema/point_surface.rs	crates/geometry/src/extrema/point_surface.rs:106:51: replace + with * in point_to_cylinder
MissedMutant	crates/geometry/src/extrema/point_surface.rs	crates/geometry/src/extrema/point_surface.rs:59:31: replace / with * in point_to_plane
CaughtMutant	crates/geometry/src/extrema/point_surface.rs	crates/geometry/src/extrema/point_surface.rs:106:30: replace + with - in point_to_cylinder
CaughtMutant	crates/geometry/src/extrema/point_surface.rs	crates/geometry/src/extrema/point_surface.rs:106:30: replace + with * in point_to_cylinder
CaughtMutant	crates/geometry/src/extrema/point_surface.rs	crates/geometry/src/extrema/point_surface.rs:106:43: replace * with + in point_to_cylinder
CaughtMutant	crates/geometry/src/extrema/point_surface.rs	crates/geometry/src/extrema/point_surface.rs:106:55: replace * with + in point_to_cylinder
CaughtMutant	crates/geometry/src/extrema/point_surface.rs	crates/geometry/src/extrema/point_surface.rs:106:43: replace * with / in point_to_cylinder
CaughtMutant	crates/geometry/src/extrema/point_surface.rs	crates/geometry/src/extrema/point_surface.rs:106:55: replace * with / in point_to_cylinder
CaughtMutant	crates/geometry/src/extrema/point_surface.rs	crates/geometry/src/extrema/point_surface.rs:107:51: replace + with * in point_to_cylinder
CaughtMutant	crates/geometry/src/extrema/point_surface.rs	crates/geometry/src/extrema/point_surface.rs:107:51: replace + with - in point_to_cylinder
CaughtMutant	crates/geometry/src/extrema/point_surface.rs	crates/geometry/src/extrema/point_surface.rs:107:30: replace + with - in point_to_cylinder
CaughtMutant	crates/geometry/src/extrema/point_surface.rs	crates/geometry/src/extrema/point_surface.rs:107:30: replace + with * in point_to_cylinder
CaughtMutant	crates/geometry/src/extrema/point_surface.rs	crates/geometry/src/extrema/point_surface.rs:107:43: replace * with + in point_to_cylinder
CaughtMutant	crates/geometry/src/extrema/point_surface.rs	crates/geometry/src/extrema/point_surface.rs:107:43: replace * with / in point_to_cylinder
CaughtMutant	crates/geometry/src/extrema/point_surface.rs	crates/geometry/src/extrema/point_surface.rs:107:55: replace * with + in point_to_cylinder
CaughtMutant	crates/geometry/src/extrema/point_surface.rs	crates/geometry/src/extrema/point_surface.rs:107:55: replace * with / in point_to_cylinder
CaughtMutant	crates/geometry/src/extrema/point_surface.rs	crates/geometry/src/extrema/point_surface.rs:108:51: replace + with - in point_to_cylinder
CaughtMutant	crates/geometry/src/extrema/point_surface.rs	crates/geometry/src/extrema/point_surface.rs:108:51: replace + with * in point_to_cylinder
Unviable	crates/geometry/src/extrema/point_surface.rs	crates/geometry/src/extrema/point_surface.rs:111:30: replace - with + in point_to_cylinder
CaughtMutant	crates/geometry/src/extrema/point_surface.rs	crates/geometry/src/extrema/point_surface.rs:108:30: replace + with - in point_to_cylinder
Unviable	crates/geometry/src/extrema/point_surface.rs	crates/geometry/src/extrema/point_surface.rs:111:30: replace - with / in point_to_cylinder
Unviable	crates/geometry/src/extrema/point_surface.rs	crates/geometry/src/extrema/point_surface.rs:125:5: replace point_to_cone -> SurfaceProjection with Default::default()
CaughtMutant	crates/geometry/src/extrema/point_surface.rs	crates/geometry/src/extrema/point_surface.rs:108:30: replace + with * in point_to_cylinder
CaughtMutant	crates/geometry/src/extrema/point_surface.rs	crates/geometry/src/extrema/point_surface.rs:108:43: replace * with + in point_to_cylinder
CaughtMutant	crates/geometry/src/extrema/point_surface.rs	crates/geometry/src/extrema/point_surface.rs:108:43: replace * with / in point_to_cylinder
CaughtMutant	crates/geometry/src/extrema/point_surface.rs	crates/geometry/src/extrema/point_surface.rs:108:55: replace * with + in point_to_cylinder
CaughtMutant	crates/geometry/src/extrema/point_surface.rs	crates/geometry/src/extrema/point_surface.rs:108:55: replace * with / in point_to_cylinder
CaughtMutant	crates/geometry/src/extrema/point_surface.rs	crates/geometry/src/extrema/point_surface.rs:126:19: replace - with + in point_to_cone
CaughtMutant	crates/geometry/src/extrema/point_surface.rs	crates/geometry/src/extrema/point_surface.rs:126:19: replace - with / in point_to_cone
MissedMutant	crates/geometry/src/extrema/point_surface.rs	crates/geometry/src/extrema/point_surface.rs:92:14: replace < with <= in point_to_cylinder
CaughtMutant	crates/geometry/src/extrema/point_surface.rs	crates/geometry/src/extrema/point_surface.rs:127:19: replace - with + in point_to_cone
CaughtMutant	crates/geometry/src/extrema/point_surface.rs	crates/geometry/src/extrema/point_surface.rs:127:19: replace - with / in point_to_cone
CaughtMutant	crates/geometry/src/extrema/point_surface.rs	crates/geometry/src/extrema/point_surface.rs:128:19: replace - with + in point_to_cone
CaughtMutant	crates/geometry/src/extrema/point_surface.rs	crates/geometry/src/extrema/point_surface.rs:128:19: replace - with / in point_to_cone
CaughtMutant	crates/geometry/src/extrema/point_surface.rs	crates/geometry/src/extrema/point_surface.rs:134:16: replace - with + in point_to_cone
CaughtMutant	crates/geometry/src/extrema/point_surface.rs	crates/geometry/src/extrema/point_surface.rs:134:16: replace - with / in point_to_cone
CaughtMutant	crates/geometry/src/extrema/point_surface.rs	crates/geometry/src/extrema/point_surface.rs:134:20: replace * with + in point_to_cone
CaughtMutant	crates/geometry/src/extrema/point_surface.rs	crates/geometry/src/extrema/point_surface.rs:135:16: replace - with + in point_to_cone
CaughtMutant	crates/geometry/src/extrema/point_surface.rs	crates/geometry/src/extrema/point_surface.rs:134:20: replace * with / in point_to_cone
CaughtMutant	crates/geometry/src/extrema/point_surface.rs	crates/geometry/src/extrema/point_surface.rs:135:16: replace - with / in point_to_cone
CaughtMutant	crates/geometry/src/extrema/point_surface.rs	crates/geometry/src/extrema/point_surface.rs:135:20: replace * with + in point_to_cone
CaughtMutant	crates/geometry/src/extrema/point_surface.rs	crates/geometry/src/extrema/point_surface.rs:135:20: replace * with / in point_to_cone
CaughtMutant	crates/geometry/src/extrema/point_surface.rs	crates/geometry/src/extrema/point_surface.rs:136:16: replace - with + in point_to_cone
CaughtMutant	crates/geometry/src/extrema/point_surface.rs	crates/geometry/src/extrema/point_surface.rs:136:16: replace - with / in point_to_cone
Unviable	crates/geometry/src/extrema/point_surface.rs	crates/geometry/src/extrema/point_surface.rs:143:30: replace - with + in point_to_cone
CaughtMutant	crates/geometry/src/extrema/point_surface.rs	crates/geometry/src/extrema/point_surface.rs:136:20: replace * with + in point_to_cone
Unviable	crates/geometry/src/extrema/point_surface.rs	crates/geometry/src/extrema/point_surface.rs:143:30: replace - with / in point_to_cone
CaughtMutant	crates/geometry/src/extrema/point_surface.rs	crates/geometry/src/extrema/point_surface.rs:136:20: replace * with / in point_to_cone
CaughtMutant	crates/geometry/src/extrema/point_surface.rs	crates/geometry/src/extrema/point_surface.rs:140:17: replace && with || in point_to_cone
Unviable	crates/geometry/src/extrema/point_surface.rs	crates/geometry/src/extrema/point_surface.rs:157:30: replace - with + in point_to_cone
CaughtMutant	crates/geometry/src/extrema/point_surface.rs	crates/geometry/src/extrema/point_surface.rs:140:10: replace <= with > in point_to_cone
Unviable	crates/geometry/src/extrema/point_surface.rs	crates/geometry/src/extrema/point_surface.rs:157:30: replace - with / in point_to_cone
CaughtMutant	crates/geometry/src/extrema/point_surface.rs	crates/geometry/src/extrema/point_surface.rs:140:26: replace < with > in point_to_cone
CaughtMutant	crates/geometry/src/extrema/point_surface.rs	crates/geometry/src/extrema/point_surface.rs:152:36: replace * with + in point_to_cone
CaughtMutant	crates/geometry/src/extrema/point_surface.rs	crates/geometry/src/extrema/point_surface.rs:152:36: replace * with / in point_to_cone
CaughtMutant	crates/geometry/src/extrema/point_surface.rs	crates/geometry/src/extrema/point_surface.rs:154:10: replace <= with > in point_to_cone
CaughtMutant	crates/geometry/src/extrema/point_surface.rs	crates/geometry/src/extrema/point_surface.rs:165:20: replace * with + in point_to_cone
CaughtMutant	crates/geometry/src/extrema/point_surface.rs	crates/geometry/src/extrema/point_surface.rs:165:20: replace * with / in point_to_cone
CaughtMutant	crates/geometry/src/extrema/point_surface.rs	crates/geometry/src/extrema/point_surface.rs:166:20: replace * with + in point_to_cone
CaughtMutant	crates/geometry/src/extrema/point_surface.rs	crates/geometry/src/extrema/point_surface.rs:166:20: replace * with / in point_to_cone
CaughtMutant	crates/geometry/src/extrema/point_surface.rs	crates/geometry/src/extrema/point_surface.rs:168:33: replace < with == in point_to_cone
CaughtMutant	crates/geometry/src/extrema/point_surface.rs	crates/geometry/src/extrema/point_surface.rs:168:33: replace < with > in point_to_cone
CaughtMutant	crates/geometry/src/extrema/point_surface.rs	crates/geometry/src/extrema/point_surface.rs:170:38: replace * with / in point_to_cone
MissedMutant	crates/geometry/src/extrema/point_surface.rs	crates/geometry/src/extrema/point_surface.rs:140:26: replace < with == in point_to_cone
MissedMutant	crates/geometry/src/extrema/point_surface.rs	crates/geometry/src/extrema/point_surface.rs:140:26: replace < with <= in point_to_cone
CaughtMutant	crates/geometry/src/extrema/point_surface.rs	crates/geometry/src/extrema/point_surface.rs:171:38: replace * with / in point_to_cone
MissedMutant	crates/geometry/src/extrema/point_surface.rs	crates/geometry/src/extrema/point_surface.rs:168:33: replace < with <= in point_to_cone
MissedMutant	crates/geometry/src/extrema/point_surface.rs	crates/geometry/src/extrema/point_surface.rs:170:29: replace + with - in point_to_cone
MissedMutant	crates/geometry/src/extrema/point_surface.rs	crates/geometry/src/extrema/point_surface.rs:170:29: replace + with * in point_to_cone
MissedMutant	crates/geometry/src/extrema/point_surface.rs	crates/geometry/src/extrema/point_surface.rs:170:38: replace * with + in point_to_cone
MissedMutant	crates/geometry/src/extrema/point_surface.rs	crates/geometry/src/extrema/point_surface.rs:171:29: replace + with - in point_to_cone
MissedMutant	crates/geometry/src/extrema/point_surface.rs	crates/geometry/src/extrema/point_surface.rs:171:29: replace + with * in point_to_cone
CaughtMutant	crates/geometry/src/extrema/point_surface.rs	crates/geometry/src/extrema/point_surface.rs:176:39: replace / with % in point_to_cone
CaughtMutant	crates/geometry/src/extrema/point_surface.rs	crates/geometry/src/extrema/point_surface.rs:176:39: replace / with * in point_to_cone
CaughtMutant	crates/geometry/src/extrema/point_surface.rs	crates/geometry/src/extrema/point_surface.rs:177:39: replace / with % in point_to_cone
CaughtMutant	crates/geometry/src/extrema/point_surface.rs	crates/geometry/src/extrema/point_surface.rs:177:39: replace / with * in point_to_cone
MissedMutant	crates/geometry/src/extrema/point_surface.rs	crates/geometry/src/extrema/point_surface.rs:171:38: replace * with + in point_to_cone
CaughtMutant	crates/geometry/src/extrema/point_surface.rs	crates/geometry/src/extrema/point_surface.rs:178:39: replace / with % in point_to_cone
CaughtMutant	crates/geometry/src/extrema/point_surface.rs	crates/geometry/src/extrema/point_surface.rs:178:39: replace / with * in point_to_cone
CaughtMutant	crates/geometry/src/extrema/point_surface.rs	crates/geometry/src/extrema/point_surface.rs:180:56: replace + with - in point_to_cone
CaughtMutant	crates/geometry/src/extrema/point_surface.rs	crates/geometry/src/extrema/point_surface.rs:180:29: replace + with - in point_to_cone
CaughtMutant	crates/geometry/src/extrema/point_surface.rs	crates/geometry/src/extrema/point_surface.rs:180:56: replace + with * in point_to_cone
MissedMutant	crates/geometry/src/extrema/point_surface.rs	crates/geometry/src/extrema/point_surface.rs:172:29: replace + with - in point_to_cone
CaughtMutant	crates/geometry/src/extrema/point_surface.rs	crates/geometry/src/extrema/point_surface.rs:180:29: replace + with * in point_to_cone
CaughtMutant	crates/geometry/src/extrema/point_surface.rs	crates/geometry/src/extrema/point_surface.rs:180:38: replace * with + in point_to_cone
MissedMutant	crates/geometry/src/extrema/point_surface.rs	crates/geometry/src/extrema/point_surface.rs:172:29: replace + with * in point_to_cone
CaughtMutant	crates/geometry/src/extrema/point_surface.rs	crates/geometry/src/extrema/point_surface.rs:180:38: replace * with / in point_to_cone
CaughtMutant	crates/geometry/src/extrema/point_surface.rs	crates/geometry/src/extrema/point_surface.rs:180:65: replace * with + in point_to_cone
MissedMutant	crates/geometry/src/extrema/point_surface.rs	crates/geometry/src/extrema/point_surface.rs:172:38: replace * with / in point_to_cone
CaughtMutant	crates/geometry/src/extrema/point_surface.rs	crates/geometry/src/extrema/point_surface.rs:181:56: replace + with - in point_to_cone
CaughtMutant	crates/geometry/src/extrema/point_surface.rs	crates/geometry/src/extrema/point_surface.rs:180:65: replace * with / in point_to_cone
MissedMutant	crates/geometry/src/extrema/point_surface.rs	crates/geometry/src/extrema/point_surface.rs:172:38: replace * with + in point_to_cone
CaughtMutant	crates/geometry/src/extrema/point_surface.rs	crates/geometry/src/extrema/point_surface.rs:181:56: replace + with * in point_to_cone
CaughtMutant	crates/geometry/src/extrema/point_surface.rs	crates/geometry/src/extrema/point_surface.rs:181:29: replace + with - in point_to_cone
CaughtMutant	crates/geometry/src/extrema/point_surface.rs	crates/geometry/src/extrema/point_surface.rs:181:29: replace + with * in point_to_cone
CaughtMutant	crates/geometry/src/extrema/point_surface.rs	crates/geometry/src/extrema/point_surface.rs:181:38: replace * with + in point_to_cone
CaughtMutant	crates/geometry/src/extrema/point_surface.rs	crates/geometry/src/extrema/point_surface.rs:181:65: replace * with + in point_to_cone
CaughtMutant	crates/geometry/src/extrema/point_surface.rs	crates/geometry/src/extrema/point_surface.rs:181:38: replace * with / in point_to_cone
CaughtMutant	crates/geometry/src/extrema/point_surface.rs	crates/geometry/src/extrema/point_surface.rs:181:65: replace * with / in point_to_cone
CaughtMutant	crates/geometry/src/extrema/point_surface.rs	crates/geometry/src/extrema/point_surface.rs:182:56: replace + with * in point_to_cone
Unviable	crates/geometry/src/extrema/point_surface.rs	crates/geometry/src/extrema/point_surface.rs:194:26: replace - with + in point_to_cone
CaughtMutant	crates/geometry/src/extrema/point_surface.rs	crates/geometry/src/extrema/point_surface.rs:182:56: replace + with - in point_to_cone
Unviable	crates/geometry/src/extrema/point_surface.rs	crates/geometry/src/extrema/point_surface.rs:194:26: replace - with / in point_to_cone
Unviable	crates/geometry/src/extrema/point_surface.rs	crates/geometry/src/extrema/point_surface.rs:207:5: replace point_to_sphere -> SurfaceProjection with Default::default()
CaughtMutant	crates/geometry/src/extrema/point_surface.rs	crates/geometry/src/extrema/point_surface.rs:182:29: replace + with - in point_to_cone
CaughtMutant	crates/geometry/src/extrema/point_surface.rs	crates/geometry/src/extrema/point_surface.rs:182:29: replace + with * in point_to_cone
CaughtMutant	crates/geometry/src/extrema/point_surface.rs	crates/geometry/src/extrema/point_surface.rs:182:38: replace * with + in point_to_cone
CaughtMutant	crates/geometry/src/extrema/point_surface.rs	crates/geometry/src/extrema/point_surface.rs:182:38: replace * with / in point_to_cone
CaughtMutant	crates/geometry/src/extrema/point_surface.rs	crates/geometry/src/extrema/point_surface.rs:182:65: replace * with + in point_to_cone
CaughtMutant	crates/geometry/src/extrema/point_surface.rs	crates/geometry/src/extrema/point_surface.rs:182:65: replace * with / in point_to_cone
CaughtMutant	crates/geometry/src/extrema/point_surface.rs	crates/geometry/src/extrema/point_surface.rs:208:19: replace - with + in point_to_sphere
CaughtMutant	crates/geometry/src/extrema/point_surface.rs	crates/geometry/src/extrema/point_surface.rs:208:19: replace - with / in point_to_sphere
CaughtMutant	crates/geometry/src/extrema/point_surface.rs	crates/geometry/src/extrema/point_surface.rs:209:19: replace - with + in point_to_sphere
CaughtMutant	crates/geometry/src/extrema/point_surface.rs	crates/geometry/src/extrema/point_surface.rs:209:19: replace - with / in point_to_sphere
CaughtMutant	crates/geometry/src/extrema/point_surface.rs	crates/geometry/src/extrema/point_surface.rs:210:19: replace - with + in point_to_sphere
CaughtMutant	crates/geometry/src/extrema/point_surface.rs	crates/geometry/src/extrema/point_surface.rs:210:19: replace - with / in point_to_sphere
CaughtMutant	crates/geometry/src/extrema/point_surface.rs	crates/geometry/src/extrema/point_surface.rs:214:23: replace < with == in point_to_sphere
CaughtMutant	crates/geometry/src/extrema/point_surface.rs	crates/geometry/src/extrema/point_surface.rs:214:23: replace < with > in point_to_sphere
CaughtMutant	crates/geometry/src/extrema/point_surface.rs	crates/geometry/src/extrema/point_surface.rs:217:33: replace + with * in point_to_sphere
CaughtMutant	crates/geometry/src/extrema/point_surface.rs	crates/geometry/src/extrema/point_surface.rs:229:33: replace / with % in point_to_sphere
CaughtMutant	crates/geometry/src/extrema/point_surface.rs	crates/geometry/src/extrema/point_surface.rs:229:33: replace / with * in point_to_sphere
CaughtMutant	crates/geometry/src/extrema/point_surface.rs	crates/geometry/src/extrema/point_surface.rs:231:29: replace + with - in point_to_sphere
CaughtMutant	crates/geometry/src/extrema/point_surface.rs	crates/geometry/src/extrema/point_surface.rs:231:29: replace + with * in point_to_sphere
CaughtMutant	crates/geometry/src/extrema/point_surface.rs	crates/geometry/src/extrema/point_surface.rs:231:38: replace * with + in point_to_sphere
CaughtMutant	crates/geometry/src/extrema/point_surface.rs	crates/geometry/src/extrema/point_surface.rs:231:38: replace * with / in point_to_sphere
CaughtMutant	crates/geometry/src/extrema/point_surface.rs	crates/geometry/src/extrema/point_surface.rs:232:29: replace + with - in point_to_sphere
CaughtMutant	crates/geometry/src/extrema/point_surface.rs	crates/geometry/src/extrema/point_surface.rs:232:29: replace + with * in point_to_sphere
CaughtMutant	crates/geometry/src/extrema/point_surface.rs	crates/geometry/src/extrema/point_surface.rs:232:38: replace * with + in point_to_sphere
CaughtMutant	crates/geometry/src/extrema/point_surface.rs	crates/geometry/src/extrema/point_surface.rs:232:38: replace * with / in point_to_sphere
CaughtMutant	crates/geometry/src/extrema/point_surface.rs	crates/geometry/src/extrema/point_surface.rs:233:29: replace + with - in point_to_sphere
Unviable	crates/geometry/src/extrema/point_surface.rs	crates/geometry/src/extrema/point_surface.rs:252:5: replace point_to_torus -> SurfaceProjection with Default::default()
CaughtMutant	crates/geometry/src/extrema/point_surface.rs	crates/geometry/src/extrema/point_surface.rs:233:29: replace + with * in point_to_sphere
CaughtMutant	crates/geometry/src/extrema/point_surface.rs	crates/geometry/src/extrema/point_surface.rs:233:38: replace * with + in point_to_sphere
CaughtMutant	crates/geometry/src/extrema/point_surface.rs	crates/geometry/src/extrema/point_surface.rs:233:38: replace * with / in point_to_sphere
CaughtMutant	crates/geometry/src/extrema/point_surface.rs	crates/geometry/src/extrema/point_surface.rs:240:35: replace - with + in point_to_sphere
CaughtMutant	crates/geometry/src/extrema/point_surface.rs	crates/geometry/src/extrema/point_surface.rs:240:35: replace - with / in point_to_sphere
CaughtMutant	crates/geometry/src/extrema/point_surface.rs	crates/geometry/src/extrema/point_surface.rs:253:19: replace - with + in point_to_torus
CaughtMutant	crates/geometry/src/extrema/point_surface.rs	crates/geometry/src/extrema/point_surface.rs:253:19: replace - with / in point_to_torus
CaughtMutant	crates/geometry/src/extrema/point_surface.rs	crates/geometry/src/extrema/point_surface.rs:254:19: replace - with + in point_to_torus
CaughtMutant	crates/geometry/src/extrema/point_surface.rs	crates/geometry/src/extrema/point_surface.rs:254:19: replace - with / in point_to_torus
CaughtMutant	crates/geometry/src/extrema/point_surface.rs	crates/geometry/src/extrema/point_surface.rs:255:19: replace - with + in point_to_torus
CaughtMutant	crates/geometry/src/extrema/point_surface.rs	crates/geometry/src/extrema/point_surface.rs:255:19: replace - with / in point_to_torus
CaughtMutant	crates/geometry/src/extrema/point_surface.rs	crates/geometry/src/extrema/point_surface.rs:263:16: replace - with + in point_to_torus
CaughtMutant	crates/geometry/src/extrema/point_surface.rs	crates/geometry/src/extrema/point_surface.rs:263:16: replace - with / in point_to_torus
CaughtMutant	crates/geometry/src/extrema/point_surface.rs	crates/geometry/src/extrema/point_surface.rs:263:20: replace * with + in point_to_torus
MissedMutant	crates/geometry/src/extrema/point_surface.rs	crates/geometry/src/extrema/point_surface.rs:214:23: replace < with <= in point_to_sphere
CaughtMutant	crates/geometry/src/extrema/point_surface.rs	crates/geometry/src/extrema/point_surface.rs:263:20: replace * with / in point_to_torus
MissedMutant	crates/geometry/src/extrema/point_surface.rs	crates/geometry/src/extrema/point_surface.rs:217:33: replace + with - in point_to_sphere
CaughtMutant	crates/geometry/src/extrema/point_surface.rs	crates/geometry/src/extrema/point_surface.rs:264:16: replace - with + in point_to_torus
CaughtMutant	crates/geometry/src/extrema/point_surface.rs	crates/geometry/src/extrema/point_surface.rs:264:16: replace - with / in point_to_torus
CaughtMutant	crates/geometry/src/extrema/point_surface.rs	crates/geometry/src/extrema/point_surface.rs:264:20: replace * with + in point_to_torus
CaughtMutant	crates/geometry/src/extrema/point_surface.rs	crates/geometry/src/extrema/point_surface.rs:264:20: replace * with / in point_to_torus
CaughtMutant	crates/geometry/src/extrema/point_surface.rs	crates/geometry/src/extrema/point_surface.rs:265:16: replace - with + in point_to_torus
CaughtMutant	crates/geometry/src/extrema/point_surface.rs	crates/geometry/src/extrema/point_surface.rs:265:20: replace * with + in point_to_torus
CaughtMutant	crates/geometry/src/extrema/point_surface.rs	crates/geometry/src/extrema/point_surface.rs:265:16: replace - with / in point_to_torus
CaughtMutant	crates/geometry/src/extrema/point_surface.rs	crates/geometry/src/extrema/point_surface.rs:273:54: replace < with == in point_to_torus
CaughtMutant	crates/geometry/src/extrema/point_surface.rs	crates/geometry/src/extrema/point_surface.rs:265:20: replace * with / in point_to_torus
CaughtMutant	crates/geometry/src/extrema/point_surface.rs	crates/geometry/src/extrema/point_surface.rs:273:54: replace < with > in point_to_torus
CaughtMutant	crates/geometry/src/extrema/point_surface.rs	crates/geometry/src/extrema/point_surface.rs:276:32: replace + with - in point_to_torus
CaughtMutant	crates/geometry/src/extrema/point_surface.rs	crates/geometry/src/extrema/point_surface.rs:276:32: replace + with * in point_to_torus
CaughtMutant	crates/geometry/src/extrema/point_surface.rs	crates/geometry/src/extrema/point_surface.rs:276:42: replace * with + in point_to_torus
CaughtMutant	crates/geometry/src/extrema/point_surface.rs	crates/geometry/src/extrema/point_surface.rs:276:42: replace * with / in point_to_torus
CaughtMutant	crates/geometry/src/extrema/point_surface.rs	crates/geometry/src/extrema/point_surface.rs:277:32: replace + with - in point_to_torus
CaughtMutant	crates/geometry/src/extrema/point_surface.rs	crates/geometry/src/extrema/point_surface.rs:277:32: replace + with * in point_to_torus
CaughtMutant	crates/geometry/src/extrema/point_surface.rs	crates/geometry/src/extrema/point_surface.rs:277:42: replace * with + in point_to_torus
CaughtMutant	crates/geometry/src/extrema/point_surface.rs	crates/geometry/src/extrema/point_surface.rs:277:42: replace * with / in point_to_torus
CaughtMutant	crates/geometry/src/extrema/point_surface.rs	crates/geometry/src/extrema/point_surface.rs:278:32: replace + with - in point_to_torus
CaughtMutant	crates/geometry/src/extrema/point_surface.rs	crates/geometry/src/extrema/point_surface.rs:278:32: replace + with * in point_to_torus
CaughtMutant	crates/geometry/src/extrema/point_surface.rs	crates/geometry/src/extrema/point_surface.rs:278:42: replace * with + in point_to_torus
CaughtMutant	crates/geometry/src/extrema/point_surface.rs	crates/geometry/src/extrema/point_surface.rs:278:42: replace * with / in point_to_torus
CaughtMutant	crates/geometry/src/extrema/point_surface.rs	crates/geometry/src/extrema/point_surface.rs:282:29: replace / with % in point_to_torus
CaughtMutant	crates/geometry/src/extrema/point_surface.rs	crates/geometry/src/extrema/point_surface.rs:282:29: replace / with * in point_to_torus
CaughtMutant	crates/geometry/src/extrema/point_surface.rs	crates/geometry/src/extrema/point_surface.rs:285:32: replace + with - in point_to_torus
CaughtMutant	crates/geometry/src/extrema/point_surface.rs	crates/geometry/src/extrema/point_surface.rs:285:32: replace + with * in point_to_torus
CaughtMutant	crates/geometry/src/extrema/point_surface.rs	crates/geometry/src/extrema/point_surface.rs:285:45: replace * with + in point_to_torus
CaughtMutant	crates/geometry/src/extrema/point_surface.rs	crates/geometry/src/extrema/point_surface.rs:285:45: replace * with / in point_to_torus
CaughtMutant	crates/geometry/src/extrema/point_surface.rs	crates/geometry/src/extrema/point_surface.rs:286:32: replace + with - in point_to_torus
CaughtMutant	crates/geometry/src/extrema/point_surface.rs	crates/geometry/src/extrema/point_surface.rs:286:32: replace + with * in point_to_torus
CaughtMutant	crates/geometry/src/extrema/point_surface.rs	crates/geometry/src/extrema/point_surface.rs:286:45: replace * with + in point_to_torus
CaughtMutant	crates/geometry/src/extrema/point_surface.rs	crates/geometry/src/extrema/point_surface.rs:286:45: replace * with / in point_to_torus
CaughtMutant	crates/geometry/src/extrema/point_surface.rs	crates/geometry/src/extrema/point_surface.rs:287:32: replace + with - in point_to_torus
CaughtMutant	crates/geometry/src/extrema/point_surface.rs	crates/geometry/src/extrema/point_surface.rs:287:32: replace + with * in point_to_torus
CaughtMutant	crates/geometry/src/extrema/point_surface.rs	crates/geometry/src/extrema/point_surface.rs:287:45: replace * with + in point_to_torus
CaughtMutant	crates/geometry/src/extrema/point_surface.rs	crates/geometry/src/extrema/point_surface.rs:287:45: replace * with / in point_to_torus
CaughtMutant	crates/geometry/src/extrema/point_surface.rs	crates/geometry/src/extrema/point_surface.rs:294:19: replace - with + in point_to_torus
CaughtMutant	crates/geometry/src/extrema/point_surface.rs	crates/geometry/src/extrema/point_surface.rs:294:19: replace - with / in point_to_torus
CaughtMutant	crates/geometry/src/extrema/point_surface.rs	crates/geometry/src/extrema/point_surface.rs:295:19: replace - with + in point_to_torus
CaughtMutant	crates/geometry/src/extrema/point_surface.rs	crates/geometry/src/extrema/point_surface.rs:295:19: replace - with / in point_to_torus
CaughtMutant	crates/geometry/src/extrema/point_surface.rs	crates/geometry/src/extrema/point_surface.rs:296:19: replace - with + in point_to_torus
MissedMutant	crates/geometry/src/extrema/point_surface.rs	crates/geometry/src/extrema/point_surface.rs:273:54: replace < with <= in point_to_torus
CaughtMutant	crates/geometry/src/extrema/point_surface.rs	crates/geometry/src/extrema/point_surface.rs:296:19: replace - with / in point_to_torus
CaughtMutant	crates/geometry/src/extrema/point_surface.rs	crates/geometry/src/extrema/point_surface.rs:300:18: replace < with == in point_to_torus
CaughtMutant	crates/geometry/src/extrema/point_surface.rs	crates/geometry/src/extrema/point_surface.rs:300:18: replace < with > in point_to_torus
CaughtMutant	crates/geometry/src/extrema/point_surface.rs	crates/geometry/src/extrema/point_surface.rs:302:28: replace < with > in point_to_torus
CaughtMutant	crates/geometry/src/extrema/point_surface.rs	crates/geometry/src/extrema/point_surface.rs:305:34: replace / with * in point_to_torus
CaughtMutant	crates/geometry/src/extrema/point_surface.rs	crates/geometry/src/extrema/point_surface.rs:305:34: replace / with % in point_to_torus
CaughtMutant	crates/geometry/src/extrema/point_surface.rs	crates/geometry/src/extrema/point_surface.rs:305:54: replace / with % in point_to_torus
CaughtMutant	crates/geometry/src/extrema/point_surface.rs	crates/geometry/src/extrema/point_surface.rs:305:54: replace / with * in point_to_torus
CaughtMutant	crates/geometry/src/extrema/point_surface.rs	crates/geometry/src/extrema/point_surface.rs:305:74: replace / with % in point_to_torus
CaughtMutant	crates/geometry/src/extrema/point_surface.rs	crates/geometry/src/extrema/point_surface.rs:305:74: replace / with * in point_to_torus
CaughtMutant	crates/geometry/src/extrema/point_surface.rs	crates/geometry/src/extrema/point_surface.rs:308:22: replace + with - in point_to_torus
CaughtMutant	crates/geometry/src/extrema/point_surface.rs	crates/geometry/src/extrema/point_surface.rs:308:22: replace + with * in point_to_torus
CaughtMutant	crates/geometry/src/extrema/point_surface.rs	crates/geometry/src/extrema/point_surface.rs:308:32: replace * with + in point_to_torus
CaughtMutant	crates/geometry/src/extrema/point_surface.rs	crates/geometry/src/extrema/point_surface.rs:308:32: replace * with / in point_to_torus
CaughtMutant	crates/geometry/src/extrema/point_surface.rs	crates/geometry/src/extrema/point_surface.rs:309:22: replace + with - in point_to_torus
CaughtMutant	crates/geometry/src/extrema/point_surface.rs	crates/geometry/src/extrema/point_surface.rs:309:22: replace + with * in point_to_torus
CaughtMutant	crates/geometry/src/extrema/point_surface.rs	crates/geometry/src/extrema/point_surface.rs:309:32: replace * with + in point_to_torus
CaughtMutant	crates/geometry/src/extrema/point_surface.rs	crates/geometry/src/extrema/point_surface.rs:309:32: replace * with / in point_to_torus
CaughtMutant	crates/geometry/src/extrema/point_surface.rs	crates/geometry/src/extrema/point_surface.rs:310:22: replace + with - in point_to_torus
CaughtMutant	crates/geometry/src/extrema/point_surface.rs	crates/geometry/src/extrema/point_surface.rs:310:22: replace + with * in point_to_torus
CaughtMutant	crates/geometry/src/extrema/point_surface.rs	crates/geometry/src/extrema/point_surface.rs:310:32: replace * with + in point_to_torus
CaughtMutant	crates/geometry/src/extrema/point_surface.rs	crates/geometry/src/extrema/point_surface.rs:310:32: replace * with / in point_to_torus
CaughtMutant	crates/geometry/src/extrema/point_surface.rs	crates/geometry/src/extrema/point_surface.rs:320:30: replace / with % in point_to_torus
CaughtMutant	crates/geometry/src/extrema/point_surface.rs	crates/geometry/src/extrema/point_surface.rs:320:30: replace / with * in point_to_torus
MissedMutant	crates/geometry/src/extrema/point_surface.rs	crates/geometry/src/extrema/point_surface.rs:300:18: replace < with <= in point_to_torus
CaughtMutant	crates/geometry/src/extrema/point_surface.rs	crates/geometry/src/extrema/point_surface.rs:322:18: replace + with - in point_to_torus
MissedMutant	crates/geometry/src/extrema/point_surface.rs	crates/geometry/src/extrema/point_surface.rs:302:28: replace < with == in point_to_torus
CaughtMutant	crates/geometry/src/extrema/point_surface.rs	crates/geometry/src/extrema/point_surface.rs:322:18: replace + with * in point_to_torus
MissedMutant	crates/geometry/src/extrema/point_surface.rs	crates/geometry/src/extrema/point_surface.rs:302:28: replace < with <= in point_to_torus
CaughtMutant	crates/geometry/src/extrema/point_surface.rs	crates/geometry/src/extrema/point_surface.rs:322:33: replace * with + in point_to_torus
CaughtMutant	crates/geometry/src/extrema/point_surface.rs	crates/geometry/src/extrema/point_surface.rs:322:33: replace * with / in point_to_torus
CaughtMutant	crates/geometry/src/extrema/point_surface.rs	crates/geometry/src/extrema/point_surface.rs:323:18: replace + with - in point_to_torus
CaughtMutant	crates/geometry/src/extrema/point_surface.rs	crates/geometry/src/extrema/point_surface.rs:323:33: replace * with + in point_to_torus
CaughtMutant	crates/geometry/src/extrema/point_surface.rs	crates/geometry/src/extrema/point_surface.rs:323:18: replace + with * in point_to_torus
CaughtMutant	crates/geometry/src/extrema/point_surface.rs	crates/geometry/src/extrema/point_surface.rs:324:18: replace + with - in point_to_torus
CaughtMutant	crates/geometry/src/extrema/point_surface.rs	crates/geometry/src/extrema/point_surface.rs:323:33: replace * with / in point_to_torus
CaughtMutant	crates/geometry/src/extrema/point_surface.rs	crates/geometry/src/extrema/point_surface.rs:324:33: replace * with + in point_to_torus
CaughtMutant	crates/geometry/src/extrema/point_surface.rs	crates/geometry/src/extrema/point_surface.rs:324:18: replace + with * in point_to_torus
CaughtMutant	crates/geometry/src/extrema/point_surface.rs	crates/geometry/src/extrema/point_surface.rs:324:33: replace * with / in point_to_torus
CaughtMutant	crates/geometry/src/extrema/point_surface.rs	crates/geometry/src/extrema/point_surface.rs:329:38: replace < with == in point_to_torus
CaughtMutant	crates/geometry/src/extrema/point_surface.rs	crates/geometry/src/extrema/point_surface.rs:329:38: replace < with > in point_to_torus
CaughtMutant	crates/geometry/src/extrema/point_surface.rs	crates/geometry/src/extrema/point_surface.rs:332:47: replace / with % in point_to_torus
CaughtMutant	crates/geometry/src/extrema/point_surface.rs	crates/geometry/src/extrema/point_surface.rs:332:47: replace / with * in point_to_torus
Unviable	crates/geometry/src/extrema/point_surface.rs	crates/geometry/src/extrema/point_surface.rs:358:5: replace point_to_nurbs_surface -> SurfaceProjection with Default::default()
CaughtMutant	crates/geometry/src/extrema/point_surface.rs	crates/geometry/src/extrema/point_surface.rs:332:67: replace / with % in point_to_torus
CaughtMutant	crates/geometry/src/extrema/point_surface.rs	crates/geometry/src/extrema/point_surface.rs:332:67: replace / with * in point_to_torus
CaughtMutant	crates/geometry/src/extrema/point_surface.rs	crates/geometry/src/extrema/point_surface.rs:332:87: replace / with % in point_to_torus
CaughtMutant	crates/geometry/src/extrema/point_surface.rs	crates/geometry/src/extrema/point_surface.rs:332:87: replace / with * in point_to_torus
CaughtMutant	crates/geometry/src/extrema/point_surface.rs	crates/geometry/src/extrema/point_surface.rs:337:30: replace - with + in point_to_torus
CaughtMutant	crates/geometry/src/extrema/point_surface.rs	crates/geometry/src/extrema/point_surface.rs:337:30: replace - with / in point_to_torus
CaughtMutant	crates/geometry/src/extrema/point_surface.rs	crates/geometry/src/extrema/point_surface.rs:367:27: replace + with - in point_to_nurbs_surface
CaughtMutant	crates/geometry/src/extrema/point_surface.rs	crates/geometry/src/extrema/point_surface.rs:367:27: replace + with * in point_to_nurbs_surface
CaughtMutant	crates/geometry/src/extrema/point_surface.rs	crates/geometry/src/extrema/point_surface.rs:367:58: replace / with % in point_to_nurbs_surface
CaughtMutant	crates/geometry/src/extrema/point_surface.rs	crates/geometry/src/extrema/point_surface.rs:367:58: replace / with * in point_to_nurbs_surface
CaughtMutant	crates/geometry/src/extrema/point_surface.rs	crates/geometry/src/extrema/point_surface.rs:367:45: replace * with + in point_to_nurbs_surface
CaughtMutant	crates/geometry/src/extrema/point_surface.rs	crates/geometry/src/extrema/point_surface.rs:367:45: replace * with / in point_to_nurbs_surface
CaughtMutant	crates/geometry/src/extrema/point_surface.rs	crates/geometry/src/extrema/point_surface.rs:367:36: replace - with + in point_to_nurbs_surface
CaughtMutant	crates/geometry/src/extrema/point_surface.rs	crates/geometry/src/extrema/point_surface.rs:367:36: replace - with / in point_to_nurbs_surface
CaughtMutant	crates/geometry/src/extrema/point_surface.rs	crates/geometry/src/extrema/point_surface.rs:368:27: replace + with - in point_to_nurbs_surface
CaughtMutant	crates/geometry/src/extrema/point_surface.rs	crates/geometry/src/extrema/point_surface.rs:368:27: replace + with * in point_to_nurbs_surface
CaughtMutant	crates/geometry/src/extrema/point_surface.rs	crates/geometry/src/extrema/point_surface.rs:368:58: replace / with % in point_to_nurbs_surface
CaughtMutant	crates/geometry/src/extrema/point_surface.rs	crates/geometry/src/extrema/point_surface.rs:368:58: replace / with * in point_to_nurbs_surface
CaughtMutant	crates/geometry/src/extrema/point_surface.rs	crates/geometry/src/extrema/point_surface.rs:368:45: replace * with + in point_to_nurbs_surface
CaughtMutant	crates/geometry/src/extrema/point_surface.rs	crates/geometry/src/extrema/point_surface.rs:368:45: replace * with / in point_to_nurbs_surface
CaughtMutant	crates/geometry/src/extrema/point_surface.rs	crates/geometry/src/extrema/point_surface.rs:368:36: replace - with + in point_to_nurbs_surface
CaughtMutant	crates/geometry/src/extrema/point_surface.rs	crates/geometry/src/extrema/point_surface.rs:368:36: replace - with / in point_to_nurbs_surface
CaughtMutant	crates/geometry/src/extrema/point_surface.rs	crates/geometry/src/extrema/point_surface.rs:370:29: replace - with + in point_to_nurbs_surface
CaughtMutant	crates/geometry/src/extrema/point_surface.rs	crates/geometry/src/extrema/point_surface.rs:370:29: replace - with / in point_to_nurbs_surface
CaughtMutant	crates/geometry/src/extrema/point_surface.rs	crates/geometry/src/extrema/point_surface.rs:371:29: replace - with + in point_to_nurbs_surface
CaughtMutant	crates/geometry/src/extrema/point_surface.rs	crates/geometry/src/extrema/point_surface.rs:371:29: replace - with / in point_to_nurbs_surface
CaughtMutant	crates/geometry/src/extrema/point_surface.rs	crates/geometry/src/extrema/point_surface.rs:372:29: replace - with + in point_to_nurbs_surface
Unviable	crates/geometry/src/extrema/point_surface.rs	crates/geometry/src/extrema/point_surface.rs:421:5: replace point_to_surface -> SurfaceProjection with Default::default()
CaughtMutant	crates/geometry/src/extrema/point_surface.rs	crates/geometry/src/extrema/point_surface.rs:372:29: replace - with / in point_to_nurbs_surface
MissedMutant	crates/geometry/src/extrema/point_surface.rs	crates/geometry/src/extrema/point_surface.rs:329:38: replace < with <= in point_to_torus
CaughtMutant	crates/geometry/src/extrema/point_surface.rs	crates/geometry/src/extrema/point_surface.rs:373:60: replace * with + in point_to_nurbs_surface
CaughtMutant	crates/geometry/src/extrema/point_surface.rs	crates/geometry/src/extrema/point_surface.rs:373:60: replace * with / in point_to_nurbs_surface
CaughtMutant	crates/geometry/src/extrema/point_surface.rs	crates/geometry/src/extrema/point_surface.rs:374:24: replace < with == in point_to_nurbs_surface
CaughtMutant	crates/geometry/src/extrema/point_surface.rs	crates/geometry/src/extrema/point_surface.rs:374:24: replace < with > in point_to_nurbs_surface
MissedMutant	crates/geometry/src/extrema/point_surface.rs	crates/geometry/src/extrema/point_surface.rs:374:24: replace < with <= in point_to_nurbs_surface
MissedMutant	crates/geometry/src/extrema/point_surface.rs	crates/geometry/src/extrema/point_surface.rs:425:32: replace * with + in point_to_surface
MissedMutant	crates/geometry/src/extrema/point_surface.rs	crates/geometry/src/extrema/point_surface.rs:425:32: replace * with / in point_to_surface
MissedMutant	crates/geometry/src/extrema/point_surface.rs	crates/geometry/src/extrema/point_surface.rs:425:26: replace + with * in point_to_surface
MissedMutant	crates/geometry/src/extrema/point_surface.rs	crates/geometry/src/extrema/point_surface.rs:425:26: replace + with - in point_to_surface
MissedMutant	crates/geometry/src/extrema/point_surface.rs	crates/geometry/src/extrema/point_surface.rs:426:32: replace * with + in point_to_surface
MissedMutant	crates/geometry/src/extrema/point_surface.rs	crates/geometry/src/extrema/point_surface.rs:426:32: replace * with / in point_to_surface
MissedMutant	crates/geometry/src/extrema/point_surface.rs	crates/geometry/src/extrema/point_surface.rs:426:26: replace + with - in point_to_surface
CaughtMutant	crates/geometry/src/extrema/point_surface.rs	crates/geometry/src/extrema/point_surface.rs:430:20: replace + with - in point_to_surface
CaughtMutant	crates/geometry/src/extrema/point_surface.rs	crates/geometry/src/extrema/point_surface.rs:430:46: replace / with % in point_to_surface
CaughtMutant	crates/geometry/src/extrema/point_surface.rs	crates/geometry/src/extrema/point_surface.rs:430:46: replace / with * in point_to_surface
CaughtMutant	crates/geometry/src/extrema/point_surface.rs	crates/geometry/src/extrema/point_surface.rs:430:20: replace + with * in point_to_surface
CaughtMutant	crates/geometry/src/extrema/point_surface.rs	crates/geometry/src/extrema/point_surface.rs:430:26: replace - with + in point_to_surface
CaughtMutant	crates/geometry/src/extrema/point_surface.rs	crates/geometry/src/extrema/point_surface.rs:430:32: replace * with + in point_to_surface
CaughtMutant	crates/geometry/src/extrema/point_surface.rs	crates/geometry/src/extrema/point_surface.rs:430:32: replace * with / in point_to_surface
CaughtMutant	crates/geometry/src/extrema/point_surface.rs	crates/geometry/src/extrema/point_surface.rs:430:26: replace - with / in point_to_surface
CaughtMutant	crates/geometry/src/extrema/point_surface.rs	crates/geometry/src/extrema/point_surface.rs:432:24: replace + with - in point_to_surface
CaughtMutant	crates/geometry/src/extrema/point_surface.rs	crates/geometry/src/extrema/point_surface.rs:432:24: replace + with * in point_to_surface
CaughtMutant	crates/geometry/src/extrema/point_surface.rs	crates/geometry/src/extrema/point_surface.rs:432:50: replace / with % in point_to_surface
CaughtMutant	crates/geometry/src/extrema/point_surface.rs	crates/geometry/src/extrema/point_surface.rs:432:50: replace / with * in point_to_surface
CaughtMutant	crates/geometry/src/extrema/point_surface.rs	crates/geometry/src/extrema/point_surface.rs:432:36: replace * with + in point_to_surface
CaughtMutant	crates/geometry/src/extrema/point_surface.rs	crates/geometry/src/extrema/point_surface.rs:432:36: replace * with / in point_to_surface
Unviable	crates/geometry/src/extrema/point_surface.rs	crates/geometry/src/extrema/point_surface.rs:434:26: replace - with + in point_to_surface
Unviable	crates/geometry/src/extrema/point_surface.rs	crates/geometry/src/extrema/point_surface.rs:434:26: replace - with / in point_to_surface
CaughtMutant	crates/geometry/src/extrema/point_surface.rs	crates/geometry/src/extrema/point_surface.rs:432:30: replace - with + in point_to_surface
CaughtMutant	crates/geometry/src/extrema/point_surface.rs	crates/geometry/src/extrema/point_surface.rs:432:30: replace - with / in point_to_surface
CaughtMutant	crates/geometry/src/extrema/point_surface.rs	crates/geometry/src/extrema/point_surface.rs:435:64: replace + with - in point_to_surface
CaughtMutant	crates/geometry/src/extrema/point_surface.rs	crates/geometry/src/extrema/point_surface.rs:435:64: replace + with * in point_to_surface
CaughtMutant	crates/geometry/src/extrema/point_surface.rs	crates/geometry/src/extrema/point_surface.rs:435:42: replace + with - in point_to_surface
CaughtMutant	crates/geometry/src/extrema/point_surface.rs	crates/geometry/src/extrema/point_surface.rs:435:42: replace + with * in point_to_surface
CaughtMutant	crates/geometry/src/extrema/point_surface.rs	crates/geometry/src/extrema/point_surface.rs:435:31: replace * with + in point_to_surface
MissedMutant	crates/geometry/src/extrema/point_surface.rs	crates/geometry/src/extrema/point_surface.rs:426:26: replace + with * in point_to_surface
CaughtMutant	crates/geometry/src/extrema/point_surface.rs	crates/geometry/src/extrema/point_surface.rs:435:31: replace * with / in point_to_surface
CaughtMutant	crates/geometry/src/extrema/point_surface.rs	crates/geometry/src/extrema/point_surface.rs:435:53: replace * with + in point_to_surface
CaughtMutant	crates/geometry/src/extrema/point_surface.rs	crates/geometry/src/extrema/point_surface.rs:435:53: replace * with / in point_to_surface
CaughtMutant	crates/geometry/src/extrema/point_surface.rs	crates/geometry/src/extrema/point_surface.rs:435:75: replace * with / in point_to_surface
MissedMutant	crates/geometry/src/extrema/point_surface.rs	crates/geometry/src/extrema/point_surface.rs:430:57: replace - with + in point_to_surface
CaughtMutant	crates/geometry/src/extrema/point_surface.rs	crates/geometry/src/extrema/point_surface.rs:435:75: replace * with + in point_to_surface
MissedMutant	crates/geometry/src/extrema/point_surface.rs	crates/geometry/src/extrema/point_surface.rs:430:57: replace - with / in point_to_surface
CaughtMutant	crates/geometry/src/extrema/point_surface.rs	crates/geometry/src/extrema/point_surface.rs:436:19: replace < with == in point_to_surface
CaughtMutant	crates/geometry/src/extrema/point_surface.rs	crates/geometry/src/extrema/point_surface.rs:436:19: replace < with > in point_to_surface
CaughtMutant	crates/geometry/src/extrema/point_surface.rs	crates/geometry/src/extrema/point_surface.rs:457:36: replace - with / in point_to_surface
CaughtMutant	crates/geometry/src/extrema/point_surface.rs	crates/geometry/src/extrema/point_surface.rs:457:36: replace - with + in point_to_surface
MissedMutant	crates/geometry/src/extrema/point_surface.rs	crates/geometry/src/extrema/point_surface.rs:432:61: replace - with + in point_to_surface
CaughtMutant	crates/geometry/src/extrema/point_surface.rs	crates/geometry/src/extrema/point_surface.rs:457:55: replace - with + in point_to_surface
CaughtMutant	crates/geometry/src/extrema/point_surface.rs	crates/geometry/src/extrema/point_surface.rs:457:55: replace - with / in point_to_surface
MissedMutant	crates/geometry/src/extrema/point_surface.rs	crates/geometry/src/extrema/point_surface.rs:432:61: replace - with / in point_to_surface
CaughtMutant	crates/geometry/src/extrema/point_surface.rs	crates/geometry/src/extrema/point_surface.rs:457:74: replace - with + in point_to_surface
CaughtMutant	crates/geometry/src/extrema/point_surface.rs	crates/geometry/src/extrema/point_surface.rs:457:74: replace - with / in point_to_surface
CaughtMutant	crates/geometry/src/extrema/point_surface.rs	crates/geometry/src/extrema/point_surface.rs:467:23: replace * with + in point_to_surface
CaughtMutant	crates/geometry/src/extrema/point_surface.rs	crates/geometry/src/extrema/point_surface.rs:467:29: replace - with / in point_to_surface
CaughtMutant	crates/geometry/src/extrema/point_surface.rs	crates/geometry/src/extrema/point_surface.rs:467:23: replace * with / in point_to_surface
CaughtMutant	crates/geometry/src/extrema/point_surface.rs	crates/geometry/src/extrema/point_surface.rs:467:35: replace * with / in point_to_surface
CaughtMutant	crates/geometry/src/extrema/point_surface.rs	crates/geometry/src/extrema/point_surface.rs:469:22: replace < with > in point_to_surface
CaughtMutant	crates/geometry/src/extrema/point_surface.rs	crates/geometry/src/extrema/point_surface.rs:473:40: replace / with % in point_to_surface
CaughtMutant	crates/geometry/src/extrema/point_surface.rs	crates/geometry/src/extrema/point_surface.rs:473:40: replace / with * in point_to_surface
CaughtMutant	crates/geometry/src/extrema/point_surface.rs	crates/geometry/src/extrema/point_surface.rs:473:28: replace - with / in point_to_surface
CaughtMutant	crates/geometry/src/extrema/point_surface.rs	crates/geometry/src/extrema/point_surface.rs:473:22: replace * with + in point_to_surface
MissedMutant	crates/geometry/src/extrema/point_surface.rs	crates/geometry/src/extrema/point_surface.rs:436:19: replace < with <= in point_to_surface
CaughtMutant	crates/geometry/src/extrema/point_surface.rs	crates/geometry/src/extrema/point_surface.rs:473:22: replace * with / in point_to_surface
CaughtMutant	crates/geometry/src/extrema/point_surface.rs	crates/geometry/src/extrema/point_surface.rs:473:33: replace * with + in point_to_surface
CaughtMutant	crates/geometry/src/extrema/point_surface.rs	crates/geometry/src/extrema/point_surface.rs:473:33: replace * with / in point_to_surface
MissedMutant	crates/geometry/src/extrema/point_surface.rs	crates/geometry/src/extrema/point_surface.rs:467:29: replace - with + in point_to_surface
CaughtMutant	crates/geometry/src/extrema/point_surface.rs	crates/geometry/src/extrema/point_surface.rs:474:40: replace / with % in point_to_surface
CaughtMutant	crates/geometry/src/extrema/point_surface.rs	crates/geometry/src/extrema/point_surface.rs:474:40: replace / with * in point_to_surface
MissedMutant	crates/geometry/src/extrema/point_surface.rs	crates/geometry/src/extrema/point_surface.rs:467:35: replace * with + in point_to_surface
CaughtMutant	crates/geometry/src/extrema/point_surface.rs	crates/geometry/src/extrema/point_surface.rs:474:22: replace * with + in point_to_surface
MissedMutant	crates/geometry/src/extrema/point_surface.rs	crates/geometry/src/extrema/point_surface.rs:469:22: replace < with == in point_to_surface
CaughtMutant	crates/geometry/src/extrema/point_surface.rs	crates/geometry/src/extrema/point_surface.rs:474:28: replace - with / in point_to_surface
MissedMutant	crates/geometry/src/extrema/point_surface.rs	crates/geometry/src/extrema/point_surface.rs:469:22: replace < with <= in point_to_surface
CaughtMutant	crates/geometry/src/extrema/point_surface.rs	crates/geometry/src/extrema/point_surface.rs:474:22: replace * with / in point_to_surface
CaughtMutant	crates/geometry/src/extrema/point_surface.rs	crates/geometry/src/extrema/point_surface.rs:474:33: replace * with + in point_to_surface
CaughtMutant	crates/geometry/src/extrema/point_surface.rs	crates/geometry/src/extrema/point_surface.rs:474:33: replace * with / in point_to_surface
CaughtMutant	crates/geometry/src/extrema/point_surface.rs	crates/geometry/src/extrema/point_surface.rs:476:24: replace - with / in point_to_surface
CaughtMutant	crates/geometry/src/extrema/point_surface.rs	crates/geometry/src/extrema/point_surface.rs:476:24: replace - with + in point_to_surface
CaughtMutant	crates/geometry/src/extrema/point_surface.rs	crates/geometry/src/extrema/point_surface.rs:477:24: replace - with / in point_to_surface
MissedMutant	crates/geometry/src/extrema/point_surface.rs	crates/geometry/src/extrema/point_surface.rs:473:28: replace - with + in point_to_surface
CaughtMutant	crates/geometry/src/extrema/point_surface.rs	crates/geometry/src/extrema/point_surface.rs:477:24: replace - with + in point_to_surface
CaughtMutant	crates/geometry/src/extrema/point_surface.rs	crates/geometry/src/extrema/point_surface.rs:479:42: replace && with || in point_to_surface
CaughtMutant	crates/geometry/src/extrema/point_surface.rs	crates/geometry/src/extrema/point_surface.rs:479:30: replace < with > in point_to_surface
CaughtMutant	crates/geometry/src/extrema/point_surface.rs	crates/geometry/src/extrema/point_surface.rs:479:63: replace < with > in point_to_surface
MissedMutant	crates/geometry/src/extrema/point_surface.rs	crates/geometry/src/extrema/point_surface.rs:474:28: replace - with + in point_to_surface
MissedMutant	crates/geometry/src/extrema/point_surface.rs	crates/geometry/src/extrema/point_surface.rs:479:30: replace < with == in point_to_surface
Unviable	crates/geometry/src/extrema/point_surface.rs	crates/geometry/src/extrema/point_surface.rs:489:24: replace - with + in point_to_surface
MissedMutant	crates/geometry/src/extrema/point_surface.rs	crates/geometry/src/extrema/point_surface.rs:479:30: replace < with <= in point_to_surface
Unviable	crates/geometry/src/extrema/point_surface.rs	crates/geometry/src/extrema/point_surface.rs:489:24: replace - with / in point_to_surface
MissedMutant	crates/geometry/src/extrema/point_surface.rs	crates/geometry/src/extrema/point_surface.rs:479:19: replace - with + in point_to_surface
MissedMutant	crates/geometry/src/extrema/point_surface.rs	crates/geometry/src/extrema/point_surface.rs:479:63: replace < with == in point_to_surface
MissedMutant	crates/geometry/src/extrema/point_surface.rs	crates/geometry/src/extrema/point_surface.rs:479:19: replace - with / in point_to_surface
CaughtMutant	crates/geometry/src/extrema/point_surface.rs	crates/geometry/src/extrema/point_surface.rs:490:63: replace + with * in point_to_surface
MissedMutant	crates/geometry/src/extrema/point_surface.rs	crates/geometry/src/extrema/point_surface.rs:479:63: replace < with <= in point_to_surface
CaughtMutant	crates/geometry/src/extrema/point_surface.rs	crates/geometry/src/extrema/point_surface.rs:490:63: replace + with - in point_to_surface
CaughtMutant	crates/geometry/src/extrema/point_surface.rs	crates/geometry/src/extrema/point_surface.rs:490:41: replace + with - in point_to_surface
CaughtMutant	crates/geometry/src/extrema/point_surface.rs	crates/geometry/src/extrema/point_surface.rs:490:41: replace + with * in point_to_surface
MissedMutant	crates/geometry/src/extrema/point_surface.rs	crates/geometry/src/extrema/point_surface.rs:479:52: replace - with + in point_to_surface
CaughtMutant	crates/geometry/src/extrema/point_surface.rs	crates/geometry/src/extrema/point_surface.rs:490:30: replace * with + in point_to_surface
Unviable	crates/geometry/src/extrema/segment.rs	crates/geometry/src/extrema/segment.rs:36:5: replace segment_segment_distance -> (f64, Point3, Point3) with (1.0, Default::default(), Default::default())
Unviable	crates/geometry/src/extrema/segment.rs	crates/geometry/src/extrema/segment.rs:36:5: replace segment_segment_distance -> (f64, Point3, Point3) with (0.0, Default::default(), Default::default())
Unviable	crates/geometry/src/extrema/segment.rs	crates/geometry/src/extrema/segment.rs:36:5: replace segment_segment_distance -> (f64, Point3, Point3) with (-1.0, Default::default(), Default::default())
CaughtMutant	crates/geometry/src/extrema/point_surface.rs	crates/geometry/src/extrema/point_surface.rs:490:30: replace * with / in point_to_surface
Unviable	crates/geometry/src/extrema/segment.rs	crates/geometry/src/extrema/segment.rs:36:17: replace - with + in segment_segment_distance
Unviable	crates/geometry/src/extrema/segment.rs	crates/geometry/src/extrema/segment.rs:36:17: replace - with / in segment_segment_distance
Unviable	crates/geometry/src/extrema/segment.rs	crates/geometry/src/extrema/segment.rs:37:17: replace - with + in segment_segment_distance
Unviable	crates/geometry/src/extrema/segment.rs	crates/geometry/src/extrema/segment.rs:37:17: replace - with / in segment_segment_distance
Unviable	crates/geometry/src/extrema/segment.rs	crates/geometry/src/extrema/segment.rs:38:16: replace - with + in segment_segment_distance
Unviable	crates/geometry/src/extrema/segment.rs	crates/geometry/src/extrema/segment.rs:38:16: replace - with / in segment_segment_distance
CaughtMutant	crates/geometry/src/extrema/point_surface.rs	crates/geometry/src/extrema/point_surface.rs:490:52: replace * with / in point_to_surface
Unviable	crates/geometry/src/extrema/segment.rs	crates/geometry/src/extrema/segment.rs:46:23: replace - with + in segment_segment_distance
Unviable	crates/geometry/src/extrema/segment.rs	crates/geometry/src/extrema/segment.rs:46:23: replace - with / in segment_segment_distance
CaughtMutant	crates/geometry/src/extrema/point_surface.rs	crates/geometry/src/extrema/point_surface.rs:490:52: replace * with + in point_to_surface
CaughtMutant	crates/geometry/src/extrema/point_surface.rs	crates/geometry/src/extrema/point_surface.rs:490:74: replace * with + in point_to_surface
MissedMutant	crates/geometry/src/extrema/point_surface.rs	crates/geometry/src/extrema/point_surface.rs:479:52: replace - with / in point_to_surface
CaughtMutant	crates/geometry/src/extrema/point_surface.rs	crates/geometry/src/extrema/point_surface.rs:490:74: replace * with / in point_to_surface
CaughtMutant	crates/geometry/src/extrema/segment.rs	crates/geometry/src/extrema/segment.rs:45:19: replace && with || in segment_segment_distance
CaughtMutant	crates/geometry/src/extrema/segment.rs	crates/geometry/src/extrema/segment.rs:45:10: replace <= with > in segment_segment_distance
CaughtMutant	crates/geometry/src/extrema/segment.rs	crates/geometry/src/extrema/segment.rs:45:24: replace <= with > in segment_segment_distance
CaughtMutant	crates/geometry/src/extrema/segment.rs	crates/geometry/src/extrema/segment.rs:47:63: replace + with - in segment_segment_distance
CaughtMutant	crates/geometry/src/extrema/segment.rs	crates/geometry/src/extrema/segment.rs:47:63: replace + with * in segment_segment_distance
CaughtMutant	crates/geometry/src/extrema/segment.rs	crates/geometry/src/extrema/segment.rs:47:41: replace + with - in segment_segment_distance
CaughtMutant	crates/geometry/src/extrema/segment.rs	crates/geometry/src/extrema/segment.rs:47:30: replace * with + in segment_segment_distance
CaughtMutant	crates/geometry/src/extrema/segment.rs	crates/geometry/src/extrema/segment.rs:47:41: replace + with * in segment_segment_distance
CaughtMutant	crates/geometry/src/extrema/segment.rs	crates/geometry/src/extrema/segment.rs:47:30: replace * with / in segment_segment_distance
CaughtMutant	crates/geometry/src/extrema/segment.rs	crates/geometry/src/extrema/segment.rs:47:52: replace * with + in segment_segment_distance
CaughtMutant	crates/geometry/src/extrema/segment.rs	crates/geometry/src/extrema/segment.rs:47:52: replace * with / in segment_segment_distance
CaughtMutant	crates/geometry/src/extrema/segment.rs	crates/geometry/src/extrema/segment.rs:47:74: replace * with + in segment_segment_distance
CaughtMutant	crates/geometry/src/extrema/segment.rs	crates/geometry/src/extrema/segment.rs:47:74: replace * with / in segment_segment_distance
CaughtMutant	crates/geometry/src/extrema/segment.rs	crates/geometry/src/extrema/segment.rs:52:10: replace <= with > in segment_segment_distance
CaughtMutant	crates/geometry/src/extrema/segment.rs	crates/geometry/src/extrema/segment.rs:55:16: replace / with % in segment_segment_distance
CaughtMutant	crates/geometry/src/extrema/segment.rs	crates/geometry/src/extrema/segment.rs:55:16: replace / with * in segment_segment_distance
CaughtMutant	crates/geometry/src/extrema/segment.rs	crates/geometry/src/extrema/segment.rs:58:14: replace <= with > in segment_segment_distance
CaughtMutant	crates/geometry/src/extrema/segment.rs	crates/geometry/src/extrema/segment.rs:65:31: replace - with + in segment_segment_distance
CaughtMutant	crates/geometry/src/extrema/segment.rs	crates/geometry/src/extrema/segment.rs:65:31: replace - with / in segment_segment_distance
CaughtMutant	crates/geometry/src/extrema/segment.rs	crates/geometry/src/extrema/segment.rs:65:27: replace * with + in segment_segment_distance
CaughtMutant	crates/geometry/src/extrema/segment.rs	crates/geometry/src/extrema/segment.rs:65:27: replace * with / in segment_segment_distance
CaughtMutant	crates/geometry/src/extrema/segment.rs	crates/geometry/src/extrema/segment.rs:65:35: replace * with + in segment_segment_distance
CaughtMutant	crates/geometry/src/extrema/segment.rs	crates/geometry/src/extrema/segment.rs:65:35: replace * with / in segment_segment_distance
CaughtMutant	crates/geometry/src/extrema/segment.rs	crates/geometry/src/extrema/segment.rs:68:32: replace > with == in segment_segment_distance
CaughtMutant	crates/geometry/src/extrema/segment.rs	crates/geometry/src/extrema/segment.rs:68:32: replace > with < in segment_segment_distance
CaughtMutant	crates/geometry/src/extrema/segment.rs	crates/geometry/src/extrema/segment.rs:69:34: replace / with % in segment_segment_distance
CaughtMutant	crates/geometry/src/extrema/segment.rs	crates/geometry/src/extrema/segment.rs:69:34: replace / with * in segment_segment_distance
CaughtMutant	crates/geometry/src/extrema/segment.rs	crates/geometry/src/extrema/segment.rs:69:25: replace - with + in segment_segment_distance
CaughtMutant	crates/geometry/src/extrema/segment.rs	crates/geometry/src/extrema/segment.rs:69:25: replace - with / in segment_segment_distance
CaughtMutant	crates/geometry/src/extrema/segment.rs	crates/geometry/src/extrema/segment.rs:69:21: replace * with + in segment_segment_distance
CaughtMutant	crates/geometry/src/extrema/segment.rs	crates/geometry/src/extrema/segment.rs:69:21: replace * with / in segment_segment_distance
CaughtMutant	crates/geometry/src/extrema/segment.rs	crates/geometry/src/extrema/segment.rs:69:29: replace * with + in segment_segment_distance
CaughtMutant	crates/geometry/src/extrema/segment.rs	crates/geometry/src/extrema/segment.rs:69:29: replace * with / in segment_segment_distance
CaughtMutant	crates/geometry/src/extrema/segment.rs	crates/geometry/src/extrema/segment.rs:75:37: replace / with % in segment_segment_distance
CaughtMutant	crates/geometry/src/extrema/segment.rs	crates/geometry/src/extrema/segment.rs:75:37: replace / with * in segment_segment_distance
MissedMutant	crates/geometry/src/extrema/segment.rs	crates/geometry/src/extrema/segment.rs:61:21: replace / with % in segment_segment_distance
CaughtMutant	crates/geometry/src/extrema/segment.rs	crates/geometry/src/extrema/segment.rs:75:32: replace + with - in segment_segment_distance
CaughtMutant	crates/geometry/src/extrema/segment.rs	crates/geometry/src/extrema/segment.rs:75:32: replace + with * in segment_segment_distance
MissedMutant	crates/geometry/src/extrema/segment.rs	crates/geometry/src/extrema/segment.rs:61:21: replace / with * in segment_segment_distance
MissedMutant	crates/geometry/src/extrema/segment.rs	crates/geometry/src/extrema/segment.rs:61:18: delete - in segment_segment_distance
CaughtMutant	crates/geometry/src/extrema/segment.rs	crates/geometry/src/extrema/segment.rs:75:28: replace * with + in segment_segment_distance
CaughtMutant	crates/geometry/src/extrema/segment.rs	crates/geometry/src/extrema/segment.rs:75:28: replace * with / in segment_segment_distance
CaughtMutant	crates/geometry/src/extrema/segment.rs	crates/geometry/src/extrema/segment.rs:81:18: replace > with < in segment_segment_distance
CaughtMutant	crates/geometry/src/extrema/segment.rs	crates/geometry/src/extrema/segment.rs:81:18: replace > with == in segment_segment_distance
CaughtMutant	crates/geometry/src/extrema/segment.rs	crates/geometry/src/extrema/segment.rs:84:22: replace / with % in segment_segment_distance
CaughtMutant	crates/geometry/src/extrema/segment.rs	crates/geometry/src/extrema/segment.rs:84:22: replace / with * in segment_segment_distance
Unviable	crates/geometry/src/extrema/segment.rs	crates/geometry/src/extrema/segment.rs:89:24: replace + with * in segment_segment_distance
Unviable	crates/geometry/src/extrema/segment.rs	crates/geometry/src/extrema/segment.rs:89:29: replace * with + in segment_segment_distance
CaughtMutant	crates/geometry/src/extrema/segment.rs	crates/geometry/src/extrema/segment.rs:84:17: replace - with + in segment_segment_distance
Unviable	crates/geometry/src/extrema/segment.rs	crates/geometry/src/extrema/segment.rs:89:29: replace * with / in segment_segment_distance
Unviable	crates/geometry/src/extrema/segment.rs	crates/geometry/src/extrema/segment.rs:90:24: replace + with * in segment_segment_distance
CaughtMutant	crates/geometry/src/extrema/segment.rs	crates/geometry/src/extrema/segment.rs:84:17: replace - with / in segment_segment_distance
Unviable	crates/geometry/src/extrema/segment.rs	crates/geometry/src/extrema/segment.rs:90:29: replace * with + in segment_segment_distance
Unviable	crates/geometry/src/extrema/segment.rs	crates/geometry/src/extrema/segment.rs:90:29: replace * with / in segment_segment_distance
MissedMutant	crates/geometry/src/extrema/segment.rs	crates/geometry/src/extrema/segment.rs:68:32: replace > with >= in segment_segment_distance
Unviable	crates/geometry/src/extrema/segment.rs	crates/geometry/src/extrema/segment.rs:91:26: replace - with + in segment_segment_distance
CaughtMutant	crates/geometry/src/extrema/segment.rs	crates/geometry/src/extrema/segment.rs:84:13: replace * with + in segment_segment_distance
Unviable	crates/geometry/src/extrema/segment.rs	crates/geometry/src/extrema/segment.rs:91:26: replace - with / in segment_segment_distance
CaughtMutant	crates/geometry/src/extrema/segment.rs	crates/geometry/src/extrema/segment.rs:84:13: replace * with / in segment_segment_distance
CaughtMutant	crates/geometry/src/extrema/segment.rs	crates/geometry/src/extrema/segment.rs:89:24: replace + with - in segment_segment_distance
CaughtMutant	crates/geometry/src/extrema/segment.rs	crates/geometry/src/extrema/segment.rs:90:24: replace + with - in segment_segment_distance
CaughtMutant	crates/geometry/src/extrema/segment.rs	crates/geometry/src/extrema/segment.rs:92:59: replace + with * in segment_segment_distance
CaughtMutant	crates/geometry/src/extrema/segment.rs	crates/geometry/src/extrema/segment.rs:92:37: replace + with * in segment_segment_distance
CaughtMutant	crates/geometry/src/extrema/segment.rs	crates/geometry/src/extrema/segment.rs:92:37: replace + with - in segment_segment_distance
CaughtMutant	crates/geometry/src/extrema/segment.rs	crates/geometry/src/extrema/segment.rs:92:59: replace + with - in segment_segment_distance
CaughtMutant	crates/geometry/src/extrema/segment.rs	crates/geometry/src/extrema/segment.rs:92:26: replace * with + in segment_segment_distance
Unviable	crates/geometry/src/sampling/arc_length.rs	crates/geometry/src/sampling/arc_length.rs:25:5: replace sample_arc_length -> Vec<(f64, Point3)> with vec![(0.0, Default::default())]
CaughtMutant	crates/geometry/src/extrema/segment.rs	crates/geometry/src/extrema/segment.rs:92:26: replace * with / in segment_segment_distance
Unviable	crates/geometry/src/sampling/arc_length.rs	crates/geometry/src/sampling/arc_length.rs:25:5: replace sample_arc_length -> Vec<(f64, Point3)> with vec![(1.0, Default::default())]
Unviable	crates/geometry/src/sampling/arc_length.rs	crates/geometry/src/sampling/arc_length.rs:25:5: replace sample_arc_length -> Vec<(f64, Point3)> with vec![(-1.0, Default::default())]
CaughtMutant	crates/geometry/src/extrema/segment.rs	crates/geometry/src/extrema/segment.rs:92:48: replace * with + in segment_segment_distance
CaughtMutant	crates/geometry/src/extrema/segment.rs	crates/geometry/src/extrema/segment.rs:92:48: replace * with / in segment_segment_distance
CaughtMutant	crates/geometry/src/extrema/segment.rs	crates/geometry/src/extrema/segment.rs:92:70: replace * with + in segment_segment_distance
CaughtMutant	crates/geometry/src/extrema/segment.rs	crates/geometry/src/extrema/segment.rs:92:70: replace * with / in segment_segment_distance
CaughtMutant	crates/geometry/src/sampling/arc_length.rs	crates/geometry/src/sampling/arc_length.rs:25:5: replace sample_arc_length -> Vec<(f64, Point3)> with vec![]
CaughtMutant	crates/geometry/src/sampling/arc_length.rs	crates/geometry/src/sampling/arc_length.rs:25:10: replace == with != in sample_arc_length
CaughtMutant	crates/geometry/src/sampling/arc_length.rs	crates/geometry/src/sampling/arc_length.rs:28:10: replace == with != in sample_arc_length
CaughtMutant	crates/geometry/src/sampling/arc_length.rs	crates/geometry/src/sampling/arc_length.rs:42:22: replace == with != in sample_arc_length
CaughtMutant	crates/geometry/src/sampling/arc_length.rs	crates/geometry/src/sampling/arc_length.rs:45:21: replace + with - in sample_arc_length
CaughtMutant	crates/geometry/src/sampling/arc_length.rs	crates/geometry/src/sampling/arc_length.rs:45:21: replace + with * in sample_arc_length
CaughtMutant	crates/geometry/src/sampling/arc_length.rs	crates/geometry/src/sampling/arc_length.rs:45:52: replace / with % in sample_arc_length
CaughtMutant	crates/geometry/src/sampling/arc_length.rs	crates/geometry/src/sampling/arc_length.rs:45:52: replace / with * in sample_arc_length
MissedMutant	crates/geometry/src/extrema/segment.rs	crates/geometry/src/extrema/segment.rs:81:18: replace > with >= in segment_segment_distance
CaughtMutant	crates/geometry/src/sampling/arc_length.rs	crates/geometry/src/sampling/arc_length.rs:45:32: replace * with + in sample_arc_length
CaughtMutant	crates/geometry/src/sampling/arc_length.rs	crates/geometry/src/sampling/arc_length.rs:45:32: replace * with / in sample_arc_length
CaughtMutant	crates/geometry/src/sampling/arc_length.rs	crates/geometry/src/sampling/arc_length.rs:45:41: replace - with + in sample_arc_length
CaughtMutant	crates/geometry/src/sampling/arc_length.rs	crates/geometry/src/sampling/arc_length.rs:45:41: replace - with / in sample_arc_length
CaughtMutant	crates/geometry/src/sampling/arc_length.rs	crates/geometry/src/sampling/arc_length.rs:49:28: replace - with + in sample_arc_length
CaughtMutant	crates/geometry/src/sampling/arc_length.rs	crates/geometry/src/sampling/arc_length.rs:49:28: replace - with / in sample_arc_length
CaughtMutant	crates/geometry/src/sampling/arc_length.rs	crates/geometry/src/sampling/arc_length.rs:50:28: replace - with + in sample_arc_length
CaughtMutant	crates/geometry/src/sampling/arc_length.rs	crates/geometry/src/sampling/arc_length.rs:51:28: replace - with + in sample_arc_length
CaughtMutant	crates/geometry/src/sampling/arc_length.rs	crates/geometry/src/sampling/arc_length.rs:50:28: replace - with / in sample_arc_length
CaughtMutant	crates/geometry/src/sampling/arc_length.rs	crates/geometry/src/sampling/arc_length.rs:51:28: replace - with / in sample_arc_length
CaughtMutant	crates/geometry/src/sampling/arc_length.rs	crates/geometry/src/sampling/arc_length.rs:52:32: replace + with - in sample_arc_length
CaughtMutant	crates/geometry/src/sampling/arc_length.rs	crates/geometry/src/sampling/arc_length.rs:52:32: replace + with * in sample_arc_length
CaughtMutant	crates/geometry/src/sampling/arc_length.rs	crates/geometry/src/sampling/arc_length.rs:52:22: replace + with - in sample_arc_length
CaughtMutant	crates/geometry/src/sampling/arc_length.rs	crates/geometry/src/sampling/arc_length.rs:52:22: replace + with * in sample_arc_length
CaughtMutant	crates/geometry/src/sampling/arc_length.rs	crates/geometry/src/sampling/arc_length.rs:52:17: replace * with + in sample_arc_length
CaughtMutant	crates/geometry/src/sampling/arc_length.rs	crates/geometry/src/sampling/arc_length.rs:52:17: replace * with / in sample_arc_length
CaughtMutant	crates/geometry/src/sampling/arc_length.rs	crates/geometry/src/sampling/arc_length.rs:52:27: replace * with + in sample_arc_length
CaughtMutant	crates/geometry/src/sampling/arc_length.rs	crates/geometry/src/sampling/arc_length.rs:52:27: replace * with / in sample_arc_length
CaughtMutant	crates/geometry/src/sampling/arc_length.rs	crates/geometry/src/sampling/arc_length.rs:52:37: replace * with + in sample_arc_length
CaughtMutant	crates/geometry/src/sampling/arc_length.rs	crates/geometry/src/sampling/arc_length.rs:52:37: replace * with / in sample_arc_length
CaughtMutant	crates/geometry/src/sampling/arc_length.rs	crates/geometry/src/sampling/arc_length.rs:55:41: replace + with - in sample_arc_length
CaughtMutant	crates/geometry/src/sampling/arc_length.rs	crates/geometry/src/sampling/arc_length.rs:55:41: replace + with * in sample_arc_length
CaughtMutant	crates/geometry/src/sampling/arc_length.rs	crates/geometry/src/sampling/arc_length.rs:55:36: replace - with + in sample_arc_length
CaughtMutant	crates/geometry/src/sampling/arc_length.rs	crates/geometry/src/sampling/arc_length.rs:55:36: replace - with / in sample_arc_length
CaughtMutant	crates/geometry/src/sampling/arc_length.rs	crates/geometry/src/sampling/arc_length.rs:66:27: replace == with != in sample_arc_length
CaughtMutant	crates/geometry/src/sampling/arc_length.rs	crates/geometry/src/sampling/arc_length.rs:69:34: replace / with % in sample_arc_length
CaughtMutant	crates/geometry/src/sampling/arc_length.rs	crates/geometry/src/sampling/arc_length.rs:69:34: replace / with * in sample_arc_length
CaughtMutant	crates/geometry/src/sampling/arc_length.rs	crates/geometry/src/sampling/arc_length.rs:69:23: replace * with + in sample_arc_length
CaughtMutant	crates/geometry/src/sampling/arc_length.rs	crates/geometry/src/sampling/arc_length.rs:69:23: replace * with / in sample_arc_length
CaughtMutant	crates/geometry/src/sampling/arc_length.rs	crates/geometry/src/sampling/arc_length.rs:69:39: replace - with + in sample_arc_length
CaughtMutant	crates/geometry/src/sampling/arc_length.rs	crates/geometry/src/sampling/arc_length.rs:69:39: replace - with / in sample_arc_length
CaughtMutant	crates/geometry/src/sampling/arc_length.rs	crates/geometry/src/sampling/arc_length.rs:74:37: replace < with == in sample_arc_length
CaughtMutant	crates/geometry/src/sampling/arc_length.rs	crates/geometry/src/sampling/arc_length.rs:74:37: replace < with > in sample_arc_length
CaughtMutant	crates/geometry/src/sampling/arc_length.rs	crates/geometry/src/sampling/arc_length.rs:79:36: replace + with - in sample_arc_length
CaughtMutant	crates/geometry/src/sampling/arc_length.rs	crates/geometry/src/sampling/arc_length.rs:81:34: replace + with - in sample_arc_length
CaughtMutant	crates/geometry/src/sampling/arc_length.rs	crates/geometry/src/sampling/arc_length.rs:81:34: replace + with * in sample_arc_length
MissedMutant	crates/geometry/src/sampling/arc_length.rs	crates/geometry/src/sampling/arc_length.rs:66:32: replace - with + in sample_arc_length
MissedMutant	crates/geometry/src/sampling/arc_length.rs	crates/geometry/src/sampling/arc_length.rs:66:32: replace - with / in sample_arc_length
MissedMutant	crates/geometry/src/sampling/arc_length.rs	crates/geometry/src/sampling/arc_length.rs:74:37: replace < with <= in sample_arc_length
MissedMutant	crates/geometry/src/sampling/arc_length.rs	crates/geometry/src/sampling/arc_length.rs:76:23: replace - with + in sample_arc_length
MissedMutant	crates/geometry/src/sampling/arc_length.rs	crates/geometry/src/sampling/arc_length.rs:76:23: replace - with / in sample_arc_length
MissedMutant	crates/geometry/src/sampling/arc_length.rs	crates/geometry/src/sampling/arc_length.rs:79:36: replace + with * in sample_arc_length
MissedMutant	crates/geometry/src/sampling/arc_length.rs	crates/geometry/src/sampling/arc_length.rs:85:43: replace < with == in sample_arc_length
MissedMutant	crates/geometry/src/sampling/arc_length.rs	crates/geometry/src/sampling/arc_length.rs:85:43: replace < with > in sample_arc_length
MissedMutant	crates/geometry/src/sampling/arc_length.rs	crates/geometry/src/sampling/arc_length.rs:85:43: replace < with <= in sample_arc_length
MissedMutant	crates/geometry/src/sampling/arc_length.rs	crates/geometry/src/sampling/arc_length.rs:85:31: replace - with + in sample_arc_length
MissedMutant	crates/geometry/src/sampling/arc_length.rs	crates/geometry/src/sampling/arc_length.rs:88:16: replace + with - in sample_arc_length
MissedMutant	crates/geometry/src/sampling/arc_length.rs	crates/geometry/src/sampling/arc_length.rs:85:31: replace - with / in sample_arc_length
MissedMutant	crates/geometry/src/sampling/arc_length.rs	crates/geometry/src/sampling/arc_length.rs:88:16: replace + with * in sample_arc_length
MissedMutant	crates/geometry/src/sampling/arc_length.rs	crates/geometry/src/sampling/arc_length.rs:88:44: replace * with + in sample_arc_length
MissedMutant	crates/geometry/src/sampling/arc_length.rs	crates/geometry/src/sampling/arc_length.rs:88:44: replace * with / in sample_arc_length
MissedMutant	crates/geometry/src/sampling/arc_length.rs	crates/geometry/src/sampling/arc_length.rs:88:32: replace / with % in sample_arc_length
CaughtMutant	crates/geometry/src/sampling/arc_length.rs	crates/geometry/src/sampling/arc_length.rs:95:28: replace == with != in sample_arc_length
MissedMutant	crates/geometry/src/sampling/arc_length.rs	crates/geometry/src/sampling/arc_length.rs:88:32: replace / with * in sample_arc_length
MissedMutant	crates/geometry/src/sampling/arc_length.rs	crates/geometry/src/sampling/arc_length.rs:88:26: replace - with + in sample_arc_length
CaughtMutant	crates/geometry/src/sampling/arc_length.rs	crates/geometry/src/sampling/arc_length.rs:97:21: replace == with != in sample_arc_length
CaughtMutant	crates/geometry/src/sampling/arc_length.rs	crates/geometry/src/sampling/arc_length.rs:97:26: replace - with + in sample_arc_length
CaughtMutant	crates/geometry/src/sampling/arc_length.rs	crates/geometry/src/sampling/arc_length.rs:97:26: replace - with / in sample_arc_length
MissedMutant	crates/geometry/src/sampling/arc_length.rs	crates/geometry/src/sampling/arc_length.rs:88:26: replace - with / in sample_arc_length
CaughtMutant	crates/geometry/src/sampling/arc_length.rs	crates/geometry/src/sampling/arc_length.rs:124:5: replace bisect_arc_length -> f64 with 0.0
MissedMutant	crates/geometry/src/sampling/arc_length.rs	crates/geometry/src/sampling/arc_length.rs:88:38: replace - with + in sample_arc_length
MissedMutant	crates/geometry/src/sampling/arc_length.rs	crates/geometry/src/sampling/arc_length.rs:88:38: replace - with / in sample_arc_length
CaughtMutant	crates/geometry/src/sampling/arc_length.rs	crates/geometry/src/sampling/arc_length.rs:124:5: replace bisect_arc_length -> f64 with 1.0
MissedMutant	crates/geometry/src/sampling/arc_length.rs	crates/geometry/src/sampling/arc_length.rs:88:50: replace - with + in sample_arc_length
CaughtMutant	crates/geometry/src/sampling/arc_length.rs	crates/geometry/src/sampling/arc_length.rs:124:5: replace bisect_arc_length -> f64 with -1.0
CaughtMutant	crates/geometry/src/sampling/arc_length.rs	crates/geometry/src/sampling/arc_length.rs:129:23: replace * with + in bisect_arc_length
CaughtMutant	crates/geometry/src/sampling/arc_length.rs	crates/geometry/src/sampling/arc_length.rs:129:23: replace * with / in bisect_arc_length
CaughtMutant	crates/geometry/src/sampling/arc_length.rs	crates/geometry/src/sampling/arc_length.rs:129:29: replace + with - in bisect_arc_length
CaughtMutant	crates/geometry/src/sampling/arc_length.rs	crates/geometry/src/sampling/arc_length.rs:133:28: replace - with + in bisect_arc_length
CaughtMutant	crates/geometry/src/sampling/arc_length.rs	crates/geometry/src/sampling/arc_length.rs:129:29: replace + with * in bisect_arc_length
CaughtMutant	crates/geometry/src/sampling/arc_length.rs	crates/geometry/src/sampling/arc_length.rs:134:28: replace - with + in bisect_arc_length
CaughtMutant	crates/geometry/src/sampling/arc_length.rs	crates/geometry/src/sampling/arc_length.rs:133:28: replace - with / in bisect_arc_length
MissedMutant	crates/geometry/src/sampling/arc_length.rs	crates/geometry/src/sampling/arc_length.rs:88:50: replace - with / in sample_arc_length
CaughtMutant	crates/geometry/src/sampling/arc_length.rs	crates/geometry/src/sampling/arc_length.rs:134:28: replace - with / in bisect_arc_length
CaughtMutant	crates/geometry/src/sampling/arc_length.rs	crates/geometry/src/sampling/arc_length.rs:135:28: replace - with + in bisect_arc_length
CaughtMutant	crates/geometry/src/sampling/arc_length.rs	crates/geometry/src/sampling/arc_length.rs:135:28: replace - with / in bisect_arc_length
CaughtMutant	crates/geometry/src/sampling/arc_length.rs	crates/geometry/src/sampling/arc_length.rs:136:40: replace + with - in bisect_arc_length
CaughtMutant	crates/geometry/src/sampling/arc_length.rs	crates/geometry/src/sampling/arc_length.rs:136:40: replace + with * in bisect_arc_length
CaughtMutant	crates/geometry/src/sampling/arc_length.rs	crates/geometry/src/sampling/arc_length.rs:136:30: replace + with - in bisect_arc_length
CaughtMutant	crates/geometry/src/sampling/arc_length.rs	crates/geometry/src/sampling/arc_length.rs:136:30: replace + with * in bisect_arc_length
CaughtMutant	crates/geometry/src/sampling/arc_length.rs	crates/geometry/src/sampling/arc_length.rs:136:25: replace * with / in bisect_arc_length
CaughtMutant	crates/geometry/src/sampling/arc_length.rs	crates/geometry/src/sampling/arc_length.rs:136:25: replace * with + in bisect_arc_length
CaughtMutant	crates/geometry/src/sampling/arc_length.rs	crates/geometry/src/sampling/arc_length.rs:136:35: replace * with + in bisect_arc_length
CaughtMutant	crates/geometry/src/sampling/arc_length.rs	crates/geometry/src/sampling/arc_length.rs:136:35: replace * with / in bisect_arc_length
CaughtMutant	crates/geometry/src/sampling/arc_length.rs	crates/geometry/src/sampling/arc_length.rs:136:45: replace * with + in bisect_arc_length
CaughtMutant	crates/geometry/src/sampling/arc_length.rs	crates/geometry/src/sampling/arc_length.rs:136:45: replace * with / in bisect_arc_length
CaughtMutant	crates/geometry/src/sampling/arc_length.rs	crates/geometry/src/sampling/arc_length.rs:137:36: replace + with - in bisect_arc_length
CaughtMutant	crates/geometry/src/sampling/arc_length.rs	crates/geometry/src/sampling/arc_length.rs:137:36: replace + with * in bisect_arc_length
CaughtMutant	crates/geometry/src/sampling/arc_length.rs	crates/geometry/src/sampling/arc_length.rs:139:23: replace < with == in bisect_arc_length
CaughtMutant	crates/geometry/src/sampling/arc_length.rs	crates/geometry/src/sampling/arc_length.rs:139:23: replace < with > in bisect_arc_length
CaughtMutant	crates/geometry/src/sampling/arc_length.rs	crates/geometry/src/sampling/arc_length.rs:147:9: replace * with + in bisect_arc_length
CaughtMutant	crates/geometry/src/sampling/arc_length.rs	crates/geometry/src/sampling/arc_length.rs:147:9: replace * with / in bisect_arc_length
CaughtMutant	crates/geometry/src/sampling/arc_length.rs	crates/geometry/src/sampling/arc_length.rs:147:15: replace + with - in bisect_arc_length
CaughtMutant	crates/geometry/src/sampling/arc_length.rs	crates/geometry/src/sampling/arc_length.rs:147:15: replace + with * in bisect_arc_length
CaughtMutant	crates/geometry/src/sampling/curvature.rs	crates/geometry/src/sampling/curvature.rs:15:5: replace curvature_at -> f64 with 0.0
CaughtMutant	crates/geometry/src/sampling/curvature.rs	crates/geometry/src/sampling/curvature.rs:15:5: replace curvature_at -> f64 with 1.0
CaughtMutant	crates/geometry/src/sampling/curvature.rs	crates/geometry/src/sampling/curvature.rs:15:5: replace curvature_at -> f64 with -1.0
CaughtMutant	crates/geometry/src/sampling/curvature.rs	crates/geometry/src/sampling/curvature.rs:16:19: replace < with == in curvature_at
CaughtMutant	crates/geometry/src/sampling/curvature.rs	crates/geometry/src/sampling/curvature.rs:16:19: replace < with <= in curvature_at
CaughtMutant	crates/geometry/src/sampling/curvature.rs	crates/geometry/src/sampling/curvature.rs:22:15: replace < with == in curvature_at
CaughtMutant	crates/geometry/src/sampling/curvature.rs	crates/geometry/src/sampling/curvature.rs:22:15: replace < with > in curvature_at
CaughtMutant	crates/geometry/src/sampling/curvature.rs	crates/geometry/src/sampling/curvature.rs:26:20: replace / with % in curvature_at
CaughtMutant	crates/geometry/src/sampling/curvature.rs	crates/geometry/src/sampling/curvature.rs:26:39: replace * with + in curvature_at
CaughtMutant	crates/geometry/src/sampling/curvature.rs	crates/geometry/src/sampling/curvature.rs:26:39: replace * with / in curvature_at
CaughtMutant	crates/geometry/src/sampling/curvature.rs	crates/geometry/src/sampling/curvature.rs:26:20: replace / with * in curvature_at
CaughtMutant	crates/geometry/src/sampling/curvature.rs	crates/geometry/src/sampling/curvature.rs:26:30: replace * with + in curvature_at
CaughtMutant	crates/geometry/src/sampling/curvature.rs	crates/geometry/src/sampling/curvature.rs:26:30: replace * with / in curvature_at
CaughtMutant	crates/geometry/src/sampling/curvature.rs	crates/geometry/src/sampling/curvature.rs:31:5: replace chord -> f64 with 0.0
CaughtMutant	crates/geometry/src/sampling/curvature.rs	crates/geometry/src/sampling/curvature.rs:31:5: replace chord -> f64 with -1.0
CaughtMutant	crates/geometry/src/sampling/curvature.rs	crates/geometry/src/sampling/curvature.rs:31:5: replace chord -> f64 with 1.0
MissedMutant	crates/geometry/src/sampling/arc_length.rs	crates/geometry/src/sampling/arc_length.rs:139:23: replace < with <= in bisect_arc_length
CaughtMutant	crates/geometry/src/sampling/curvature.rs	crates/geometry/src/sampling/curvature.rs:31:20: replace - with + in chord
CaughtMutant	crates/geometry/src/sampling/curvature.rs	crates/geometry/src/sampling/curvature.rs:33:20: replace - with + in chord
MissedMutant	crates/geometry/src/sampling/curvature.rs	crates/geometry/src/sampling/curvature.rs:16:19: replace < with > in curvature_at
MissedMutant	crates/geometry/src/sampling/curvature.rs	crates/geometry/src/sampling/curvature.rs:22:15: replace < with <= in curvature_at
CaughtMutant	crates/geometry/src/sampling/curvature.rs	crates/geometry/src/sampling/curvature.rs:34:24: replace + with - in chord
CaughtMutant	crates/geometry/src/sampling/curvature.rs	crates/geometry/src/sampling/curvature.rs:34:24: replace + with * in chord
CaughtMutant	crates/geometry/src/sampling/curvature.rs	crates/geometry/src/sampling/curvature.rs:34:14: replace + with * in chord
CaughtMutant	crates/geometry/src/sampling/curvature.rs	crates/geometry/src/sampling/curvature.rs:32:20: replace - with + in chord
CaughtMutant	crates/geometry/src/sampling/curvature.rs	crates/geometry/src/sampling/curvature.rs:31:20: replace - with / in chord
CaughtMutant	crates/geometry/src/sampling/curvature.rs	crates/geometry/src/sampling/curvature.rs:32:20: replace - with / in chord
CaughtMutant	crates/geometry/src/sampling/curvature.rs	crates/geometry/src/sampling/curvature.rs:34:29: replace * with + in chord
CaughtMutant	crates/geometry/src/sampling/curvature.rs	crates/geometry/src/sampling/curvature.rs:53:5: replace subdivide with ()
CaughtMutant	crates/geometry/src/sampling/curvature.rs	crates/geometry/src/sampling/curvature.rs:34:19: replace * with + in chord
CaughtMutant	crates/geometry/src/sampling/curvature.rs	crates/geometry/src/sampling/curvature.rs:34:9: replace * with + in chord
CaughtMutant	crates/geometry/src/sampling/curvature.rs	crates/geometry/src/sampling/curvature.rs:60:19: replace * with + in subdivide
CaughtMutant	crates/geometry/src/sampling/curvature.rs	crates/geometry/src/sampling/curvature.rs:34:14: replace + with - in chord
CaughtMutant	crates/geometry/src/sampling/curvature.rs	crates/geometry/src/sampling/curvature.rs:34:9: replace * with / in chord
CaughtMutant	crates/geometry/src/sampling/curvature.rs	crates/geometry/src/sampling/curvature.rs:60:26: replace + with - in subdivide
CaughtMutant	crates/geometry/src/sampling/curvature.rs	crates/geometry/src/sampling/curvature.rs:60:26: replace + with * in subdivide
CaughtMutant	crates/geometry/src/sampling/curvature.rs	crates/geometry/src/sampling/curvature.rs:34:19: replace * with / in chord
CaughtMutant	crates/geometry/src/sampling/curvature.rs	crates/geometry/src/sampling/curvature.rs:62:40: replace + with - in subdivide
CaughtMutant	crates/geometry/src/sampling/curvature.rs	crates/geometry/src/sampling/curvature.rs:62:40: replace + with * in subdivide
CaughtMutant	crates/geometry/src/sampling/curvature.rs	crates/geometry/src/sampling/curvature.rs:33:20: replace - with / in chord
CaughtMutant	crates/geometry/src/sampling/curvature.rs	crates/geometry/src/sampling/curvature.rs:74:59: replace + with - in subdivide
CaughtMutant	crates/geometry/src/sampling/curvature.rs	crates/geometry/src/sampling/curvature.rs:60:19: replace * with / in subdivide
CaughtMutant	crates/geometry/src/sampling/curvature.rs	crates/geometry/src/sampling/curvature.rs:74:59: replace + with * in subdivide
CaughtMutant	crates/geometry/src/sampling/curvature.rs	crates/geometry/src/sampling/curvature.rs:76:59: replace + with * in subdivide
Unviable	crates/geometry/src/sampling/curvature.rs	crates/geometry/src/sampling/curvature.rs:93:5: replace sample_curvature -> Vec<(f64, Point3)> with vec![(0.0, Default::default())]
CaughtMutant	crates/geometry/src/sampling/curvature.rs	crates/geometry/src/sampling/curvature.rs:93:5: replace sample_curvature -> Vec<(f64, Point3)> with vec![]
CaughtMutant	crates/geometry/src/sampling/curvature.rs	crates/geometry/src/sampling/curvature.rs:34:29: replace * with / in chord
CaughtMutant	crates/geometry/src/sampling/curvature.rs	crates/geometry/src/sampling/curvature.rs:76:59: replace + with - in subdivide
Unviable	crates/geometry/src/sampling/curvature.rs	crates/geometry/src/sampling/curvature.rs:93:5: replace sample_curvature -> Vec<(f64, Point3)> with vec![(1.0, Default::default())]
Unviable	crates/geometry/src/sampling/curvature.rs	crates/geometry/src/sampling/curvature.rs:93:5: replace sample_curvature -> Vec<(f64, Point3)> with vec![(-1.0, Default::default())]
CaughtMutant	crates/geometry/src/sampling/curvature.rs	crates/geometry/src/sampling/curvature.rs:69:33: replace <= with > in subdivide
CaughtMutant	crates/geometry/src/sampling/curvature.rs	crates/geometry/src/sampling/curvature.rs:69:18: replace * with + in subdivide
CaughtMutant	crates/geometry/src/sampling/curvature.rs	crates/geometry/src/sampling/curvature.rs:69:18: replace * with / in subdivide
Unviable	crates/geometry/src/sampling/deflection.rs	crates/geometry/src/sampling/deflection.rs:14:22: replace - with + in chord_deviation
Unviable	crates/geometry/src/sampling/deflection.rs	crates/geometry/src/sampling/deflection.rs:14:22: replace - with / in chord_deviation
CaughtMutant	crates/geometry/src/sampling/deflection.rs	crates/geometry/src/sampling/deflection.rs:14:5: replace chord_deviation -> f64 with 0.0
CaughtMutant	crates/geometry/src/sampling/deflection.rs	crates/geometry/src/sampling/deflection.rs:14:5: replace chord_deviation -> f64 with 1.0
CaughtMutant	crates/geometry/src/sampling/deflection.rs	crates/geometry/src/sampling/deflection.rs:14:5: replace chord_deviation -> f64 with -1.0
Unviable	crates/geometry/src/sampling/deflection.rs	crates/geometry/src/sampling/deflection.rs:19:22: replace - with + in chord_deviation
CaughtMutant	crates/geometry/src/sampling/deflection.rs	crates/geometry/src/sampling/deflection.rs:16:15: replace < with == in chord_deviation
CaughtMutant	crates/geometry/src/sampling/curvature.rs	crates/geometry/src/sampling/curvature.rs:99:18: replace > with < in sample_curvature
Unviable	crates/geometry/src/sampling/deflection.rs	crates/geometry/src/sampling/deflection.rs:19:22: replace - with / in chord_deviation
CaughtMutant	crates/geometry/src/sampling/deflection.rs	crates/geometry/src/sampling/deflection.rs:16:15: replace < with > in chord_deviation
CaughtMutant	crates/geometry/src/sampling/curvature.rs	crates/geometry/src/sampling/curvature.rs:99:18: replace > with == in sample_curvature
CaughtMutant	crates/geometry/src/sampling/curvature.rs	crates/geometry/src/sampling/curvature.rs:99:18: replace > with >= in sample_curvature
CaughtMutant	crates/geometry/src/sampling/deflection.rs	crates/geometry/src/sampling/deflection.rs:20:27: replace / with % in chord_deviation
CaughtMutant	crates/geometry/src/sampling/deflection.rs	crates/geometry/src/sampling/deflection.rs:40:5: replace subdivide with ()
CaughtMutant	crates/geometry/src/sampling/deflection.rs	crates/geometry/src/sampling/deflection.rs:40:14: replace >= with < in subdivide
CaughtMutant	crates/geometry/src/sampling/deflection.rs	crates/geometry/src/sampling/deflection.rs:20:27: replace / with * in chord_deviation
CaughtMutant	crates/geometry/src/sampling/deflection.rs	crates/geometry/src/sampling/deflection.rs:43:19: replace * with + in subdivide
CaughtMutant	crates/geometry/src/sampling/deflection.rs	crates/geometry/src/sampling/deflection.rs:43:19: replace * with / in subdivide
CaughtMutant	crates/geometry/src/sampling/deflection.rs	crates/geometry/src/sampling/deflection.rs:43:26: replace + with - in subdivide
CaughtMutant	crates/geometry/src/sampling/deflection.rs	crates/geometry/src/sampling/deflection.rs:43:26: replace + with * in subdivide
CaughtMutant	crates/geometry/src/sampling/deflection.rs	crates/geometry/src/sampling/deflection.rs:46:39: replace <= with > in subdivide
Unviable	crates/geometry/src/sampling/deflection.rs	crates/geometry/src/sampling/deflection.rs:71:5: replace sample_deflection -> Vec<(f64, Point3)> with vec![(0.0, Default::default())]
CaughtMutant	crates/geometry/src/sampling/deflection.rs	crates/geometry/src/sampling/deflection.rs:51:64: replace + with - in subdivide
Unviable	crates/geometry/src/sampling/deflection.rs	crates/geometry/src/sampling/deflection.rs:71:5: replace sample_deflection -> Vec<(f64, Point3)> with vec![(1.0, Default::default())]
Unviable	crates/geometry/src/sampling/deflection.rs	crates/geometry/src/sampling/deflection.rs:71:5: replace sample_deflection -> Vec<(f64, Point3)> with vec![(-1.0, Default::default())]
CaughtMutant	crates/geometry/src/sampling/deflection.rs	crates/geometry/src/sampling/deflection.rs:51:64: replace + with * in subdivide
CaughtMutant	crates/geometry/src/sampling/deflection.rs	crates/geometry/src/sampling/deflection.rs:53:64: replace + with - in subdivide
CaughtMutant	crates/geometry/src/sampling/deflection.rs	crates/geometry/src/sampling/deflection.rs:53:64: replace + with * in subdivide
CaughtMutant	crates/geometry/src/sampling/deflection.rs	crates/geometry/src/sampling/deflection.rs:71:5: replace sample_deflection -> Vec<(f64, Point3)> with vec![]
Unviable	crates/geometry/src/sampling/surface.rs	crates/geometry/src/sampling/surface.rs:25:5: replace surface_grid -> Vec<Vec<Point3>> with vec![vec![Default::default()]]
CaughtMutant	crates/geometry/src/sampling/deflection.rs	crates/geometry/src/sampling/deflection.rs:77:23: replace > with == in sample_deflection
CaughtMutant	crates/geometry/src/sampling/deflection.rs	crates/geometry/src/sampling/deflection.rs:77:23: replace > with < in sample_deflection
MissedMutant	crates/geometry/src/sampling/deflection.rs	crates/geometry/src/sampling/deflection.rs:16:15: replace < with <= in chord_deviation
CaughtMutant	crates/geometry/src/sampling/deflection.rs	crates/geometry/src/sampling/deflection.rs:77:23: replace > with >= in sample_deflection
CaughtMutant	crates/geometry/src/sampling/surface.rs	crates/geometry/src/sampling/surface.rs:25:5: replace surface_grid -> Vec<Vec<Point3>> with vec![]
CaughtMutant	crates/geometry/src/sampling/surface.rs	crates/geometry/src/sampling/surface.rs:25:5: replace surface_grid -> Vec<Vec<Point3>> with vec![vec![]]
CaughtMutant	crates/geometry/src/sampling/surface.rs	crates/geometry/src/sampling/surface.rs:25:16: replace || with && in surface_grid
CaughtMutant	crates/geometry/src/sampling/surface.rs	crates/geometry/src/sampling/surface.rs:25:11: replace == with != in surface_grid
CaughtMutant	crates/geometry/src/sampling/surface.rs	crates/geometry/src/sampling/surface.rs:25:22: replace == with != in surface_grid
CaughtMutant	crates/geometry/src/sampling/surface.rs	crates/geometry/src/sampling/surface.rs:33:25: replace == with != in surface_grid
CaughtMutant	crates/geometry/src/sampling/surface.rs	crates/geometry/src/sampling/surface.rs:31:27: replace == with != in surface_grid
CaughtMutant	crates/geometry/src/sampling/surface.rs	crates/geometry/src/sampling/surface.rs:33:31: replace - with + in surface_grid
CaughtMutant	crates/geometry/src/sampling/surface.rs	crates/geometry/src/sampling/surface.rs:33:31: replace - with / in surface_grid
CaughtMutant	crates/geometry/src/sampling/surface.rs	crates/geometry/src/sampling/surface.rs:36:27: replace + with - in surface_grid
CaughtMutant	crates/geometry/src/sampling/surface.rs	crates/geometry/src/sampling/surface.rs:36:27: replace + with * in surface_grid
CaughtMutant	crates/geometry/src/sampling/surface.rs	crates/geometry/src/sampling/surface.rs:36:64: replace / with % in surface_grid
Timeout	crates/geometry/src/sampling/curvature.rs	crates/geometry/src/sampling/curvature.rs:53:14: replace >= with < in subdivide
CaughtMutant	crates/geometry/src/sampling/surface.rs	crates/geometry/src/sampling/surface.rs:36:64: replace / with * in surface_grid
CaughtMutant	crates/geometry/src/sampling/surface.rs	crates/geometry/src/sampling/surface.rs:36:38: replace * with + in surface_grid
CaughtMutant	crates/geometry/src/sampling/surface.rs	crates/geometry/src/sampling/surface.rs:36:38: replace * with / in surface_grid
CaughtMutant	crates/geometry/src/sampling/surface.rs	crates/geometry/src/sampling/surface.rs:36:51: replace - with + in surface_grid
CaughtMutant	crates/geometry/src/sampling/surface.rs	crates/geometry/src/sampling/surface.rs:36:51: replace - with / in surface_grid
CaughtMutant	crates/geometry/src/sampling/surface.rs	crates/geometry/src/sampling/surface.rs:36:70: replace - with + in surface_grid
CaughtMutant	crates/geometry/src/sampling/surface.rs	crates/geometry/src/sampling/surface.rs:36:70: replace - with / in surface_grid
CaughtMutant	crates/geometry/src/sampling/surface.rs	crates/geometry/src/sampling/surface.rs:41:35: replace == with != in surface_grid
CaughtMutant	crates/geometry/src/sampling/surface.rs	crates/geometry/src/sampling/surface.rs:43:33: replace == with != in surface_grid
CaughtMutant	crates/geometry/src/sampling/surface.rs	crates/geometry/src/sampling/surface.rs:43:39: replace - with + in surface_grid
CaughtMutant	crates/geometry/src/sampling/surface.rs	crates/geometry/src/sampling/surface.rs:43:39: replace - with / in surface_grid
CaughtMutant	crates/geometry/src/sampling/surface.rs	crates/geometry/src/sampling/surface.rs:46:35: replace + with - in surface_grid
CaughtMutant	crates/geometry/src/sampling/surface.rs	crates/geometry/src/sampling/surface.rs:46:35: replace + with * in surface_grid
CaughtMutant	crates/geometry/src/sampling/surface.rs	crates/geometry/src/sampling/surface.rs:46:72: replace / with % in surface_grid
CaughtMutant	crates/geometry/src/sampling/surface.rs	crates/geometry/src/sampling/surface.rs:46:72: replace / with * in surface_grid
Unviable	crates/geometry/src/sampling/uniform.rs	crates/geometry/src/sampling/uniform.rs:18:5: replace sample_uniform -> Vec<Point3> with vec![Default::default()]
CaughtMutant	crates/geometry/src/sampling/surface.rs	crates/geometry/src/sampling/surface.rs:46:46: replace * with + in surface_grid
Unviable	crates/geometry/src/sampling/uniform.rs	crates/geometry/src/sampling/uniform.rs:36:5: replace sample_uniform_with_params -> Vec<(f64, Point3)> with vec![(0.0, Default::default())]
Unviable	crates/geometry/src/sampling/uniform.rs	crates/geometry/src/sampling/uniform.rs:36:5: replace sample_uniform_with_params -> Vec<(f64, Point3)> with vec![(1.0, Default::default())]
CaughtMutant	crates/geometry/src/sampling/surface.rs	crates/geometry/src/sampling/surface.rs:46:46: replace * with / in surface_grid
Unviable	crates/geometry/src/sampling/uniform.rs	crates/geometry/src/sampling/uniform.rs:36:5: replace sample_uniform_with_params -> Vec<(f64, Point3)> with vec![(-1.0, Default::default())]
CaughtMutant	crates/geometry/src/sampling/surface.rs	crates/geometry/src/sampling/surface.rs:46:59: replace - with + in surface_grid
CaughtMutant	crates/geometry/src/sampling/surface.rs	crates/geometry/src/sampling/surface.rs:46:59: replace - with / in surface_grid
CaughtMutant	crates/geometry/src/sampling/surface.rs	crates/geometry/src/sampling/surface.rs:46:78: replace - with + in surface_grid
CaughtMutant	crates/geometry/src/sampling/surface.rs	crates/geometry/src/sampling/surface.rs:46:78: replace - with / in surface_grid
CaughtMutant	crates/geometry/src/sampling/uniform.rs	crates/geometry/src/sampling/uniform.rs:18:5: replace sample_uniform -> Vec<Point3> with vec![]
CaughtMutant	crates/geometry/src/sampling/uniform.rs	crates/geometry/src/sampling/uniform.rs:36:5: replace sample_uniform_with_params -> Vec<(f64, Point3)> with vec![]
CaughtMutant	crates/geometry/src/sampling/uniform.rs	crates/geometry/src/sampling/uniform.rs:36:10: replace == with != in sample_uniform_with_params
CaughtMutant	crates/geometry/src/sampling/uniform.rs	crates/geometry/src/sampling/uniform.rs:39:10: replace == with != in sample_uniform_with_params
CaughtMutant	crates/geometry/src/sampling/uniform.rs	crates/geometry/src/sampling/uniform.rs:42:34: replace / with % in sample_uniform_with_params
CaughtMutant	crates/geometry/src/sampling/uniform.rs	crates/geometry/src/sampling/uniform.rs:42:34: replace / with * in sample_uniform_with_params
CaughtMutant	crates/geometry/src/sampling/uniform.rs	crates/geometry/src/sampling/uniform.rs:42:23: replace - with + in sample_uniform_with_params
CaughtMutant	crates/geometry/src/sampling/uniform.rs	crates/geometry/src/sampling/uniform.rs:42:23: replace - with / in sample_uniform_with_params
CaughtMutant	crates/geometry/src/sampling/uniform.rs	crates/geometry/src/sampling/uniform.rs:42:39: replace - with + in sample_uniform_with_params
CaughtMutant	crates/geometry/src/sampling/uniform.rs	crates/geometry/src/sampling/uniform.rs:42:39: replace - with / in sample_uniform_with_params
CaughtMutant	crates/geometry/src/sampling/uniform.rs	crates/geometry/src/sampling/uniform.rs:45:26: replace == with != in sample_uniform_with_params
CaughtMutant	crates/geometry/src/sampling/uniform.rs	crates/geometry/src/sampling/uniform.rs:45:31: replace - with + in sample_uniform_with_params
CaughtMutant	crates/geometry/src/sampling/uniform.rs	crates/geometry/src/sampling/uniform.rs:45:31: replace - with / in sample_uniform_with_params
CaughtMutant	crates/geometry/src/sampling/uniform.rs	crates/geometry/src/sampling/uniform.rs:48:25: replace + with - in sample_uniform_with_params
CaughtMutant	crates/geometry/src/sampling/uniform.rs	crates/geometry/src/sampling/uniform.rs:48:25: replace + with * in sample_uniform_with_params
CaughtMutant	crates/geometry/src/sampling/uniform.rs	crates/geometry/src/sampling/uniform.rs:48:36: replace * with + in sample_uniform_with_params
CaughtMutant	crates/geometry/src/sampling/uniform.rs	crates/geometry/src/sampling/uniform.rs:48:36: replace * with / in sample_uniform_with_params
