Unviable	crates/topology/src/lib.rs	crates/topology/src/lib.rs:354:9: replace <impl remus_math::diagnostic::ToDiagnostic for TopologyError>::diagnostic -> remus_math::diagnostic::Diagnostic with Default::default()
Unviable	crates/topology/src/adjacency.rs	crates/topology/src/adjacency.rs:49:9: replace AdjacencyIndex::build -> Result<Self, TopologyError> with Ok(Default::default())
Unviable	crates/topology/src/adjacency.rs	crates/topology/src/adjacency.rs:63:9: replace AdjacencyIndex::build_from_faces -> Result<Self, TopologyError> with Ok(Default::default())
MissedMutant	crates/topology/src/adjacency.rs	crates/topology/src/adjacency.rs:93:17: delete match arm 1 in AdjacencyIndex::build_from_faces
Unviable	crates/topology/src/adjacency.rs	crates/topology/src/adjacency.rs:123:9: replace AdjacencyIndex::faces_for_edge -> &[FaceId] with Vec::leak(vec![Default::default()])
MissedMutant	crates/topology/src/adjacency.rs	crates/topology/src/adjacency.rs:94:17: delete match arm 2 in AdjacencyIndex::build_from_faces
MissedMutant	crates/topology/src/adjacency.rs	crates/topology/src/adjacency.rs:123:9: replace AdjacencyIndex::faces_for_edge -> &[FaceId] with Vec::leak(Vec::new())
MissedMutant	crates/topology/src/adjacency.rs	crates/topology/src/adjacency.rs:92:17: delete match arm 0 in AdjacencyIndex::build_from_faces
Unviable	crates/topology/src/adjacency.rs	crates/topology/src/adjacency.rs:131:9: replace AdjacencyIndex::neighbors_of_face -> &[FaceId] with Vec::leak(vec![Default::default()])
MissedMutant	crates/topology/src/adjacency.rs	crates/topology/src/adjacency.rs:131:9: replace AdjacencyIndex::neighbors_of_face -> &[FaceId] with Vec::leak(Vec::new())
MissedMutant	crates/topology/src/adjacency.rs	crates/topology/src/adjacency.rs:140:9: replace AdjacencyIndex::is_manifold -> bool with true
CaughtMutant	crates/topology/src/adjacency.rs	crates/topology/src/adjacency.rs:140:9: replace AdjacencyIndex::is_manifold -> bool with false
MissedMutant	crates/topology/src/adjacency.rs	crates/topology/src/adjacency.rs:140:44: replace && with || in AdjacencyIndex::is_manifold
MissedMutant	crates/topology/src/adjacency.rs	crates/topology/src/adjacency.rs:146:9: replace AdjacencyIndex::non_manifold_edges -> &[EdgeId] with Vec::leak(Vec::new())
Unviable	crates/topology/src/adjacency.rs	crates/topology/src/adjacency.rs:146:9: replace AdjacencyIndex::non_manifold_edges -> &[EdgeId] with Vec::leak(vec![Default::default()])
Unviable	crates/topology/src/adjacency.rs	crates/topology/src/adjacency.rs:152:9: replace AdjacencyIndex::boundary_edges -> &[EdgeId] with Vec::leak(vec![Default::default()])
MissedMutant	crates/topology/src/adjacency.rs	crates/topology/src/adjacency.rs:152:9: replace AdjacencyIndex::boundary_edges -> &[EdgeId] with Vec::leak(Vec::new())
Unviable	crates/topology/src/adjacency.rs	crates/topology/src/adjacency.rs:158:9: replace AdjacencyIndex::edge_faces -> Option<&[FaceId]> with Some(Vec::leak(vec![Default::default()]))
MissedMutant	crates/topology/src/adjacency.rs	crates/topology/src/adjacency.rs:158:9: replace AdjacencyIndex::edge_faces -> Option<&[FaceId]> with Some(Vec::leak(Vec::new()))
MissedMutant	crates/topology/src/adjacency.rs	crates/topology/src/adjacency.rs:158:9: replace AdjacencyIndex::edge_faces -> Option<&[FaceId]> with None
Unviable	crates/topology/src/adjacency.rs	crates/topology/src/adjacency.rs:169:9: replace AdjacencyIndex::edge_faces_iter -> impl Iterator<Item =(EdgeId, &[FaceId])> with ::std::iter::once((Default::default(), Vec::leak(Vec::new())))
MissedMutant	crates/topology/src/adjacency.rs	crates/topology/src/adjacency.rs:164:9: replace AdjacencyIndex::edge_count -> usize with 0
CaughtMutant	crates/topology/src/adjacency.rs	crates/topology/src/adjacency.rs:164:9: replace AdjacencyIndex::edge_count -> usize with 1
Unviable	crates/topology/src/adjacency.rs	crates/topology/src/adjacency.rs:169:9: replace AdjacencyIndex::edge_faces_iter -> impl Iterator<Item =(EdgeId, &[FaceId])> with ::std::iter::once((Default::default(), Vec::leak(vec![Default::default()])))
MissedMutant	crates/topology/src/adjacency.rs	crates/topology/src/adjacency.rs:169:9: replace AdjacencyIndex::edge_faces_iter -> impl Iterator<Item =(EdgeId, &[FaceId])> with ::std::iter::empty()
Unviable	crates/topology/src/arena.rs	crates/topology/src/arena.rs:27:9: replace <impl Clone for Id<T>>::clone -> Self with Default::default()
MissedMutant	crates/topology/src/arena.rs	crates/topology/src/arena.rs:21:9: replace <impl std::fmt::Debug for Id<T>>::fmt -> std::fmt::Result with Ok(Default::default())
CaughtMutant	crates/topology/src/arena.rs	crates/topology/src/arena.rs:35:9: replace <impl PartialEq for Id<T>>::eq -> bool with true
CaughtMutant	crates/topology/src/arena.rs	crates/topology/src/arena.rs:35:9: replace <impl PartialEq for Id<T>>::eq -> bool with false
CaughtMutant	crates/topology/src/arena.rs	crates/topology/src/arena.rs:35:20: replace == with != in <impl PartialEq for Id<T>>::eq
Unviable	crates/topology/src/arena.rs	crates/topology/src/arena.rs:43:9: replace <impl PartialOrd for Id<T>>::partial_cmp -> Option<std::cmp::Ordering> with Some(Default::default())
Unviable	crates/topology/src/arena.rs	crates/topology/src/arena.rs:49:9: replace <impl Ord for Id<T>>::cmp -> std::cmp::Ordering with Default::default()
MissedMutant	crates/topology/src/arena.rs	crates/topology/src/arena.rs:43:9: replace <impl PartialOrd for Id<T>>::partial_cmp -> Option<std::cmp::Ordering> with None
MissedMutant	crates/topology/src/arena.rs	crates/topology/src/arena.rs:55:9: replace <impl std::hash::Hash for Id<T>>::hash with ()
CaughtMutant	crates/topology/src/arena.rs	crates/topology/src/arena.rs:63:9: replace Id<T>::index -> usize with 0
CaughtMutant	crates/topology/src/arena.rs	crates/topology/src/arena.rs:63:9: replace Id<T>::index -> usize with 1
MissedMutant	crates/topology/src/arena.rs	crates/topology/src/arena.rs:102:9: replace Arena<T>::with_capacity -> Self with Default::default()
CaughtMutant	crates/topology/src/arena.rs	crates/topology/src/arena.rs:127:9: replace Arena<T>::reserve with ()
CaughtMutant	crates/topology/src/arena.rs	crates/topology/src/arena.rs:128:53: replace - with + in Arena<T>::reserve
CaughtMutant	crates/topology/src/arena.rs	crates/topology/src/arena.rs:128:53: replace - with / in Arena<T>::reserve
MissedMutant	crates/topology/src/arena.rs	crates/topology/src/arena.rs:129:51: replace - with + in Arena<T>::reserve
CaughtMutant	crates/topology/src/arena.rs	crates/topology/src/arena.rs:129:51: replace - with / in Arena<T>::reserve
CaughtMutant	crates/topology/src/arena.rs	crates/topology/src/arena.rs:130:42: replace && with || in Arena<T>::reserve
CaughtMutant	crates/topology/src/arena.rs	crates/topology/src/arena.rs:130:28: replace >= with < in Arena<T>::reserve
Unviable	crates/topology/src/arena.rs	crates/topology/src/arena.rs:140:9: replace Arena<T>::alloc -> Id<T> with Id::new()
MissedMutant	crates/topology/src/arena.rs	crates/topology/src/arena.rs:130:60: replace >= with < in Arena<T>::reserve
Unviable	crates/topology/src/arena.rs	crates/topology/src/arena.rs:140:9: replace Arena<T>::alloc -> Id<T> with Id::from_iter([Default::default()])
CaughtMutant	crates/topology/src/arena.rs	crates/topology/src/arena.rs:133:41: replace / with * in Arena<T>::reserve
CaughtMutant	crates/topology/src/arena.rs	crates/topology/src/arena.rs:133:41: replace / with % in Arena<T>::reserve
Unviable	crates/topology/src/arena.rs	crates/topology/src/arena.rs:140:9: replace Arena<T>::alloc -> Id<T> with Id::new(Default::default())
Unviable	crates/topology/src/arena.rs	crates/topology/src/arena.rs:140:9: replace Arena<T>::alloc -> Id<T> with Id::from(Default::default())
CaughtMutant	crates/topology/src/arena.rs	crates/topology/src/arena.rs:143:23: replace += with -= in Arena<T>::alloc
CaughtMutant	crates/topology/src/arena.rs	crates/topology/src/arena.rs:157:9: replace Arena<T>::retire -> bool with true
CaughtMutant	crates/topology/src/arena.rs	crates/topology/src/arena.rs:143:23: replace += with *= in Arena<T>::alloc
CaughtMutant	crates/topology/src/arena.rs	crates/topology/src/arena.rs:157:9: replace Arena<T>::retire -> bool with false
CaughtMutant	crates/topology/src/arena.rs	crates/topology/src/arena.rs:160:12: delete ! in Arena<T>::retire
CaughtMutant	crates/topology/src/arena.rs	crates/topology/src/arena.rs:164:23: replace -= with += in Arena<T>::retire
CaughtMutant	crates/topology/src/arena.rs	crates/topology/src/arena.rs:164:23: replace -= with /= in Arena<T>::retire
Unviable	crates/topology/src/arena.rs	crates/topology/src/arena.rs:172:9: replace Arena<T>::get -> Option<&T> with Some(Box::leak(Box::new(Default::default())))
Unviable	crates/topology/src/arena.rs	crates/topology/src/arena.rs:183:9: replace Arena<T>::get_mut -> Option<&mut T> with Some(Box::leak(Box::new(Default::default())))
CaughtMutant	crates/topology/src/arena.rs	crates/topology/src/arena.rs:172:9: replace Arena<T>::get -> Option<&T> with None
CaughtMutant	crates/topology/src/arena.rs	crates/topology/src/arena.rs:183:9: replace Arena<T>::get_mut -> Option<&mut T> with None
CaughtMutant	crates/topology/src/arena.rs	crates/topology/src/arena.rs:193:9: replace Arena<T>::len -> usize with 0
CaughtMutant	crates/topology/src/arena.rs	crates/topology/src/arena.rs:193:9: replace Arena<T>::len -> usize with 1
MissedMutant	crates/topology/src/arena.rs	crates/topology/src/arena.rs:197:9: replace Arena<T>::slot_len -> usize with 0
CaughtMutant	crates/topology/src/arena.rs	crates/topology/src/arena.rs:203:9: replace Arena<T>::is_empty -> bool with true
MissedMutant	crates/topology/src/arena.rs	crates/topology/src/arena.rs:197:9: replace Arena<T>::slot_len -> usize with 1
CaughtMutant	crates/topology/src/arena.rs	crates/topology/src/arena.rs:203:9: replace Arena<T>::is_empty -> bool with false
Unviable	crates/topology/src/arena.rs	crates/topology/src/arena.rs:208:9: replace Arena<T>::iter -> impl Iterator<Item =(Id<T>, &T)> with ::std::iter::once((Id::from_iter([Default::default()]), Box::leak(Box::new(Default::default()))))
Unviable	crates/topology/src/arena.rs	crates/topology/src/arena.rs:208:9: replace Arena<T>::iter -> impl Iterator<Item =(Id<T>, &T)> with ::std::iter::once((Id::new(), Box::leak(Box::new(Default::default()))))
CaughtMutant	crates/topology/src/arena.rs	crates/topology/src/arena.rs:203:23: replace == with != in Arena<T>::is_empty
Unviable	crates/topology/src/arena.rs	crates/topology/src/arena.rs:208:9: replace Arena<T>::iter -> impl Iterator<Item =(Id<T>, &T)> with ::std::iter::once((Id::new(Default::default()), Box::leak(Box::new(Default::default()))))
Unviable	crates/topology/src/arena.rs	crates/topology/src/arena.rs:208:9: replace Arena<T>::iter -> impl Iterator<Item =(Id<T>, &T)> with ::std::iter::once((Id::from(Default::default()), Box::leak(Box::new(Default::default()))))
CaughtMutant	crates/topology/src/arena.rs	crates/topology/src/arena.rs:208:9: replace Arena<T>::iter -> impl Iterator<Item =(Id<T>, &T)> with ::std::iter::empty()
Unviable	crates/topology/src/arena.rs	crates/topology/src/arena.rs:230:9: replace Arena<T>::id_from_index -> Option<Id<T>> with Some(Id::new())
Unviable	crates/topology/src/arena.rs	crates/topology/src/arena.rs:230:9: replace Arena<T>::id_from_index -> Option<Id<T>> with Some(Id::from_iter([Default::default()]))
Unviable	crates/topology/src/arena.rs	crates/topology/src/arena.rs:230:9: replace Arena<T>::id_from_index -> Option<Id<T>> with Some(Id::new(Default::default()))
CaughtMutant	crates/topology/src/arena.rs	crates/topology/src/arena.rs:230:9: replace Arena<T>::id_from_index -> Option<Id<T>> with None
Unviable	crates/topology/src/arena.rs	crates/topology/src/arena.rs:242:9: replace Arena<T>::iter_mut -> impl Iterator<Item =(Id<T>, &mut T)> with ::std::iter::once((Id::new(), Box::leak(Box::new(Default::default()))))
Unviable	crates/topology/src/arena.rs	crates/topology/src/arena.rs:230:9: replace Arena<T>::id_from_index -> Option<Id<T>> with Some(Id::from(Default::default()))
Unviable	crates/topology/src/arena.rs	crates/topology/src/arena.rs:242:9: replace Arena<T>::iter_mut -> impl Iterator<Item =(Id<T>, &mut T)> with ::std::iter::once((Id::from_iter([Default::default()]), Box::leak(Box::new(Default::default()))))
Unviable	crates/topology/src/arena.rs	crates/topology/src/arena.rs:242:9: replace Arena<T>::iter_mut -> impl Iterator<Item =(Id<T>, &mut T)> with ::std::iter::once((Id::from(Default::default()), Box::leak(Box::new(Default::default()))))
Unviable	crates/topology/src/arena.rs	crates/topology/src/arena.rs:242:9: replace Arena<T>::iter_mut -> impl Iterator<Item =(Id<T>, &mut T)> with ::std::iter::once((Id::new(Default::default()), Box::leak(Box::new(Default::default()))))
MissedMutant	crates/topology/src/arena.rs	crates/topology/src/arena.rs:242:9: replace Arena<T>::iter_mut -> impl Iterator<Item =(Id<T>, &mut T)> with ::std::iter::empty()
CaughtMutant	crates/topology/src/arena.rs	crates/topology/src/arena.rs:273:9: replace Arena<T>::restore_preserving_slots with ()
CaughtMutant	crates/topology/src/arena.rs	crates/topology/src/arena.rs:280:28: replace &= with |= in Arena<T>::restore_preserving_slots
CaughtMutant	crates/topology/src/arena.rs	crates/topology/src/arena.rs:283:27: replace > with == in Arena<T>::restore_preserving_slots
CaughtMutant	crates/topology/src/arena.rs	crates/topology/src/arena.rs:283:27: replace > with < in Arena<T>::restore_preserving_slots
MissedMutant	crates/topology/src/arena.rs	crates/topology/src/arena.rs:283:27: replace > with >= in Arena<T>::restore_preserving_slots
CaughtMutant	crates/topology/src/arena.rs	crates/topology/src/arena.rs:302:9: replace Arena<T>::restore_for_rollback with ()
CaughtMutant	crates/topology/src/arena.rs	crates/topology/src/arena.rs:308:27: replace > with == in Arena<T>::restore_for_rollback
CaughtMutant	crates/topology/src/arena.rs	crates/topology/src/arena.rs:308:27: replace > with < in Arena<T>::restore_for_rollback
MissedMutant	crates/topology/src/arena.rs	crates/topology/src/arena.rs:308:27: replace > with >= in Arena<T>::restore_for_rollback
MissedMutant	crates/topology/src/attributes.rs	crates/topology/src/attributes.rs:53:9: replace ColorRgb::r -> f64 with 0.0
MissedMutant	crates/topology/src/attributes.rs	crates/topology/src/attributes.rs:53:9: replace ColorRgb::r -> f64 with 1.0
MissedMutant	crates/topology/src/attributes.rs	crates/topology/src/attributes.rs:53:9: replace ColorRgb::r -> f64 with -1.0
MissedMutant	crates/topology/src/attributes.rs	crates/topology/src/attributes.rs:59:9: replace ColorRgb::g -> f64 with 0.0
MissedMutant	crates/topology/src/attributes.rs	crates/topology/src/attributes.rs:59:9: replace ColorRgb::g -> f64 with 1.0
MissedMutant	crates/topology/src/attributes.rs	crates/topology/src/attributes.rs:59:9: replace ColorRgb::g -> f64 with -1.0
MissedMutant	crates/topology/src/attributes.rs	crates/topology/src/attributes.rs:65:9: replace ColorRgb::b -> f64 with 0.0
MissedMutant	crates/topology/src/attributes.rs	crates/topology/src/attributes.rs:65:9: replace ColorRgb::b -> f64 with 1.0
MissedMutant	crates/topology/src/attributes.rs	crates/topology/src/attributes.rs:65:9: replace ColorRgb::b -> f64 with -1.0
CaughtMutant	crates/topology/src/attributes.rs	crates/topology/src/attributes.rs:84:9: replace EntityAttributes::is_empty -> bool with true
MissedMutant	crates/topology/src/attributes.rs	crates/topology/src/attributes.rs:84:9: replace EntityAttributes::is_empty -> bool with false
CaughtMutant	crates/topology/src/attributes.rs	crates/topology/src/attributes.rs:84:29: replace && with || in EntityAttributes::is_empty
MissedMutant	crates/topology/src/attributes.rs	crates/topology/src/attributes.rs:105:9: replace AttributeStore::solid -> Option<&EntityAttributes> with None
MissedMutant	crates/topology/src/attributes.rs	crates/topology/src/attributes.rs:105:9: replace AttributeStore::solid -> Option<&EntityAttributes> with Some(Box::leak(Box::new(Default::default())))
CaughtMutant	crates/topology/src/attributes.rs	crates/topology/src/attributes.rs:111:9: replace AttributeStore::face -> Option<&EntityAttributes> with None
CaughtMutant	crates/topology/src/attributes.rs	crates/topology/src/attributes.rs:111:9: replace AttributeStore::face -> Option<&EntityAttributes> with Some(Box::leak(Box::new(Default::default())))
MissedMutant	crates/topology/src/attributes.rs	crates/topology/src/attributes.rs:116:9: replace AttributeStore::set_solid with ()
CaughtMutant	crates/topology/src/attributes.rs	crates/topology/src/attributes.rs:125:9: replace AttributeStore::set_face with ()
MissedMutant	crates/topology/src/attributes.rs	crates/topology/src/attributes.rs:134:9: replace AttributeStore::remove_solid -> Option<EntityAttributes> with None
MissedMutant	crates/topology/src/attributes.rs	crates/topology/src/attributes.rs:134:9: replace AttributeStore::remove_solid -> Option<EntityAttributes> with Some(Default::default())
MissedMutant	crates/topology/src/attributes.rs	crates/topology/src/attributes.rs:139:9: replace AttributeStore::remove_face -> Option<EntityAttributes> with None
MissedMutant	crates/topology/src/attributes.rs	crates/topology/src/attributes.rs:145:9: replace AttributeStore::len -> usize with 0
MissedMutant	crates/topology/src/attributes.rs	crates/topology/src/attributes.rs:139:9: replace AttributeStore::remove_face -> Option<EntityAttributes> with Some(Default::default())
MissedMutant	crates/topology/src/attributes.rs	crates/topology/src/attributes.rs:145:9: replace AttributeStore::len -> usize with 1
MissedMutant	crates/topology/src/attributes.rs	crates/topology/src/attributes.rs:145:27: replace + with - in AttributeStore::len
MissedMutant	crates/topology/src/attributes.rs	crates/topology/src/attributes.rs:145:27: replace + with * in AttributeStore::len
MissedMutant	crates/topology/src/attributes.rs	crates/topology/src/attributes.rs:151:9: replace AttributeStore::is_empty -> bool with true
Unviable	crates/topology/src/attributes.rs	crates/topology/src/attributes.rs:157:9: replace AttributeStore::faces_with_attributes -> Vec<(FaceId, &EntityAttributes)> with vec![(Default::default(), Box::leak(Box::new(Default::default())))]
MissedMutant	crates/topology/src/attributes.rs	crates/topology/src/attributes.rs:151:9: replace AttributeStore::is_empty -> bool with false
MissedMutant	crates/topology/src/attributes.rs	crates/topology/src/attributes.rs:151:32: replace && with || in AttributeStore::is_empty
Unviable	crates/topology/src/attributes.rs	crates/topology/src/attributes.rs:165:9: replace AttributeStore::solids_with_attributes -> Vec<(SolidId, &EntityAttributes)> with vec![(Default::default(), Box::leak(Box::new(Default::default())))]
MissedMutant	crates/topology/src/attributes.rs	crates/topology/src/attributes.rs:157:9: replace AttributeStore::faces_with_attributes -> Vec<(FaceId, &EntityAttributes)> with vec![]
MissedMutant	crates/topology/src/attributes.rs	crates/topology/src/attributes.rs:165:9: replace AttributeStore::solids_with_attributes -> Vec<(SolidId, &EntityAttributes)> with vec![]
MissedMutant	crates/topology/src/attributes.rs	crates/topology/src/attributes.rs:176:36: delete ! in AttributeStore::remove_for_retired_entities
MissedMutant	crates/topology/src/attributes.rs	crates/topology/src/attributes.rs:176:9: replace AttributeStore::remove_for_retired_entities with ()
MissedMutant	crates/topology/src/attributes.rs	crates/topology/src/attributes.rs:177:35: delete ! in AttributeStore::remove_for_retired_entities
Unviable	crates/topology/src/builder.rs	crates/topology/src/builder.rs:33:5: replace make_line_edge -> Result<EdgeId, crate::TopologyError> with Ok(Default::default())
Unviable	crates/topology/src/builder.rs	crates/topology/src/builder.rs:34:13: replace - with + in make_line_edge
Unviable	crates/topology/src/builder.rs	crates/topology/src/builder.rs:34:13: replace - with / in make_line_edge
CaughtMutant	crates/topology/src/builder.rs	crates/topology/src/builder.rs:34:39: replace < with == in make_line_edge
CaughtMutant	crates/topology/src/builder.rs	crates/topology/src/builder.rs:34:39: replace < with > in make_line_edge
MissedMutant	crates/topology/src/builder.rs	crates/topology/src/builder.rs:34:39: replace < with <= in make_line_edge
Unviable	crates/topology/src/builder.rs	crates/topology/src/builder.rs:71:5: replace make_circle_edge_with_ref -> Result<EdgeId, crate::TopologyError> with Ok(Default::default())
MissedMutant	crates/topology/src/builder.rs	crates/topology/src/builder.rs:34:52: replace * with + in make_line_edge
MissedMutant	crates/topology/src/builder.rs	crates/topology/src/builder.rs:34:52: replace * with / in make_line_edge
Unviable	crates/topology/src/builder.rs	crates/topology/src/builder.rs:114:5: replace make_circle_edge -> Result<EdgeId, crate::TopologyError> with Ok(Default::default())
CaughtMutant	crates/topology/src/builder.rs	crates/topology/src/builder.rs:71:8: delete ! in make_circle_edge_with_ref
MissedMutant	crates/topology/src/builder.rs	crates/topology/src/builder.rs:71:31: replace || with && in make_circle_edge_with_ref
CaughtMutant	crates/topology/src/builder.rs	crates/topology/src/builder.rs:83:8: delete ! in make_circle_edge_with_ref
Unviable	crates/topology/src/builder.rs	crates/topology/src/builder.rs:149:5: replace make_ellipse_edge_with_ref -> Result<EdgeId, crate::TopologyError> with Ok(Default::default())
Unviable	crates/topology/src/builder.rs	crates/topology/src/builder.rs:194:5: replace make_ellipse_edge -> Result<EdgeId, crate::TopologyError> with Ok(Default::default())
MissedMutant	crates/topology/src/builder.rs	crates/topology/src/builder.rs:149:31: replace || with && in make_ellipse_edge_with_ref
CaughtMutant	crates/topology/src/builder.rs	crates/topology/src/builder.rs:149:8: delete ! in make_ellipse_edge_with_ref
Unviable	crates/topology/src/builder.rs	crates/topology/src/builder.rs:231:5: replace make_ellipse_arc -> Result<EdgeId, crate::TopologyError> with Ok(Default::default())
CaughtMutant	crates/topology/src/builder.rs	crates/topology/src/builder.rs:160:8: delete ! in make_ellipse_edge_with_ref
Unviable	crates/topology/src/builder.rs	crates/topology/src/builder.rs:244:31: replace - with + in make_ellipse_arc
Unviable	crates/topology/src/builder.rs	crates/topology/src/builder.rs:244:31: replace - with / in make_ellipse_arc
CaughtMutant	crates/topology/src/builder.rs	crates/topology/src/builder.rs:231:8: delete ! in make_ellipse_arc
CaughtMutant	crates/topology/src/builder.rs	crates/topology/src/builder.rs:231:31: replace || with && in make_ellipse_arc
CaughtMutant	crates/topology/src/builder.rs	crates/topology/src/builder.rs:245:12: delete ! in make_ellipse_arc
CaughtMutant	crates/topology/src/builder.rs	crates/topology/src/builder.rs:245:34: replace || with && in make_ellipse_arc
CaughtMutant	crates/topology/src/builder.rs	crates/topology/src/builder.rs:245:46: replace > with < in make_ellipse_arc
CaughtMutant	crates/topology/src/builder.rs	crates/topology/src/builder.rs:245:46: replace > with == in make_ellipse_arc
CaughtMutant	crates/topology/src/builder.rs	crates/topology/src/builder.rs:245:46: replace > with >= in make_ellipse_arc
CaughtMutant	crates/topology/src/builder.rs	crates/topology/src/builder.rs:253:9: replace && with || in make_ellipse_arc
CaughtMutant	crates/topology/src/builder.rs	crates/topology/src/builder.rs:252:9: replace && with || in make_ellipse_arc
CaughtMutant	crates/topology/src/builder.rs	crates/topology/src/builder.rs:251:42: replace == with != in make_ellipse_arc
CaughtMutant	crates/topology/src/builder.rs	crates/topology/src/builder.rs:252:32: replace == with != in make_ellipse_arc
CaughtMutant	crates/topology/src/builder.rs	crates/topology/src/builder.rs:253:32: replace == with != in make_ellipse_arc
Unviable	crates/topology/src/builder.rs	crates/topology/src/builder.rs:254:30: replace - with + in make_ellipse_arc
CaughtMutant	crates/topology/src/builder.rs	crates/topology/src/builder.rs:254:20: replace && with || in make_ellipse_arc
Unviable	crates/topology/src/builder.rs	crates/topology/src/builder.rs:254:30: replace - with / in make_ellipse_arc
CaughtMutant	crates/topology/src/builder.rs	crates/topology/src/builder.rs:254:8: delete ! in make_ellipse_arc
CaughtMutant	crates/topology/src/builder.rs	crates/topology/src/builder.rs:254:46: replace <= with > in make_ellipse_arc
CaughtMutant	crates/topology/src/builder.rs	crates/topology/src/builder.rs:264:31: replace - with + in make_ellipse_arc
CaughtMutant	crates/topology/src/builder.rs	crates/topology/src/builder.rs:264:31: replace - with / in make_ellipse_arc
MissedMutant	crates/topology/src/builder.rs	crates/topology/src/builder.rs:268:9: replace || with && in make_ellipse_arc
MissedMutant	crates/topology/src/builder.rs	crates/topology/src/builder.rs:267:9: replace || with && in make_ellipse_arc
CaughtMutant	crates/topology/src/builder.rs	crates/topology/src/builder.rs:266:8: delete ! in make_ellipse_arc
CaughtMutant	crates/topology/src/builder.rs	crates/topology/src/builder.rs:268:21: replace && with || in make_ellipse_arc
CaughtMutant	crates/topology/src/builder.rs	crates/topology/src/builder.rs:267:12: delete ! in make_ellipse_arc
MissedMutant	crates/topology/src/builder.rs	crates/topology/src/builder.rs:268:13: delete ! in make_ellipse_arc
CaughtMutant	crates/topology/src/builder.rs	crates/topology/src/builder.rs:268:47: replace == with != in make_ellipse_arc
CaughtMutant	crates/topology/src/builder.rs	crates/topology/src/builder.rs:274:34: replace + with * in make_ellipse_arc
CaughtMutant	crates/topology/src/builder.rs	crates/topology/src/builder.rs:276:8: delete ! in make_ellipse_arc
CaughtMutant	crates/topology/src/builder.rs	crates/topology/src/builder.rs:274:34: replace + with - in make_ellipse_arc
Unviable	crates/topology/src/builder.rs	crates/topology/src/builder.rs:306:5: replace make_polygon_wire -> Result<WireId, crate::TopologyError> with Ok(Default::default())
CaughtMutant	crates/topology/src/builder.rs	crates/topology/src/builder.rs:307:10: replace < with == in make_polygon_wire
MissedMutant	crates/topology/src/builder.rs	crates/topology/src/builder.rs:307:10: replace < with <= in make_polygon_wire
CaughtMutant	crates/topology/src/builder.rs	crates/topology/src/builder.rs:307:10: replace < with > in make_polygon_wire
MissedMutant	crates/topology/src/builder.rs	crates/topology/src/builder.rs:320:32: replace % with / in make_polygon_wire
CaughtMutant	crates/topology/src/builder.rs	crates/topology/src/builder.rs:320:32: replace % with + in make_polygon_wire
Unviable	crates/topology/src/builder.rs	crates/topology/src/builder.rs:348:5: replace make_regular_polygon_wire -> Result<WireId, crate::TopologyError> with Ok(Default::default())
CaughtMutant	crates/topology/src/builder.rs	crates/topology/src/builder.rs:320:27: replace + with - in make_polygon_wire
MissedMutant	crates/topology/src/builder.rs	crates/topology/src/builder.rs:320:27: replace + with * in make_polygon_wire
MissedMutant	crates/topology/src/builder.rs	crates/topology/src/builder.rs:348:16: replace < with == in make_regular_polygon_wire
CaughtMutant	crates/topology/src/builder.rs	crates/topology/src/builder.rs:348:16: replace < with > in make_regular_polygon_wire
MissedMutant	crates/topology/src/builder.rs	crates/topology/src/builder.rs:348:16: replace < with <= in make_regular_polygon_wire
CaughtMutant	crates/topology/src/builder.rs	crates/topology/src/builder.rs:353:15: replace <= with > in make_regular_polygon_wire
MissedMutant	crates/topology/src/builder.rs	crates/topology/src/builder.rs:362:47: replace / with % in make_regular_polygon_wire
CaughtMutant	crates/topology/src/builder.rs	crates/topology/src/builder.rs:362:47: replace / with * in make_regular_polygon_wire
CaughtMutant	crates/topology/src/builder.rs	crates/topology/src/builder.rs:362:34: replace * with / in make_regular_polygon_wire
MissedMutant	crates/topology/src/builder.rs	crates/topology/src/builder.rs:362:34: replace * with + in make_regular_polygon_wire
MissedMutant	crates/topology/src/builder.rs	crates/topology/src/builder.rs:362:29: replace * with + in make_regular_polygon_wire
MissedMutant	crates/topology/src/builder.rs	crates/topology/src/builder.rs:362:29: replace * with / in make_regular_polygon_wire
MissedMutant	crates/topology/src/builder.rs	crates/topology/src/builder.rs:363:32: replace * with + in make_regular_polygon_wire
Unviable	crates/topology/src/builder.rs	crates/topology/src/builder.rs:386:5: replace make_face_from_wire -> Result<FaceId, crate::TopologyError> with Ok(Default::default())
MissedMutant	crates/topology/src/builder.rs	crates/topology/src/builder.rs:363:32: replace * with / in make_regular_polygon_wire
Unviable	crates/topology/src/builder.rs	crates/topology/src/builder.rs:418:5: replace make_planar_face_from_wire -> Result<FaceId, crate::TopologyError> with Ok(Default::default())
MissedMutant	crates/topology/src/builder.rs	crates/topology/src/builder.rs:363:54: replace * with + in make_regular_polygon_wire
Unviable	crates/topology/src/builder.rs	crates/topology/src/builder.rs:434:5: replace wire_plane -> Result<(Vec3, f64), crate::TopologyError> with Ok((Default::default(), 0.0))
Unviable	crates/topology/src/builder.rs	crates/topology/src/builder.rs:434:5: replace wire_plane -> Result<(Vec3, f64), crate::TopologyError> with Ok((Default::default(), 1.0))
CaughtMutant	crates/topology/src/builder.rs	crates/topology/src/builder.rs:363:54: replace * with / in make_regular_polygon_wire
Unviable	crates/topology/src/builder.rs	crates/topology/src/builder.rs:469:5: replace sample_wire_for_planarity -> Result<WireSamples, crate::TopologyError> with Ok(Default::default())
Unviable	crates/topology/src/builder.rs	crates/topology/src/builder.rs:434:5: replace wire_plane -> Result<(Vec3, f64), crate::TopologyError> with Ok((Default::default(), -1.0))
Unviable	crates/topology/src/builder.rs	crates/topology/src/builder.rs:490:38: replace + with * in sample_wire_for_planarity
Unviable	crates/topology/src/builder.rs	crates/topology/src/builder.rs:490:60: replace * with + in sample_wire_for_planarity
Unviable	crates/topology/src/builder.rs	crates/topology/src/builder.rs:490:60: replace * with / in sample_wire_for_planarity
Unviable	crates/topology/src/builder.rs	crates/topology/src/builder.rs:490:48: replace - with + in sample_wire_for_planarity
MissedMutant	crates/topology/src/builder.rs	crates/topology/src/builder.rs:490:38: replace + with - in sample_wire_for_planarity
Unviable	crates/topology/src/builder.rs	crates/topology/src/builder.rs:490:48: replace - with / in sample_wire_for_planarity
Unviable	crates/topology/src/builder.rs	crates/topology/src/builder.rs:554:39: replace + with * in sample_wire_for_planarity
Unviable	crates/topology/src/builder.rs	crates/topology/src/builder.rs:554:61: replace * with + in sample_wire_for_planarity
Unviable	crates/topology/src/builder.rs	crates/topology/src/builder.rs:554:61: replace * with / in sample_wire_for_planarity
Unviable	crates/topology/src/builder.rs	crates/topology/src/builder.rs:554:49: replace - with + in sample_wire_for_planarity
Unviable	crates/topology/src/builder.rs	crates/topology/src/builder.rs:554:49: replace - with / in sample_wire_for_planarity
MissedMutant	crates/topology/src/builder.rs	crates/topology/src/builder.rs:554:39: replace + with - in sample_wire_for_planarity
CaughtMutant	crates/topology/src/builder.rs	crates/topology/src/builder.rs:562:21: replace * with / in sample_wire_for_planarity
CaughtMutant	crates/topology/src/builder.rs	crates/topology/src/builder.rs:562:21: replace * with + in sample_wire_for_planarity
MissedMutant	crates/topology/src/builder.rs	crates/topology/src/builder.rs:580:5: replace sample_open_conic with ()
MissedMutant	crates/topology/src/builder.rs	crates/topology/src/builder.rs:583:31: replace + with - in sample_open_conic
MissedMutant	crates/topology/src/builder.rs	crates/topology/src/builder.rs:583:31: replace + with * in sample_open_conic
MissedMutant	crates/topology/src/builder.rs	crates/topology/src/builder.rs:583:60: replace / with % in sample_open_conic
MissedMutant	crates/topology/src/builder.rs	crates/topology/src/builder.rs:583:60: replace / with * in sample_open_conic
MissedMutant	crates/topology/src/builder.rs	crates/topology/src/builder.rs:583:45: replace * with + in sample_open_conic
MissedMutant	crates/topology/src/builder.rs	crates/topology/src/builder.rs:583:45: replace * with / in sample_open_conic
MissedMutant	crates/topology/src/builder.rs	crates/topology/src/builder.rs:583:38: replace - with + in sample_open_conic
MissedMutant	crates/topology/src/builder.rs	crates/topology/src/builder.rs:583:38: replace - with / in sample_open_conic
MissedMutant	crates/topology/src/builder.rs	crates/topology/src/builder.rs:601:50: replace / with % in sample_conic
MissedMutant	crates/topology/src/builder.rs	crates/topology/src/builder.rs:598:5: replace sample_conic with ()
MissedMutant	crates/topology/src/builder.rs	crates/topology/src/builder.rs:601:50: replace / with * in sample_conic
MissedMutant	crates/topology/src/builder.rs	crates/topology/src/builder.rs:601:35: replace * with + in sample_conic
MissedMutant	crates/topology/src/builder.rs	crates/topology/src/builder.rs:601:35: replace * with / in sample_conic
MissedMutant	crates/topology/src/builder.rs	crates/topology/src/builder.rs:607:25: replace - with + in sample_conic
MissedMutant	crates/topology/src/builder.rs	crates/topology/src/builder.rs:608:14: replace > with == in sample_conic
MissedMutant	crates/topology/src/builder.rs	crates/topology/src/builder.rs:607:25: replace - with / in sample_conic
MissedMutant	crates/topology/src/builder.rs	crates/topology/src/builder.rs:608:14: replace > with < in sample_conic
MissedMutant	crates/topology/src/builder.rs	crates/topology/src/builder.rs:608:14: replace > with >= in sample_conic
MissedMutant	crates/topology/src/builder.rs	crates/topology/src/builder.rs:609:15: replace -= with += in sample_conic
MissedMutant	crates/topology/src/builder.rs	crates/topology/src/builder.rs:609:15: replace -= with /= in sample_conic
MissedMutant	crates/topology/src/builder.rs	crates/topology/src/builder.rs:610:21: replace < with == in sample_conic
MissedMutant	crates/topology/src/builder.rs	crates/topology/src/builder.rs:610:21: replace < with > in sample_conic
MissedMutant	crates/topology/src/builder.rs	crates/topology/src/builder.rs:610:21: replace < with <= in sample_conic
MissedMutant	crates/topology/src/builder.rs	crates/topology/src/builder.rs:610:23: delete - in sample_conic
MissedMutant	crates/topology/src/builder.rs	crates/topology/src/builder.rs:611:15: replace += with -= in sample_conic
MissedMutant	crates/topology/src/builder.rs	crates/topology/src/builder.rs:611:15: replace += with *= in sample_conic
MissedMutant	crates/topology/src/builder.rs	crates/topology/src/builder.rs:614:31: replace + with - in sample_conic
MissedMutant	crates/topology/src/builder.rs	crates/topology/src/builder.rs:614:31: replace + with * in sample_conic
MissedMutant	crates/topology/src/builder.rs	crates/topology/src/builder.rs:614:54: replace / with % in sample_conic
Unviable	crates/topology/src/builder.rs	crates/topology/src/builder.rs:619:5: replace plane_from -> (Vec3, f64) with (Default::default(), 0.0)
MissedMutant	crates/topology/src/builder.rs	crates/topology/src/builder.rs:614:54: replace / with * in sample_conic
Unviable	crates/topology/src/builder.rs	crates/topology/src/builder.rs:619:5: replace plane_from -> (Vec3, f64) with (Default::default(), 1.0)
MissedMutant	crates/topology/src/builder.rs	crates/topology/src/builder.rs:614:39: replace * with + in sample_conic
Unviable	crates/topology/src/builder.rs	crates/topology/src/builder.rs:619:5: replace plane_from -> (Vec3, f64) with (Default::default(), -1.0)
MissedMutant	crates/topology/src/builder.rs	crates/topology/src/builder.rs:614:39: replace * with / in sample_conic
Unviable	crates/topology/src/builder.rs	crates/topology/src/builder.rs:620:21: replace - with + in plane_from
Unviable	crates/topology/src/builder.rs	crates/topology/src/builder.rs:620:21: replace - with / in plane_from
Unviable	crates/topology/src/builder.rs	crates/topology/src/builder.rs:627:5: replace verified_plane -> Option<(Vec3, f64)> with Some((Default::default(), 1.0))
Unviable	crates/topology/src/builder.rs	crates/topology/src/builder.rs:627:5: replace verified_plane -> Option<(Vec3, f64)> with Some((Default::default(), 0.0))
Unviable	crates/topology/src/builder.rs	crates/topology/src/builder.rs:627:5: replace verified_plane -> Option<(Vec3, f64)> with Some((Default::default(), -1.0))
CaughtMutant	crates/topology/src/builder.rs	crates/topology/src/builder.rs:627:5: replace verified_plane -> Option<(Vec3, f64)> with None
Unviable	crates/topology/src/builder.rs	crates/topology/src/builder.rs:633:34: replace - with + in verified_plane
Unviable	crates/topology/src/builder.rs	crates/topology/src/builder.rs:633:34: replace - with / in verified_plane
MissedMutant	crates/topology/src/builder.rs	crates/topology/src/builder.rs:633:44: replace - with + in verified_plane
CaughtMutant	crates/topology/src/builder.rs	crates/topology/src/builder.rs:633:44: replace - with / in verified_plane
CaughtMutant	crates/topology/src/builder.rs	crates/topology/src/builder.rs:634:24: replace > with == in verified_plane
CaughtMutant	crates/topology/src/builder.rs	crates/topology/src/builder.rs:634:24: replace > with < in verified_plane
Unviable	crates/topology/src/builder.rs	crates/topology/src/builder.rs:645:9: replace && with || in verified_plane
MissedMutant	crates/topology/src/builder.rs	crates/topology/src/builder.rs:634:24: replace > with >= in verified_plane
CaughtMutant	crates/topology/src/builder.rs	crates/topology/src/builder.rs:634:17: replace * with + in verified_plane
CaughtMutant	crates/topology/src/builder.rs	crates/topology/src/builder.rs:634:17: replace * with / in verified_plane
CaughtMutant	crates/topology/src/builder.rs	crates/topology/src/builder.rs:645:39: replace < with == in verified_plane
CaughtMutant	crates/topology/src/builder.rs	crates/topology/src/builder.rs:645:39: replace < with > in verified_plane
MissedMutant	crates/topology/src/builder.rs	crates/topology/src/builder.rs:645:39: replace < with <= in verified_plane
CaughtMutant	crates/topology/src/builder.rs	crates/topology/src/builder.rs:647:18: delete - in verified_plane
Unviable	crates/topology/src/builder.rs	crates/topology/src/builder.rs:657:5: replace newell_normal -> Option<Vec3> with Some(Default::default())
MissedMutant	crates/topology/src/builder.rs	crates/topology/src/builder.rs:648:13: delete - in verified_plane
CaughtMutant	crates/topology/src/builder.rs	crates/topology/src/builder.rs:657:5: replace newell_normal -> Option<Vec3> with None
CaughtMutant	crates/topology/src/builder.rs	crates/topology/src/builder.rs:657:22: replace < with > in newell_normal
MissedMutant	crates/topology/src/builder.rs	crates/topology/src/builder.rs:657:22: replace < with == in newell_normal
MissedMutant	crates/topology/src/builder.rs	crates/topology/src/builder.rs:657:22: replace < with <= in newell_normal
CaughtMutant	crates/topology/src/builder.rs	crates/topology/src/builder.rs:666:36: replace % with / in newell_normal
CaughtMutant	crates/topology/src/builder.rs	crates/topology/src/builder.rs:666:36: replace % with + in newell_normal
CaughtMutant	crates/topology/src/builder.rs	crates/topology/src/builder.rs:666:31: replace + with - in newell_normal
CaughtMutant	crates/topology/src/builder.rs	crates/topology/src/builder.rs:666:31: replace + with * in newell_normal
MissedMutant	crates/topology/src/builder.rs	crates/topology/src/builder.rs:667:12: replace += with -= in newell_normal
MissedMutant	crates/topology/src/builder.rs	crates/topology/src/builder.rs:667:12: replace += with *= in newell_normal
MissedMutant	crates/topology/src/builder.rs	crates/topology/src/builder.rs:667:37: replace * with + in newell_normal
CaughtMutant	crates/topology/src/builder.rs	crates/topology/src/builder.rs:667:37: replace * with / in newell_normal
MissedMutant	crates/topology/src/builder.rs	crates/topology/src/builder.rs:667:25: replace - with + in newell_normal
CaughtMutant	crates/topology/src/builder.rs	crates/topology/src/builder.rs:667:25: replace - with / in newell_normal
MissedMutant	crates/topology/src/builder.rs	crates/topology/src/builder.rs:667:49: replace + with - in newell_normal
MissedMutant	crates/topology/src/builder.rs	crates/topology/src/builder.rs:667:49: replace + with * in newell_normal
MissedMutant	crates/topology/src/builder.rs	crates/topology/src/builder.rs:668:12: replace += with -= in newell_normal
MissedMutant	crates/topology/src/builder.rs	crates/topology/src/builder.rs:668:12: replace += with *= in newell_normal
MissedMutant	crates/topology/src/builder.rs	crates/topology/src/builder.rs:668:37: replace * with + in newell_normal
CaughtMutant	crates/topology/src/builder.rs	crates/topology/src/builder.rs:668:37: replace * with / in newell_normal
MissedMutant	crates/topology/src/builder.rs	crates/topology/src/builder.rs:668:25: replace - with + in newell_normal
CaughtMutant	crates/topology/src/builder.rs	crates/topology/src/builder.rs:668:25: replace - with / in newell_normal
MissedMutant	crates/topology/src/builder.rs	crates/topology/src/builder.rs:668:49: replace + with - in newell_normal
MissedMutant	crates/topology/src/builder.rs	crates/topology/src/builder.rs:668:49: replace + with * in newell_normal
CaughtMutant	crates/topology/src/builder.rs	crates/topology/src/builder.rs:669:12: replace += with -= in newell_normal
CaughtMutant	crates/topology/src/builder.rs	crates/topology/src/builder.rs:669:12: replace += with *= in newell_normal
CaughtMutant	crates/topology/src/builder.rs	crates/topology/src/builder.rs:669:37: replace * with + in newell_normal
CaughtMutant	crates/topology/src/builder.rs	crates/topology/src/builder.rs:669:37: replace * with / in newell_normal
CaughtMutant	crates/topology/src/builder.rs	crates/topology/src/builder.rs:669:25: replace - with + in newell_normal
CaughtMutant	crates/topology/src/builder.rs	crates/topology/src/builder.rs:669:25: replace - with / in newell_normal
CaughtMutant	crates/topology/src/builder.rs	crates/topology/src/builder.rs:669:49: replace + with - in newell_normal
Unviable	crates/topology/src/builder.rs	crates/topology/src/builder.rs:678:5: replace fit_plane -> Option<(Vec3, f64)> with Some((Default::default(), 0.0))
MissedMutant	crates/topology/src/builder.rs	crates/topology/src/builder.rs:669:49: replace + with * in newell_normal
Unviable	crates/topology/src/builder.rs	crates/topology/src/builder.rs:678:5: replace fit_plane -> Option<(Vec3, f64)> with Some((Default::default(), 1.0))
Unviable	crates/topology/src/builder.rs	crates/topology/src/builder.rs:678:5: replace fit_plane -> Option<(Vec3, f64)> with Some((Default::default(), -1.0))
CaughtMutant	crates/topology/src/builder.rs	crates/topology/src/builder.rs:678:5: replace fit_plane -> Option<(Vec3, f64)> with None
Unviable	crates/topology/src/builder.rs	crates/topology/src/builder.rs:686:26: replace - with + in fit_plane
MissedMutant	crates/topology/src/builder.rs	crates/topology/src/builder.rs:678:21: replace < with == in fit_plane
CaughtMutant	crates/topology/src/builder.rs	crates/topology/src/builder.rs:678:21: replace < with > in fit_plane
MissedMutant	crates/topology/src/builder.rs	crates/topology/src/builder.rs:678:21: replace < with <= in fit_plane
Unviable	crates/topology/src/builder.rs	crates/topology/src/builder.rs:686:26: replace - with / in fit_plane
CaughtMutant	crates/topology/src/builder.rs	crates/topology/src/builder.rs:687:42: replace > with == in fit_plane
CaughtMutant	crates/topology/src/builder.rs	crates/topology/src/builder.rs:687:42: replace > with < in fit_plane
Unviable	crates/topology/src/builder.rs	crates/topology/src/builder.rs:691:17: replace - with + in fit_plane
Unviable	crates/topology/src/builder.rs	crates/topology/src/builder.rs:691:17: replace - with / in fit_plane
MissedMutant	crates/topology/src/builder.rs	crates/topology/src/builder.rs:687:42: replace > with >= in fit_plane
Unviable	crates/topology/src/builder.rs	crates/topology/src/builder.rs:695:34: replace - with + in fit_plane
CaughtMutant	crates/topology/src/builder.rs	crates/topology/src/builder.rs:688:15: replace <= with > in fit_plane
Unviable	crates/topology/src/builder.rs	crates/topology/src/builder.rs:695:34: replace - with / in fit_plane
CaughtMutant	crates/topology/src/builder.rs	crates/topology/src/builder.rs:696:42: replace > with == in fit_plane
CaughtMutant	crates/topology/src/builder.rs	crates/topology/src/builder.rs:696:42: replace > with < in fit_plane
Unviable	crates/topology/src/builder.rs	crates/topology/src/builder.rs:697:12: replace - with + in fit_plane
Unviable	crates/topology/src/builder.rs	crates/topology/src/builder.rs:697:12: replace - with / in fit_plane
MissedMutant	crates/topology/src/builder.rs	crates/topology/src/builder.rs:696:42: replace > with >= in fit_plane
CaughtMutant	crates/topology/src/builder.rs	crates/topology/src/builder.rs:697:35: replace <= with > in fit_plane
Unviable	crates/topology/src/builder.rs	crates/topology/src/builder.rs:701:17: replace - with + in fit_plane
Unviable	crates/topology/src/builder.rs	crates/topology/src/builder.rs:701:17: replace - with / in fit_plane
CaughtMutant	crates/topology/src/builder.rs	crates/topology/src/builder.rs:703:15: replace <= with > in fit_plane
MissedMutant	crates/topology/src/builder.rs	crates/topology/src/builder.rs:703:70: replace * with + in fit_plane
CaughtMutant	crates/topology/src/builder.rs	crates/topology/src/builder.rs:703:60: replace * with + in fit_plane
CaughtMutant	crates/topology/src/builder.rs	crates/topology/src/builder.rs:703:70: replace * with / in fit_plane
Unviable	crates/topology/src/builder.rs	crates/topology/src/builder.rs:708:27: replace - with + in fit_plane
CaughtMutant	crates/topology/src/builder.rs	crates/topology/src/builder.rs:703:60: replace * with / in fit_plane
Unviable	crates/topology/src/builder.rs	crates/topology/src/builder.rs:708:27: replace - with / in fit_plane
CaughtMutant	crates/topology/src/builder.rs	crates/topology/src/builder.rs:703:38: replace * with + in fit_plane
Unviable	crates/topology/src/builder.rs	crates/topology/src/builder.rs:716:5: replace bilinear_surface -> Result<NurbsSurface, crate::TopologyError> with Ok(Default::default())
MissedMutant	crates/topology/src/builder.rs	crates/topology/src/builder.rs:703:38: replace * with / in fit_plane
Unviable	crates/topology/src/builder.rs	crates/topology/src/builder.rs:725:18: replace - with + in bilinear_surface
MissedMutant	crates/topology/src/builder.rs	crates/topology/src/builder.rs:716:21: replace < with == in bilinear_surface
Unviable	crates/topology/src/builder.rs	crates/topology/src/builder.rs:725:18: replace - with / in bilinear_surface
CaughtMutant	crates/topology/src/builder.rs	crates/topology/src/builder.rs:716:21: replace < with > in bilinear_surface
Unviable	crates/topology/src/builder.rs	crates/topology/src/builder.rs:727:34: replace - with + in bilinear_surface
MissedMutant	crates/topology/src/builder.rs	crates/topology/src/builder.rs:716:21: replace < with <= in bilinear_surface
Unviable	crates/topology/src/builder.rs	crates/topology/src/builder.rs:727:34: replace - with / in bilinear_surface
Unviable	crates/topology/src/builder.rs	crates/topology/src/builder.rs:730:17: replace - with + in bilinear_surface
Unviable	crates/topology/src/builder.rs	crates/topology/src/builder.rs:730:17: replace - with / in bilinear_surface
Unviable	crates/topology/src/builder.rs	crates/topology/src/builder.rs:734:26: replace - with + in bilinear_surface
Unviable	crates/topology/src/builder.rs	crates/topology/src/builder.rs:734:26: replace - with / in bilinear_surface
Unviable	crates/topology/src/builder.rs	crates/topology/src/builder.rs:736:42: replace - with + in bilinear_surface
Unviable	crates/topology/src/builder.rs	crates/topology/src/builder.rs:736:42: replace - with / in bilinear_surface
Unviable	crates/topology/src/builder.rs	crates/topology/src/builder.rs:743:31: replace - with + in bilinear_surface
Unviable	crates/topology/src/builder.rs	crates/topology/src/builder.rs:743:31: replace - with / in bilinear_surface
Unviable	crates/topology/src/builder.rs	crates/topology/src/builder.rs:748:26: replace - with + in bilinear_surface
Unviable	crates/topology/src/builder.rs	crates/topology/src/builder.rs:748:26: replace - with / in bilinear_surface
Unviable	crates/topology/src/builder.rs	crates/topology/src/builder.rs:750:45: replace - with / in bilinear_surface
Unviable	crates/topology/src/builder.rs	crates/topology/src/builder.rs:750:45: replace - with + in bilinear_surface
Unviable	crates/topology/src/builder.rs	crates/topology/src/builder.rs:778:5: replace make_rectangle_face -> Result<FaceId, crate::TopologyError> with Ok(Default::default())
CaughtMutant	crates/topology/src/builder.rs	crates/topology/src/builder.rs:778:21: replace || with && in make_rectangle_face
CaughtMutant	crates/topology/src/builder.rs	crates/topology/src/builder.rs:778:14: replace <= with > in make_rectangle_face
CaughtMutant	crates/topology/src/builder.rs	crates/topology/src/builder.rs:784:20: replace / with % in make_rectangle_face
CaughtMutant	crates/topology/src/builder.rs	crates/topology/src/builder.rs:778:31: replace <= with > in make_rectangle_face
MissedMutant	crates/topology/src/builder.rs	crates/topology/src/builder.rs:784:20: replace / with * in make_rectangle_face
MissedMutant	crates/topology/src/builder.rs	crates/topology/src/builder.rs:785:21: replace / with % in make_rectangle_face
MissedMutant	crates/topology/src/builder.rs	crates/topology/src/builder.rs:785:21: replace / with * in make_rectangle_face
MissedMutant	crates/topology/src/builder.rs	crates/topology/src/builder.rs:787:21: delete - in make_rectangle_face
MissedMutant	crates/topology/src/builder.rs	crates/topology/src/builder.rs:787:26: delete - in make_rectangle_face
Unviable	crates/topology/src/builder.rs	crates/topology/src/builder.rs:811:5: replace make_circle_face -> Result<FaceId, crate::TopologyError> with Ok(Default::default())
Unviable	crates/topology/src/builder.rs	crates/topology/src/builder.rs:830:5: replace make_planar_face -> Result<FaceId, crate::TopologyError> with Ok(Default::default())
Unviable	crates/topology/src/builder.rs	crates/topology/src/builder.rs:845:5: replace make_nurbs_edge -> EdgeId with Default::default()
MissedMutant	crates/topology/src/builder.rs	crates/topology/src/builder.rs:788:25: delete - in make_rectangle_face
Unviable	crates/topology/src/builder.rs	crates/topology/src/builder.rs:848:35: replace - with + in make_nurbs_edge
MissedMutant	crates/topology/src/builder.rs	crates/topology/src/builder.rs:790:21: delete - in make_rectangle_face
Unviable	crates/topology/src/builder.rs	crates/topology/src/builder.rs:848:35: replace - with / in make_nurbs_edge
Unviable	crates/topology/src/builder.rs	crates/topology/src/builder.rs:850:19: replace - with + in make_nurbs_edge
Unviable	crates/topology/src/builder.rs	crates/topology/src/builder.rs:850:19: replace - with / in make_nurbs_edge
Unviable	crates/topology/src/builder.rs	crates/topology/src/builder.rs:851:35: replace - with / in make_nurbs_edge
Unviable	crates/topology/src/builder.rs	crates/topology/src/builder.rs:851:35: replace - with + in make_nurbs_edge
Unviable	crates/topology/src/builder.rs	crates/topology/src/builder.rs:853:19: replace - with + in make_nurbs_edge
Unviable	crates/topology/src/builder.rs	crates/topology/src/builder.rs:853:19: replace - with / in make_nurbs_edge
MissedMutant	crates/topology/src/builder.rs	crates/topology/src/builder.rs:854:51: replace && with || in make_nurbs_edge
CaughtMutant	crates/topology/src/builder.rs	crates/topology/src/builder.rs:854:54: delete ! in make_nurbs_edge
CaughtMutant	crates/topology/src/builder.rs	crates/topology/src/builder.rs:859:44: replace <= with > in make_nurbs_edge
MissedMutant	crates/topology/src/builder.rs	crates/topology/src/builder.rs:857:9: delete - in make_nurbs_edge
CaughtMutant	crates/topology/src/builder.rs	crates/topology/src/builder.rs:860:44: replace <= with > in make_nurbs_edge
MissedMutant	crates/topology/src/builder.rs	crates/topology/src/builder.rs:862:9: delete match arm (true, false) in make_nurbs_edge
CaughtMutant	crates/topology/src/builder.rs	crates/topology/src/builder.rs:863:9: delete match arm (false, true) in make_nurbs_edge
MissedMutant	crates/topology/src/builder.rs	crates/topology/src/builder.rs:864:25: replace match guard forward_residual < reverse_residual with true in make_nurbs_edge
MissedMutant	crates/topology/src/builder.rs	crates/topology/src/builder.rs:864:25: replace match guard forward_residual < reverse_residual with false in make_nurbs_edge
MissedMutant	crates/topology/src/builder.rs	crates/topology/src/builder.rs:865:25: replace match guard reverse_residual < forward_residual with true in make_nurbs_edge
MissedMutant	crates/topology/src/builder.rs	crates/topology/src/builder.rs:865:25: replace match guard reverse_residual < forward_residual with false in make_nurbs_edge
MissedMutant	crates/topology/src/builder.rs	crates/topology/src/builder.rs:866:25: replace match guard (natural_start - natural_end).length() <= authority_band with true in make_nurbs_edge
MissedMutant	crates/topology/src/builder.rs	crates/topology/src/builder.rs:866:25: replace match guard (natural_start - natural_end).length() <= authority_band with false in make_nurbs_edge
MissedMutant	crates/topology/src/builder.rs	crates/topology/src/builder.rs:864:42: replace < with == in make_nurbs_edge
MissedMutant	crates/topology/src/builder.rs	crates/topology/src/builder.rs:864:42: replace < with > in make_nurbs_edge
MissedMutant	crates/topology/src/builder.rs	crates/topology/src/builder.rs:864:42: replace < with <= in make_nurbs_edge
MissedMutant	crates/topology/src/builder.rs	crates/topology/src/builder.rs:865:42: replace < with == in make_nurbs_edge
Unviable	crates/topology/src/builder.rs	crates/topology/src/builder.rs:866:40: replace - with + in make_nurbs_edge
Unviable	crates/topology/src/builder.rs	crates/topology/src/builder.rs:866:40: replace - with / in make_nurbs_edge
MissedMutant	crates/topology/src/builder.rs	crates/topology/src/builder.rs:865:42: replace < with > in make_nurbs_edge
MissedMutant	crates/topology/src/builder.rs	crates/topology/src/builder.rs:865:42: replace < with <= in make_nurbs_edge
MissedMutant	crates/topology/src/builder.rs	crates/topology/src/builder.rs:866:64: replace <= with > in make_nurbs_edge
CaughtMutant	crates/topology/src/builder.rs	crates/topology/src/builder.rs:876:23: replace && with || in make_nurbs_edge
CaughtMutant	crates/topology/src/builder.rs	crates/topology/src/builder.rs:876:65: replace > with == in make_nurbs_edge
Unviable	crates/topology/src/builder.rs	crates/topology/src/builder.rs:876:41: replace - with + in make_nurbs_edge
CaughtMutant	crates/topology/src/builder.rs	crates/topology/src/builder.rs:876:65: replace > with < in make_nurbs_edge
Unviable	crates/topology/src/builder.rs	crates/topology/src/builder.rs:876:41: replace - with / in make_nurbs_edge
MissedMutant	crates/topology/src/builder.rs	crates/topology/src/builder.rs:876:65: replace > with >= in make_nurbs_edge
MissedMutant	crates/topology/src/builder.rs	crates/topology/src/builder.rs:890:13: replace && with || in make_nurbs_edge
CaughtMutant	crates/topology/src/builder.rs	crates/topology/src/builder.rs:889:13: replace && with || in make_nurbs_edge
CaughtMutant	crates/topology/src/builder.rs	crates/topology/src/builder.rs:888:13: replace && with || in make_nurbs_edge
CaughtMutant	crates/topology/src/builder.rs	crates/topology/src/builder.rs:887:13: replace && with || in make_nurbs_edge
CaughtMutant	crates/topology/src/builder.rs	crates/topology/src/builder.rs:886:13: replace && with || in make_nurbs_edge
CaughtMutant	crates/topology/src/builder.rs	crates/topology/src/builder.rs:885:13: replace && with || in make_nurbs_edge
CaughtMutant	crates/topology/src/builder.rs	crates/topology/src/builder.rs:884:13: replace && with || in make_nurbs_edge
CaughtMutant	crates/topology/src/builder.rs	crates/topology/src/builder.rs:882:13: replace && with || in make_nurbs_edge
CaughtMutant	crates/topology/src/builder.rs	crates/topology/src/builder.rs:881:13: replace && with || in make_nurbs_edge
CaughtMutant	crates/topology/src/builder.rs	crates/topology/src/builder.rs:883:17: replace > with == in make_nurbs_edge
CaughtMutant	crates/topology/src/builder.rs	crates/topology/src/builder.rs:883:17: replace > with < in make_nurbs_edge
MissedMutant	crates/topology/src/builder.rs	crates/topology/src/builder.rs:883:17: replace > with >= in make_nurbs_edge
MissedMutant	crates/topology/src/builder.rs	crates/topology/src/builder.rs:882:29: replace - with + in make_nurbs_edge
MissedMutant	crates/topology/src/builder.rs	crates/topology/src/builder.rs:882:29: replace - with / in make_nurbs_edge
CaughtMutant	crates/topology/src/builder.rs	crates/topology/src/builder.rs:883:25: replace * with + in make_nurbs_edge
MissedMutant	crates/topology/src/builder.rs	crates/topology/src/builder.rs:883:25: replace * with / in make_nurbs_edge
MissedMutant	crates/topology/src/builder.rs	crates/topology/src/builder.rs:883:39: replace - with + in make_nurbs_edge
CaughtMutant	crates/topology/src/builder.rs	crates/topology/src/builder.rs:883:39: replace - with / in make_nurbs_edge
CaughtMutant	crates/topology/src/builder.rs	crates/topology/src/builder.rs:884:28: replace >= with < in make_nurbs_edge
CaughtMutant	crates/topology/src/builder.rs	crates/topology/src/builder.rs:885:28: replace <= with > in make_nurbs_edge
Unviable	crates/topology/src/builder.rs	crates/topology/src/builder.rs:889:45: replace - with + in make_nurbs_edge
Unviable	crates/topology/src/builder.rs	crates/topology/src/builder.rs:889:45: replace - with / in make_nurbs_edge
CaughtMutant	crates/topology/src/builder.rs	crates/topology/src/builder.rs:886:28: replace >= with < in make_nurbs_edge
Unviable	crates/topology/src/builder.rs	crates/topology/src/builder.rs:890:45: replace - with + in make_nurbs_edge
CaughtMutant	crates/topology/src/builder.rs	crates/topology/src/builder.rs:887:28: replace <= with > in make_nurbs_edge
Unviable	crates/topology/src/builder.rs	crates/topology/src/builder.rs:890:45: replace - with / in make_nurbs_edge
CaughtMutant	crates/topology/src/builder.rs	crates/topology/src/builder.rs:889:63: replace <= with > in make_nurbs_edge
Unviable	crates/topology/src/builder.rs	crates/topology/src/builder.rs:913:5: replace make_nurbs_edge_from_curve -> EdgeId with Default::default()
Unviable	crates/topology/src/builder.rs	crates/topology/src/builder.rs:937:5: replace make_nurbs_face -> Result<FaceId, crate::TopologyError> with Ok(Default::default())
CaughtMutant	crates/topology/src/builder.rs	crates/topology/src/builder.rs:890:61: replace <= with > in make_nurbs_edge
MissedMutant	crates/topology/src/builder.rs	crates/topology/src/builder.rs:951:66: replace % with / in make_nurbs_face
MissedMutant	crates/topology/src/builder.rs	crates/topology/src/builder.rs:951:66: replace % with + in make_nurbs_face
MissedMutant	crates/topology/src/builder.rs	crates/topology/src/builder.rs:951:61: replace + with - in make_nurbs_face
MissedMutant	crates/topology/src/builder.rs	crates/topology/src/builder.rs:951:61: replace + with * in make_nurbs_face
MissedMutant	crates/topology/src/coedge.rs	crates/topology/src/coedge.rs:46:9: replace PeriodicWinding::u -> i32 with 0
MissedMutant	crates/topology/src/coedge.rs	crates/topology/src/coedge.rs:46:9: replace PeriodicWinding::u -> i32 with 1
MissedMutant	crates/topology/src/coedge.rs	crates/topology/src/coedge.rs:46:9: replace PeriodicWinding::u -> i32 with -1
MissedMutant	crates/topology/src/coedge.rs	crates/topology/src/coedge.rs:52:9: replace PeriodicWinding::v -> i32 with 0
Unviable	crates/topology/src/coedge.rs	crates/topology/src/coedge.rs:86:9: replace Coedge::with_pcurve -> Self with Default::default()
Unviable	crates/topology/src/coedge.rs	crates/topology/src/coedge.rs:98:9: replace Coedge::edge -> EdgeId with Default::default()
MissedMutant	crates/topology/src/coedge.rs	crates/topology/src/coedge.rs:52:9: replace PeriodicWinding::v -> i32 with 1
Unviable	crates/topology/src/coedge.rs	crates/topology/src/coedge.rs:110:9: replace Coedge::parent_loop -> LoopId with Default::default()
MissedMutant	crates/topology/src/coedge.rs	crates/topology/src/coedge.rs:52:9: replace PeriodicWinding::v -> i32 with -1
CaughtMutant	crates/topology/src/coedge.rs	crates/topology/src/coedge.rs:104:9: replace Coedge::is_forward -> bool with true
CaughtMutant	crates/topology/src/coedge.rs	crates/topology/src/coedge.rs:104:9: replace Coedge::is_forward -> bool with false
Unviable	crates/topology/src/coedge.rs	crates/topology/src/coedge.rs:116:9: replace Coedge::pcurve -> Option<&PCurve> with Some(Box::leak(Box::new(Default::default())))
Unviable	crates/topology/src/coedge.rs	crates/topology/src/coedge.rs:122:9: replace Coedge::periodic_winding -> PeriodicWinding with Default::default()
Unviable	crates/topology/src/coedge.rs	crates/topology/src/coedge.rs:127:9: replace Coedge::replace_pcurve -> Option<PCurve> with Some(Default::default())
CaughtMutant	crates/topology/src/coedge.rs	crates/topology/src/coedge.rs:116:9: replace Coedge::pcurve -> Option<&PCurve> with None
Unviable	crates/topology/src/compound.rs	crates/topology/src/compound.rs:29:9: replace Compound::solids -> &[SolidId] with Vec::leak(vec![Default::default()])
CaughtMutant	crates/topology/src/coedge.rs	crates/topology/src/coedge.rs:132:9: replace Coedge::replace_periodic_winding -> PeriodicWinding with Default::default()
Unviable	crates/topology/src/compsolid.rs	crates/topology/src/compsolid.rs:40:9: replace CompSolid::solids -> &[SolidId] with Vec::leak(vec![Default::default()])
CaughtMutant	crates/topology/src/coedge.rs	crates/topology/src/coedge.rs:127:9: replace Coedge::replace_pcurve -> Option<PCurve> with None
CaughtMutant	crates/topology/src/compound.rs	crates/topology/src/compound.rs:29:9: replace Compound::solids -> &[SolidId] with Vec::leak(Vec::new())
Unviable	crates/topology/src/compsolid.rs	crates/topology/src/compsolid.rs:46:9: replace CompSolid::shared_faces -> &[FaceId] with Vec::leak(vec![Default::default()])
CaughtMutant	crates/topology/src/compsolid.rs	crates/topology/src/compsolid.rs:40:9: replace CompSolid::solids -> &[SolidId] with Vec::leak(Vec::new())
MissedMutant	crates/topology/src/compsolid.rs	crates/topology/src/compsolid.rs:46:9: replace CompSolid::shared_faces -> &[FaceId] with Vec::leak(Vec::new())
Unviable	crates/topology/src/edge.rs	crates/topology/src/edge.rs:40:9: replace <impl remus_math::diagnostic::ToDiagnostic for EdgeDomainError>::diagnostic -> remus_math::diagnostic::Diagnostic with Default::default()
Unviable	crates/topology/src/edge.rs	crates/topology/src/edge.rs:106:9: replace EdgeCurve::evaluate_with_endpoints -> Point3 with Default::default()
CaughtMutant	crates/topology/src/compsolid.rs	crates/topology/src/compsolid.rs:52:9: replace CompSolid::num_solids -> usize with 1
MissedMutant	crates/topology/src/compsolid.rs	crates/topology/src/compsolid.rs:52:9: replace CompSolid::num_solids -> usize with 0
Unviable	crates/topology/src/edge.rs	crates/topology/src/edge.rs:107:33: replace + with * in EdgeCurve::evaluate_with_endpoints
MissedMutant	crates/topology/src/edge.rs	crates/topology/src/edge.rs:61:38: replace && with || in <impl remus_math::diagnostic::ToDiagnostic for EdgeDomainError>::diagnostic
Unviable	crates/topology/src/edge.rs	crates/topology/src/edge.rs:107:49: replace * with + in EdgeCurve::evaluate_with_endpoints
Unviable	crates/topology/src/edge.rs	crates/topology/src/edge.rs:107:49: replace * with / in EdgeCurve::evaluate_with_endpoints
Unviable	crates/topology/src/edge.rs	crates/topology/src/edge.rs:107:40: replace - with + in EdgeCurve::evaluate_with_endpoints
Unviable	crates/topology/src/edge.rs	crates/topology/src/edge.rs:107:40: replace - with / in EdgeCurve::evaluate_with_endpoints
Unviable	crates/topology/src/edge.rs	crates/topology/src/edge.rs:122:9: replace EdgeCurve::tangent_with_endpoints -> Vec3 with Default::default()
CaughtMutant	crates/topology/src/edge.rs	crates/topology/src/edge.rs:107:33: replace + with - in EdgeCurve::evaluate_with_endpoints
Unviable	crates/topology/src/edge.rs	crates/topology/src/edge.rs:124:31: replace - with + in EdgeCurve::tangent_with_endpoints
Unviable	crates/topology/src/edge.rs	crates/topology/src/edge.rs:124:31: replace - with / in EdgeCurve::tangent_with_endpoints
CaughtMutant	crates/topology/src/edge.rs	crates/topology/src/edge.rs:148:9: replace EdgeCurve::reconstruct_domain_from_endpoints -> (f64, f64) with (0.0, 0.0)
CaughtMutant	crates/topology/src/edge.rs	crates/topology/src/edge.rs:148:9: replace EdgeCurve::reconstruct_domain_from_endpoints -> (f64, f64) with (0.0, 1.0)
CaughtMutant	crates/topology/src/edge.rs	crates/topology/src/edge.rs:148:9: replace EdgeCurve::reconstruct_domain_from_endpoints -> (f64, f64) with (0.0, -1.0)
CaughtMutant	crates/topology/src/edge.rs	crates/topology/src/edge.rs:148:9: replace EdgeCurve::reconstruct_domain_from_endpoints -> (f64, f64) with (1.0, 0.0)
CaughtMutant	crates/topology/src/edge.rs	crates/topology/src/edge.rs:148:9: replace EdgeCurve::reconstruct_domain_from_endpoints -> (f64, f64) with (1.0, 1.0)
CaughtMutant	crates/topology/src/edge.rs	crates/topology/src/edge.rs:148:9: replace EdgeCurve::reconstruct_domain_from_endpoints -> (f64, f64) with (1.0, -1.0)
CaughtMutant	crates/topology/src/edge.rs	crates/topology/src/edge.rs:148:9: replace EdgeCurve::reconstruct_domain_from_endpoints -> (f64, f64) with (-1.0, 0.0)
CaughtMutant	crates/topology/src/edge.rs	crates/topology/src/edge.rs:148:9: replace EdgeCurve::reconstruct_domain_from_endpoints -> (f64, f64) with (-1.0, 1.0)
CaughtMutant	crates/topology/src/edge.rs	crates/topology/src/edge.rs:148:9: replace EdgeCurve::reconstruct_domain_from_endpoints -> (f64, f64) with (-1.0, -1.0)
MissedMutant	crates/topology/src/edge.rs	crates/topology/src/edge.rs:161:43: replace < with == in EdgeCurve::reconstruct_domain_from_endpoints
Unviable	crates/topology/src/edge.rs	crates/topology/src/edge.rs:161:27: replace - with + in EdgeCurve::reconstruct_domain_from_endpoints
MissedMutant	crates/topology/src/edge.rs	crates/topology/src/edge.rs:161:43: replace < with > in EdgeCurve::reconstruct_domain_from_endpoints
Unviable	crates/topology/src/edge.rs	crates/topology/src/edge.rs:161:27: replace - with / in EdgeCurve::reconstruct_domain_from_endpoints
MissedMutant	crates/topology/src/edge.rs	crates/topology/src/edge.rs:161:43: replace < with <= in EdgeCurve::reconstruct_domain_from_endpoints
MissedMutant	crates/topology/src/edge.rs	crates/topology/src/edge.rs:165:49: replace - with + in EdgeCurve::reconstruct_domain_from_endpoints
MissedMutant	crates/topology/src/edge.rs	crates/topology/src/edge.rs:165:49: replace - with / in EdgeCurve::reconstruct_domain_from_endpoints
MissedMutant	crates/topology/src/edge.rs	crates/topology/src/edge.rs:166:42: replace < with == in EdgeCurve::reconstruct_domain_from_endpoints
MissedMutant	crates/topology/src/edge.rs	crates/topology/src/edge.rs:166:42: replace < with > in EdgeCurve::reconstruct_domain_from_endpoints
MissedMutant	crates/topology/src/edge.rs	crates/topology/src/edge.rs:166:42: replace < with <= in EdgeCurve::reconstruct_domain_from_endpoints
MissedMutant	crates/topology/src/edge.rs	crates/topology/src/edge.rs:167:29: replace + with - in EdgeCurve::reconstruct_domain_from_endpoints
MissedMutant	crates/topology/src/edge.rs	crates/topology/src/edge.rs:167:29: replace + with * in EdgeCurve::reconstruct_domain_from_endpoints
MissedMutant	crates/topology/src/edge.rs	crates/topology/src/edge.rs:171:43: replace < with == in EdgeCurve::reconstruct_domain_from_endpoints
Unviable	crates/topology/src/edge.rs	crates/topology/src/edge.rs:171:27: replace - with + in EdgeCurve::reconstruct_domain_from_endpoints
Unviable	crates/topology/src/edge.rs	crates/topology/src/edge.rs:171:27: replace - with / in EdgeCurve::reconstruct_domain_from_endpoints
MissedMutant	crates/topology/src/edge.rs	crates/topology/src/edge.rs:171:43: replace < with > in EdgeCurve::reconstruct_domain_from_endpoints
MissedMutant	crates/topology/src/edge.rs	crates/topology/src/edge.rs:171:43: replace < with <= in EdgeCurve::reconstruct_domain_from_endpoints
MissedMutant	crates/topology/src/edge.rs	crates/topology/src/edge.rs:175:49: replace - with + in EdgeCurve::reconstruct_domain_from_endpoints
MissedMutant	crates/topology/src/edge.rs	crates/topology/src/edge.rs:175:49: replace - with / in EdgeCurve::reconstruct_domain_from_endpoints
MissedMutant	crates/topology/src/edge.rs	crates/topology/src/edge.rs:176:42: replace < with == in EdgeCurve::reconstruct_domain_from_endpoints
MissedMutant	crates/topology/src/edge.rs	crates/topology/src/edge.rs:176:42: replace < with > in EdgeCurve::reconstruct_domain_from_endpoints
MissedMutant	crates/topology/src/edge.rs	crates/topology/src/edge.rs:176:42: replace < with <= in EdgeCurve::reconstruct_domain_from_endpoints
MissedMutant	crates/topology/src/edge.rs	crates/topology/src/edge.rs:177:29: replace + with - in EdgeCurve::reconstruct_domain_from_endpoints
MissedMutant	crates/topology/src/edge.rs	crates/topology/src/edge.rs:177:29: replace + with * in EdgeCurve::reconstruct_domain_from_endpoints
Unviable	crates/topology/src/edge.rs	crates/topology/src/edge.rs:192:27: replace - with + in EdgeCurve::reconstruct_domain_from_endpoints
MissedMutant	crates/topology/src/edge.rs	crates/topology/src/edge.rs:192:43: replace < with == in EdgeCurve::reconstruct_domain_from_endpoints
Unviable	crates/topology/src/edge.rs	crates/topology/src/edge.rs:192:27: replace - with / in EdgeCurve::reconstruct_domain_from_endpoints
CaughtMutant	crates/topology/src/edge.rs	crates/topology/src/edge.rs:192:43: replace < with > in EdgeCurve::reconstruct_domain_from_endpoints
MissedMutant	crates/topology/src/edge.rs	crates/topology/src/edge.rs:192:43: replace < with <= in EdgeCurve::reconstruct_domain_from_endpoints
CaughtMutant	crates/topology/src/edge.rs	crates/topology/src/edge.rs:198:21: replace || with && in EdgeCurve::reconstruct_domain_from_endpoints
MissedMutant	crates/topology/src/edge.rs	crates/topology/src/edge.rs:197:53: replace && with || in EdgeCurve::reconstruct_domain_from_endpoints
Unviable	crates/topology/src/edge.rs	crates/topology/src/edge.rs:197:25: replace - with + in EdgeCurve::reconstruct_domain_from_endpoints
MissedMutant	crates/topology/src/edge.rs	crates/topology/src/edge.rs:197:43: replace < with == in EdgeCurve::reconstruct_domain_from_endpoints
Unviable	crates/topology/src/edge.rs	crates/topology/src/edge.rs:197:25: replace - with / in EdgeCurve::reconstruct_domain_from_endpoints
MissedMutant	crates/topology/src/edge.rs	crates/topology/src/edge.rs:197:43: replace < with > in EdgeCurve::reconstruct_domain_from_endpoints
MissedMutant	crates/topology/src/edge.rs	crates/topology/src/edge.rs:197:43: replace < with <= in EdgeCurve::reconstruct_domain_from_endpoints
Unviable	crates/topology/src/edge.rs	crates/topology/src/edge.rs:197:60: replace - with + in EdgeCurve::reconstruct_domain_from_endpoints
Unviable	crates/topology/src/edge.rs	crates/topology/src/edge.rs:197:60: replace - with / in EdgeCurve::reconstruct_domain_from_endpoints
MissedMutant	crates/topology/src/edge.rs	crates/topology/src/edge.rs:197:76: replace < with > in EdgeCurve::reconstruct_domain_from_endpoints
MissedMutant	crates/topology/src/edge.rs	crates/topology/src/edge.rs:197:76: replace < with == in EdgeCurve::reconstruct_domain_from_endpoints
MissedMutant	crates/topology/src/edge.rs	crates/topology/src/edge.rs:197:76: replace < with <= in EdgeCurve::reconstruct_domain_from_endpoints
MissedMutant	crates/topology/src/edge.rs	crates/topology/src/edge.rs:198:55: replace && with || in EdgeCurve::reconstruct_domain_from_endpoints
CaughtMutant	crates/topology/src/edge.rs	crates/topology/src/edge.rs:198:45: replace < with == in EdgeCurve::reconstruct_domain_from_endpoints
Unviable	crates/topology/src/edge.rs	crates/topology/src/edge.rs:198:29: replace - with + in EdgeCurve::reconstruct_domain_from_endpoints
CaughtMutant	crates/topology/src/edge.rs	crates/topology/src/edge.rs:198:45: replace < with > in EdgeCurve::reconstruct_domain_from_endpoints
Unviable	crates/topology/src/edge.rs	crates/topology/src/edge.rs:198:29: replace - with / in EdgeCurve::reconstruct_domain_from_endpoints
MissedMutant	crates/topology/src/edge.rs	crates/topology/src/edge.rs:198:45: replace < with <= in EdgeCurve::reconstruct_domain_from_endpoints
Unviable	crates/topology/src/edge.rs	crates/topology/src/edge.rs:198:62: replace - with + in EdgeCurve::reconstruct_domain_from_endpoints
Unviable	crates/topology/src/edge.rs	crates/topology/src/edge.rs:198:62: replace - with / in EdgeCurve::reconstruct_domain_from_endpoints
CaughtMutant	crates/topology/src/edge.rs	crates/topology/src/edge.rs:198:80: replace < with == in EdgeCurve::reconstruct_domain_from_endpoints
CaughtMutant	crates/topology/src/edge.rs	crates/topology/src/edge.rs:198:80: replace < with > in EdgeCurve::reconstruct_domain_from_endpoints
MissedMutant	crates/topology/src/edge.rs	crates/topology/src/edge.rs:198:80: replace < with <= in EdgeCurve::reconstruct_domain_from_endpoints
Unviable	crates/topology/src/edge.rs	crates/topology/src/edge.rs:213:42: replace - with + in EdgeCurve::reconstruct_domain_from_endpoints
CaughtMutant	crates/topology/src/edge.rs	crates/topology/src/edge.rs:212:43: replace - with + in EdgeCurve::reconstruct_domain_from_endpoints
Unviable	crates/topology/src/edge.rs	crates/topology/src/edge.rs:213:42: replace - with / in EdgeCurve::reconstruct_domain_from_endpoints
CaughtMutant	crates/topology/src/edge.rs	crates/topology/src/edge.rs:212:43: replace - with / in EdgeCurve::reconstruct_domain_from_endpoints
CaughtMutant	crates/topology/src/edge.rs	crates/topology/src/edge.rs:213:57: replace >= with < in EdgeCurve::reconstruct_domain_from_endpoints
CaughtMutant	crates/topology/src/edge.rs	crates/topology/src/edge.rs:217:25: replace && with || in EdgeCurve::reconstruct_domain_from_endpoints
CaughtMutant	crates/topology/src/edge.rs	crates/topology/src/edge.rs:216:25: replace && with || in EdgeCurve::reconstruct_domain_from_endpoints
CaughtMutant	crates/topology/src/edge.rs	crates/topology/src/edge.rs:215:25: replace && with || in EdgeCurve::reconstruct_domain_from_endpoints
CaughtMutant	crates/topology/src/edge.rs	crates/topology/src/edge.rs:214:36: replace < with == in EdgeCurve::reconstruct_domain_from_endpoints
CaughtMutant	crates/topology/src/edge.rs	crates/topology/src/edge.rs:214:36: replace < with > in EdgeCurve::reconstruct_domain_from_endpoints
MissedMutant	crates/topology/src/edge.rs	crates/topology/src/edge.rs:214:36: replace < with <= in EdgeCurve::reconstruct_domain_from_endpoints
CaughtMutant	crates/topology/src/edge.rs	crates/topology/src/edge.rs:215:40: replace < with == in EdgeCurve::reconstruct_domain_from_endpoints
CaughtMutant	crates/topology/src/edge.rs	crates/topology/src/edge.rs:215:40: replace < with > in EdgeCurve::reconstruct_domain_from_endpoints
MissedMutant	crates/topology/src/edge.rs	crates/topology/src/edge.rs:215:40: replace < with <= in EdgeCurve::reconstruct_domain_from_endpoints
CaughtMutant	crates/topology/src/edge.rs	crates/topology/src/edge.rs:216:37: replace > with == in EdgeCurve::reconstruct_domain_from_endpoints
CaughtMutant	crates/topology/src/edge.rs	crates/topology/src/edge.rs:216:37: replace > with < in EdgeCurve::reconstruct_domain_from_endpoints
MissedMutant	crates/topology/src/edge.rs	crates/topology/src/edge.rs:216:37: replace > with >= in EdgeCurve::reconstruct_domain_from_endpoints
CaughtMutant	crates/topology/src/edge.rs	crates/topology/src/edge.rs:216:44: replace * with + in EdgeCurve::reconstruct_domain_from_endpoints
MissedMutant	crates/topology/src/edge.rs	crates/topology/src/edge.rs:216:44: replace * with / in EdgeCurve::reconstruct_domain_from_endpoints
MissedMutant	crates/topology/src/edge.rs	crates/topology/src/edge.rs:216:50: replace - with + in EdgeCurve::reconstruct_domain_from_endpoints
CaughtMutant	crates/topology/src/edge.rs	crates/topology/src/edge.rs:216:50: replace - with / in EdgeCurve::reconstruct_domain_from_endpoints
CaughtMutant	crates/topology/src/edge.rs	crates/topology/src/edge.rs:217:38: replace || with && in EdgeCurve::reconstruct_domain_from_endpoints
MissedMutant	crates/topology/src/edge.rs	crates/topology/src/edge.rs:217:32: replace > with == in EdgeCurve::reconstruct_domain_from_endpoints
CaughtMutant	crates/topology/src/edge.rs	crates/topology/src/edge.rs:217:32: replace > with < in EdgeCurve::reconstruct_domain_from_endpoints
MissedMutant	crates/topology/src/edge.rs	crates/topology/src/edge.rs:217:32: replace > with >= in EdgeCurve::reconstruct_domain_from_endpoints
CaughtMutant	crates/topology/src/edge.rs	crates/topology/src/edge.rs:235:9: replace EdgeCurve::domain_with_endpoints -> (f64, f64) with (0.0, 0.0)
CaughtMutant	crates/topology/src/edge.rs	crates/topology/src/edge.rs:235:9: replace EdgeCurve::domain_with_endpoints -> (f64, f64) with (0.0, 1.0)
CaughtMutant	crates/topology/src/edge.rs	crates/topology/src/edge.rs:235:9: replace EdgeCurve::domain_with_endpoints -> (f64, f64) with (0.0, -1.0)
CaughtMutant	crates/topology/src/edge.rs	crates/topology/src/edge.rs:235:9: replace EdgeCurve::domain_with_endpoints -> (f64, f64) with (1.0, 0.0)
CaughtMutant	crates/topology/src/edge.rs	crates/topology/src/edge.rs:235:9: replace EdgeCurve::domain_with_endpoints -> (f64, f64) with (1.0, 1.0)
CaughtMutant	crates/topology/src/edge.rs	crates/topology/src/edge.rs:235:9: replace EdgeCurve::domain_with_endpoints -> (f64, f64) with (1.0, -1.0)
CaughtMutant	crates/topology/src/edge.rs	crates/topology/src/edge.rs:235:9: replace EdgeCurve::domain_with_endpoints -> (f64, f64) with (-1.0, 0.0)
CaughtMutant	crates/topology/src/edge.rs	crates/topology/src/edge.rs:235:9: replace EdgeCurve::domain_with_endpoints -> (f64, f64) with (-1.0, 1.0)
Unviable	crates/topology/src/edge.rs	crates/topology/src/edge.rs:301:9: replace Edge::with_tolerance -> Self with Default::default()
CaughtMutant	crates/topology/src/edge.rs	crates/topology/src/edge.rs:235:9: replace EdgeCurve::domain_with_endpoints -> (f64, f64) with (-1.0, -1.0)
Unviable	crates/topology/src/edge.rs	crates/topology/src/edge.rs:313:9: replace Edge::start -> VertexId with Default::default()
Unviable	crates/topology/src/edge.rs	crates/topology/src/edge.rs:319:9: replace Edge::end -> VertexId with Default::default()
Unviable	crates/topology/src/edge.rs	crates/topology/src/edge.rs:325:9: replace Edge::curve -> &EdgeCurve with Box::leak(Box::new(Default::default()))
CaughtMutant	crates/topology/src/edge.rs	crates/topology/src/edge.rs:241:9: replace EdgeCurve::type_tag -> &'static str with ""
CaughtMutant	crates/topology/src/edge.rs	crates/topology/src/edge.rs:241:9: replace EdgeCurve::type_tag -> &'static str with "xyzzy"
CaughtMutant	crates/topology/src/edge.rs	crates/topology/src/edge.rs:331:9: replace Edge::is_closed -> bool with true
CaughtMutant	crates/topology/src/edge.rs	crates/topology/src/edge.rs:331:9: replace Edge::is_closed -> bool with false
CaughtMutant	crates/topology/src/edge.rs	crates/topology/src/edge.rs:331:20: replace == with != in Edge::is_closed
MissedMutant	crates/topology/src/edge.rs	crates/topology/src/edge.rs:336:9: replace Edge::set_start with ()
MissedMutant	crates/topology/src/edge.rs	crates/topology/src/edge.rs:341:9: replace Edge::set_end with ()
CaughtMutant	crates/topology/src/edge.rs	crates/topology/src/edge.rs:349:9: replace Edge::set_curve with ()
CaughtMutant	crates/topology/src/edge.rs	crates/topology/src/edge.rs:357:9: replace Edge::trim -> Option<(f64, f64)> with None
CaughtMutant	crates/topology/src/edge.rs	crates/topology/src/edge.rs:357:9: replace Edge::trim -> Option<(f64, f64)> with Some((0.0, 0.0))
CaughtMutant	crates/topology/src/edge.rs	crates/topology/src/edge.rs:357:9: replace Edge::trim -> Option<(f64, f64)> with Some((0.0, 1.0))
CaughtMutant	crates/topology/src/edge.rs	crates/topology/src/edge.rs:357:9: replace Edge::trim -> Option<(f64, f64)> with Some((0.0, -1.0))
CaughtMutant	crates/topology/src/edge.rs	crates/topology/src/edge.rs:357:9: replace Edge::trim -> Option<(f64, f64)> with Some((1.0, 0.0))
CaughtMutant	crates/topology/src/edge.rs	crates/topology/src/edge.rs:357:9: replace Edge::trim -> Option<(f64, f64)> with Some((1.0, 1.0))
CaughtMutant	crates/topology/src/edge.rs	crates/topology/src/edge.rs:357:9: replace Edge::trim -> Option<(f64, f64)> with Some((1.0, -1.0))
CaughtMutant	crates/topology/src/edge.rs	crates/topology/src/edge.rs:357:9: replace Edge::trim -> Option<(f64, f64)> with Some((-1.0, 0.0))
CaughtMutant	crates/topology/src/edge.rs	crates/topology/src/edge.rs:357:9: replace Edge::trim -> Option<(f64, f64)> with Some((-1.0, 1.0))
CaughtMutant	crates/topology/src/edge.rs	crates/topology/src/edge.rs:357:9: replace Edge::trim -> Option<(f64, f64)> with Some((-1.0, -1.0))
CaughtMutant	crates/topology/src/edge.rs	crates/topology/src/edge.rs:367:9: replace Edge::set_trim with ()
CaughtMutant	crates/topology/src/edge.rs	crates/topology/src/edge.rs:367:59: replace && with || in Edge::set_trim
CaughtMutant	crates/topology/src/edge.rs	crates/topology/src/edge.rs:380:9: replace Edge::domain_with_endpoints -> (f64, f64) with (0.0, 0.0)
CaughtMutant	crates/topology/src/edge.rs	crates/topology/src/edge.rs:380:9: replace Edge::domain_with_endpoints -> (f64, f64) with (0.0, 1.0)
CaughtMutant	crates/topology/src/edge.rs	crates/topology/src/edge.rs:380:9: replace Edge::domain_with_endpoints -> (f64, f64) with (0.0, -1.0)
CaughtMutant	crates/topology/src/edge.rs	crates/topology/src/edge.rs:380:9: replace Edge::domain_with_endpoints -> (f64, f64) with (1.0, 0.0)
CaughtMutant	crates/topology/src/edge.rs	crates/topology/src/edge.rs:380:9: replace Edge::domain_with_endpoints -> (f64, f64) with (1.0, 1.0)
CaughtMutant	crates/topology/src/edge.rs	crates/topology/src/edge.rs:380:9: replace Edge::domain_with_endpoints -> (f64, f64) with (1.0, -1.0)
CaughtMutant	crates/topology/src/edge.rs	crates/topology/src/edge.rs:380:9: replace Edge::domain_with_endpoints -> (f64, f64) with (-1.0, 0.0)
CaughtMutant	crates/topology/src/edge.rs	crates/topology/src/edge.rs:380:9: replace Edge::domain_with_endpoints -> (f64, f64) with (-1.0, 1.0)
CaughtMutant	crates/topology/src/edge.rs	crates/topology/src/edge.rs:380:9: replace Edge::domain_with_endpoints -> (f64, f64) with (-1.0, -1.0)
CaughtMutant	crates/topology/src/edge.rs	crates/topology/src/edge.rs:397:9: replace Edge::strict_domain -> Result<(f64, f64), EdgeDomainError> with Ok((0.0, 0.0))
CaughtMutant	crates/topology/src/edge.rs	crates/topology/src/edge.rs:397:9: replace Edge::strict_domain -> Result<(f64, f64), EdgeDomainError> with Ok((0.0, 1.0))
CaughtMutant	crates/topology/src/edge.rs	crates/topology/src/edge.rs:397:9: replace Edge::strict_domain -> Result<(f64, f64), EdgeDomainError> with Ok((0.0, -1.0))
CaughtMutant	crates/topology/src/edge.rs	crates/topology/src/edge.rs:397:9: replace Edge::strict_domain -> Result<(f64, f64), EdgeDomainError> with Ok((1.0, 0.0))
CaughtMutant	crates/topology/src/edge.rs	crates/topology/src/edge.rs:397:9: replace Edge::strict_domain -> Result<(f64, f64), EdgeDomainError> with Ok((1.0, 1.0))
CaughtMutant	crates/topology/src/edge.rs	crates/topology/src/edge.rs:397:9: replace Edge::strict_domain -> Result<(f64, f64), EdgeDomainError> with Ok((1.0, -1.0))
CaughtMutant	crates/topology/src/edge.rs	crates/topology/src/edge.rs:397:9: replace Edge::strict_domain -> Result<(f64, f64), EdgeDomainError> with Ok((-1.0, 0.0))
CaughtMutant	crates/topology/src/edge.rs	crates/topology/src/edge.rs:397:9: replace Edge::strict_domain -> Result<(f64, f64), EdgeDomainError> with Ok((-1.0, 1.0))
CaughtMutant	crates/topology/src/edge.rs	crates/topology/src/edge.rs:397:9: replace Edge::strict_domain -> Result<(f64, f64), EdgeDomainError> with Ok((-1.0, -1.0))
MissedMutant	crates/topology/src/edge.rs	crates/topology/src/edge.rs:400:21: replace && with || in Edge::strict_domain
CaughtMutant	crates/topology/src/edge.rs	crates/topology/src/edge.rs:399:44: replace == with != in Edge::strict_domain
CaughtMutant	crates/topology/src/edge.rs	crates/topology/src/edge.rs:400:46: replace == with != in Edge::strict_domain
CaughtMutant	crates/topology/src/edge.rs	crates/topology/src/edge.rs:420:13: replace || with && in Edge::strict_domain
MissedMutant	crates/topology/src/edge.rs	crates/topology/src/edge.rs:419:13: replace || with && in Edge::strict_domain
CaughtMutant	crates/topology/src/edge.rs	crates/topology/src/edge.rs:418:30: delete ! in Edge::strict_domain
CaughtMutant	crates/topology/src/edge.rs	crates/topology/src/edge.rs:419:16: delete ! in Edge::strict_domain
CaughtMutant	crates/topology/src/edge.rs	crates/topology/src/edge.rs:420:40: replace == with != in Edge::strict_domain
CaughtMutant	crates/topology/src/edge.rs	crates/topology/src/edge.rs:423:61: delete ! in Edge::strict_domain
MissedMutant	crates/topology/src/edge.rs	crates/topology/src/edge.rs:432:82: replace || with && in Edge::strict_domain
MissedMutant	crates/topology/src/edge.rs	crates/topology/src/edge.rs:432:60: replace || with && in Edge::strict_domain
CaughtMutant	crates/topology/src/edge.rs	crates/topology/src/edge.rs:432:38: replace || with && in Edge::strict_domain
CaughtMutant	crates/topology/src/edge.rs	crates/topology/src/edge.rs:432:23: replace < with == in Edge::strict_domain
CaughtMutant	crates/topology/src/edge.rs	crates/topology/src/edge.rs:432:23: replace < with > in Edge::strict_domain
CaughtMutant	crates/topology/src/edge.rs	crates/topology/src/edge.rs:432:23: replace < with <= in Edge::strict_domain
CaughtMutant	crates/topology/src/edge.rs	crates/topology/src/edge.rs:432:47: replace > with == in Edge::strict_domain
CaughtMutant	crates/topology/src/edge.rs	crates/topology/src/edge.rs:432:47: replace > with < in Edge::strict_domain
CaughtMutant	crates/topology/src/edge.rs	crates/topology/src/edge.rs:432:47: replace > with >= in Edge::strict_domain
CaughtMutant	crates/topology/src/edge.rs	crates/topology/src/edge.rs:432:67: replace < with == in Edge::strict_domain
CaughtMutant	crates/topology/src/edge.rs	crates/topology/src/edge.rs:432:67: replace < with > in Edge::strict_domain
CaughtMutant	crates/topology/src/edge.rs	crates/topology/src/edge.rs:432:67: replace < with <= in Edge::strict_domain
CaughtMutant	crates/topology/src/edge.rs	crates/topology/src/edge.rs:432:89: replace > with == in Edge::strict_domain
CaughtMutant	crates/topology/src/edge.rs	crates/topology/src/edge.rs:432:89: replace > with < in Edge::strict_domain
CaughtMutant	crates/topology/src/edge.rs	crates/topology/src/edge.rs:432:89: replace > with >= in Edge::strict_domain
CaughtMutant	crates/topology/src/edge.rs	crates/topology/src/edge.rs:438:21: replace || with && in Edge::strict_domain
MissedMutant	crates/topology/src/edge.rs	crates/topology/src/edge.rs:437:61: delete ! in Edge::strict_domain
MissedMutant	crates/topology/src/edge.rs	crates/topology/src/edge.rs:440:69: delete ! in Edge::strict_domain
CaughtMutant	crates/topology/src/edge.rs	crates/topology/src/edge.rs:446:21: replace || with && in Edge::strict_domain
MissedMutant	crates/topology/src/edge.rs	crates/topology/src/edge.rs:445:61: delete ! in Edge::strict_domain
MissedMutant	crates/topology/src/edge.rs	crates/topology/src/edge.rs:448:69: delete ! in Edge::strict_domain
CaughtMutant	crates/topology/src/edge.rs	crates/topology/src/edge.rs:451:27: replace || with && in Edge::strict_domain
CaughtMutant	crates/topology/src/edge.rs	crates/topology/src/edge.rs:465:9: replace Edge::tolerance -> Option<f64> with None
CaughtMutant	crates/topology/src/edge.rs	crates/topology/src/edge.rs:465:9: replace Edge::tolerance -> Option<f64> with Some(0.0)
Unviable	crates/topology/src/edge.rs	crates/topology/src/edge.rs:489:13: replace && with || in Edge::set_tolerance
CaughtMutant	crates/topology/src/edge.rs	crates/topology/src/edge.rs:465:9: replace Edge::tolerance -> Option<f64> with Some(1.0)
CaughtMutant	crates/topology/src/edge.rs	crates/topology/src/edge.rs:465:9: replace Edge::tolerance -> Option<f64> with Some(-1.0)
CaughtMutant	crates/topology/src/edge.rs	crates/topology/src/edge.rs:488:9: replace Edge::set_tolerance -> Result<(), TopologyError> with Ok(())
CaughtMutant	crates/topology/src/edge.rs	crates/topology/src/edge.rs:489:36: replace || with && in Edge::set_tolerance
CaughtMutant	crates/topology/src/edge.rs	crates/topology/src/edge.rs:489:17: delete ! in Edge::set_tolerance
CaughtMutant	crates/topology/src/edge.rs	crates/topology/src/edge.rs:507:9: replace Edge::effective_tolerance -> f64 with 0.0
CaughtMutant	crates/topology/src/edge.rs	crates/topology/src/edge.rs:507:9: replace Edge::effective_tolerance -> f64 with 1.0
CaughtMutant	crates/topology/src/edge.rs	crates/topology/src/edge.rs:507:9: replace Edge::effective_tolerance -> f64 with -1.0
CaughtMutant	crates/topology/src/edge.rs	crates/topology/src/edge.rs:518:5: replace periodic_domain_is_valid -> bool with true
CaughtMutant	crates/topology/src/edge.rs	crates/topology/src/edge.rs:518:5: replace periodic_domain_is_valid -> bool with false
CaughtMutant	crates/topology/src/edge.rs	crates/topology/src/edge.rs:518:21: replace - with + in periodic_domain_is_valid
CaughtMutant	crates/topology/src/edge.rs	crates/topology/src/edge.rs:518:21: replace - with / in periodic_domain_is_valid
CaughtMutant	crates/topology/src/edge.rs	crates/topology/src/edge.rs:519:49: replace * with + in periodic_domain_is_valid
CaughtMutant	crates/topology/src/edge.rs	crates/topology/src/edge.rs:519:49: replace * with / in periodic_domain_is_valid
MissedMutant	crates/topology/src/edge.rs	crates/topology/src/edge.rs:519:34: replace * with + in periodic_domain_is_valid
CaughtMutant	crates/topology/src/edge.rs	crates/topology/src/edge.rs:519:34: replace * with / in periodic_domain_is_valid
CaughtMutant	crates/topology/src/edge.rs	crates/topology/src/edge.rs:520:8: delete ! in periodic_domain_is_valid
CaughtMutant	crates/topology/src/edge.rs	crates/topology/src/edge.rs:521:21: replace <= with > in periodic_domain_is_valid
CaughtMutant	crates/topology/src/edge.rs	crates/topology/src/edge.rs:527:9: replace || with && in periodic_domain_is_valid
MissedMutant	crates/topology/src/edge.rs	crates/topology/src/edge.rs:526:9: replace || with && in periodic_domain_is_valid
CaughtMutant	crates/topology/src/edge.rs	crates/topology/src/edge.rs:525:8: delete ! in periodic_domain_is_valid
CaughtMutant	crates/topology/src/edge.rs	crates/topology/src/edge.rs:527:49: replace > with == in periodic_domain_is_valid
CaughtMutant	crates/topology/src/edge.rs	crates/topology/src/edge.rs:527:49: replace > with < in periodic_domain_is_valid
Unviable	crates/topology/src/edge.rs	crates/topology/src/edge.rs:532:36: replace - with + in periodic_domain_is_valid
Unviable	crates/topology/src/edge.rs	crates/topology/src/edge.rs:532:36: replace - with / in periodic_domain_is_valid
MissedMutant	crates/topology/src/edge.rs	crates/topology/src/edge.rs:527:49: replace > with >= in periodic_domain_is_valid
CaughtMutant	crates/topology/src/edge.rs	crates/topology/src/edge.rs:527:18: replace - with + in periodic_domain_is_valid
CaughtMutant	crates/topology/src/edge.rs	crates/topology/src/edge.rs:527:18: replace - with / in periodic_domain_is_valid
CaughtMutant	crates/topology/src/edge.rs	crates/topology/src/edge.rs:533:25: replace && with || in periodic_domain_is_valid
CaughtMutant	crates/topology/src/edge.rs	crates/topology/src/edge.rs:533:36: replace <= with > in periodic_domain_is_valid
CaughtMutant	crates/topology/src/edge.rs	crates/topology/src/edge.rs:543:5: replace periodic_curve_domain_is_valid -> bool with true
CaughtMutant	crates/topology/src/edge.rs	crates/topology/src/edge.rs:543:5: replace periodic_curve_domain_is_valid -> bool with false
CaughtMutant	crates/topology/src/edge.rs	crates/topology/src/edge.rs:551:15: replace && with || in periodic_curve_domain_is_valid
CaughtMutant	crates/topology/src/edge.rs	crates/topology/src/edge.rs:562:15: replace && with || in periodic_curve_domain_is_valid
CaughtMutant	crates/topology/src/edge.rs	crates/topology/src/edge.rs:580:5: replace periodic_curve_is_finite -> bool with true
CaughtMutant	crates/topology/src/edge.rs	crates/topology/src/edge.rs:580:5: replace periodic_curve_is_finite -> bool with false
MissedMutant	crates/topology/src/edge.rs	crates/topology/src/edge.rs:581:49: replace * with + in periodic_curve_is_finite
CaughtMutant	crates/topology/src/edge.rs	crates/topology/src/edge.rs:581:49: replace * with / in periodic_curve_is_finite
MissedMutant	crates/topology/src/edge.rs	crates/topology/src/edge.rs:582:49: replace * with + in periodic_curve_is_finite
MissedMutant	crates/topology/src/edge.rs	crates/topology/src/edge.rs:582:49: replace * with / in periodic_curve_is_finite
MissedMutant	crates/topology/src/edge.rs	crates/topology/src/edge.rs:583:37: replace + with - in periodic_curve_is_finite
CaughtMutant	crates/topology/src/edge.rs	crates/topology/src/edge.rs:583:37: replace + with * in periodic_curve_is_finite
CaughtMutant	crates/topology/src/edge.rs	crates/topology/src/edge.rs:584:56: replace + with - in periodic_curve_is_finite
MissedMutant	crates/topology/src/edge.rs	crates/topology/src/edge.rs:584:56: replace + with * in periodic_curve_is_finite
Unviable	crates/topology/src/explorer.rs	crates/topology/src/explorer.rs:27:5: replace solid_faces -> Result<Vec<FaceId>, TopologyError> with Ok(vec![Default::default()])
CaughtMutant	crates/topology/src/edge.rs	crates/topology/src/edge.rs:585:35: replace && with || in periodic_curve_is_finite
CaughtMutant	crates/topology/src/explorer.rs	crates/topology/src/explorer.rs:27:5: replace solid_faces -> Result<Vec<FaceId>, TopologyError> with Ok(vec![])
Unviable	crates/topology/src/explorer.rs	crates/topology/src/explorer.rs:46:5: replace solid_edges -> Result<Vec<EdgeId>, TopologyError> with Ok(vec![Default::default()])
Unviable	crates/topology/src/explorer.rs	crates/topology/src/explorer.rs:66:5: replace solid_vertices -> Result<Vec<VertexId>, TopologyError> with Ok(vec![Default::default()])
Unviable	crates/topology/src/explorer.rs	crates/topology/src/explorer.rs:90:5: replace face_edges -> Result<Vec<EdgeId>, TopologyError> with Ok(vec![Default::default()])
MissedMutant	crates/topology/src/explorer.rs	crates/topology/src/explorer.rs:46:5: replace solid_edges -> Result<Vec<EdgeId>, TopologyError> with Ok(vec![])
MissedMutant	crates/topology/src/explorer.rs	crates/topology/src/explorer.rs:66:5: replace solid_vertices -> Result<Vec<VertexId>, TopologyError> with Ok(vec![])
MissedMutant	crates/topology/src/explorer.rs	crates/topology/src/explorer.rs:90:5: replace face_edges -> Result<Vec<EdgeId>, TopologyError> with Ok(vec![])
Unviable	crates/topology/src/explorer.rs	crates/topology/src/explorer.rs:114:5: replace face_vertices -> Result<Vec<VertexId>, TopologyError> with Ok(vec![Default::default()])
Unviable	crates/topology/src/explorer.rs	crates/topology/src/explorer.rs:151:5: replace edge_to_face_map -> Result<BTreeMap<usize, SmallVec<[FaceId; 2]>>, TopologyError> with Ok(BTreeMap::from_iter([(0, SmallVec::from_iter([[Default::default(); 2]]))]))
Unviable	crates/topology/src/explorer.rs	crates/topology/src/explorer.rs:151:5: replace edge_to_face_map -> Result<BTreeMap<usize, SmallVec<[FaceId; 2]>>, TopologyError> with Ok(BTreeMap::from_iter([(0, SmallVec::new([Default::default(); 2]))]))
Unviable	crates/topology/src/explorer.rs	crates/topology/src/explorer.rs:151:5: replace edge_to_face_map -> Result<BTreeMap<usize, SmallVec<[FaceId; 2]>>, TopologyError> with Ok(BTreeMap::from_iter([(0, SmallVec::from([Default::default(); 2]))]))
MissedMutant	crates/topology/src/explorer.rs	crates/topology/src/explorer.rs:114:5: replace face_vertices -> Result<Vec<VertexId>, TopologyError> with Ok(vec![])
MissedMutant	crates/topology/src/explorer.rs	crates/topology/src/explorer.rs:151:5: replace edge_to_face_map -> Result<BTreeMap<usize, SmallVec<[FaceId; 2]>>, TopologyError> with Ok(BTreeMap::new())
Unviable	crates/topology/src/explorer.rs	crates/topology/src/explorer.rs:151:5: replace edge_to_face_map -> Result<BTreeMap<usize, SmallVec<[FaceId; 2]>>, TopologyError> with Ok(BTreeMap::from_iter([(1, SmallVec::from_iter([[Default::default(); 2]]))]))
MissedMutant	crates/topology/src/explorer.rs	crates/topology/src/explorer.rs:151:5: replace edge_to_face_map -> Result<BTreeMap<usize, SmallVec<[FaceId; 2]>>, TopologyError> with Ok(BTreeMap::from_iter([(0, SmallVec::new())]))
Unviable	crates/topology/src/explorer.rs	crates/topology/src/explorer.rs:151:5: replace edge_to_face_map -> Result<BTreeMap<usize, SmallVec<[FaceId; 2]>>, TopologyError> with Ok(BTreeMap::from_iter([(1, SmallVec::new([Default::default(); 2]))]))
Unviable	crates/topology/src/explorer.rs	crates/topology/src/explorer.rs:151:5: replace edge_to_face_map -> Result<BTreeMap<usize, SmallVec<[FaceId; 2]>>, TopologyError> with Ok(BTreeMap::from_iter([(1, SmallVec::from([Default::default(); 2]))]))
Unviable	crates/topology/src/explorer.rs	crates/topology/src/explorer.rs:167:5: replace edge_to_face_map_for_faces -> Result<BTreeMap<usize, SmallVec<[FaceId; 2]>>, TopologyError> with Ok(BTreeMap::from_iter([(0, SmallVec::from_iter([[Default::default(); 2]]))]))
MissedMutant	crates/topology/src/explorer.rs	crates/topology/src/explorer.rs:151:5: replace edge_to_face_map -> Result<BTreeMap<usize, SmallVec<[FaceId; 2]>>, TopologyError> with Ok(BTreeMap::from_iter([(1, SmallVec::new())]))
Unviable	crates/topology/src/explorer.rs	crates/topology/src/explorer.rs:167:5: replace edge_to_face_map_for_faces -> Result<BTreeMap<usize, SmallVec<[FaceId; 2]>>, TopologyError> with Ok(BTreeMap::from_iter([(0, SmallVec::new([Default::default(); 2]))]))
MissedMutant	crates/topology/src/explorer.rs	crates/topology/src/explorer.rs:167:5: replace edge_to_face_map_for_faces -> Result<BTreeMap<usize, SmallVec<[FaceId; 2]>>, TopologyError> with Ok(BTreeMap::new())
Unviable	crates/topology/src/explorer.rs	crates/topology/src/explorer.rs:167:5: replace edge_to_face_map_for_faces -> Result<BTreeMap<usize, SmallVec<[FaceId; 2]>>, TopologyError> with Ok(BTreeMap::from_iter([(0, SmallVec::from([Default::default(); 2]))]))
MissedMutant	crates/topology/src/explorer.rs	crates/topology/src/explorer.rs:167:5: replace edge_to_face_map_for_faces -> Result<BTreeMap<usize, SmallVec<[FaceId; 2]>>, TopologyError> with Ok(BTreeMap::from_iter([(0, SmallVec::new())]))
Unviable	crates/topology/src/explorer.rs	crates/topology/src/explorer.rs:167:5: replace edge_to_face_map_for_faces -> Result<BTreeMap<usize, SmallVec<[FaceId; 2]>>, TopologyError> with Ok(BTreeMap::from_iter([(1, SmallVec::from_iter([[Default::default(); 2]]))]))
Unviable	crates/topology/src/explorer.rs	crates/topology/src/explorer.rs:167:5: replace edge_to_face_map_for_faces -> Result<BTreeMap<usize, SmallVec<[FaceId; 2]>>, TopologyError> with Ok(BTreeMap::from_iter([(1, SmallVec::new([Default::default(); 2]))]))
Unviable	crates/topology/src/explorer.rs	crates/topology/src/explorer.rs:167:5: replace edge_to_face_map_for_faces -> Result<BTreeMap<usize, SmallVec<[FaceId; 2]>>, TopologyError> with Ok(BTreeMap::from_iter([(1, SmallVec::from([Default::default(); 2]))]))
Unviable	crates/topology/src/explorer.rs	crates/topology/src/explorer.rs:199:5: replace shared_edges -> Result<Vec<EdgeId>, TopologyError> with Ok(vec![Default::default()])
Unviable	crates/topology/src/explorer.rs	crates/topology/src/explorer.rs:223:5: replace adjacent_faces -> Result<Vec<FaceId>, TopologyError> with Ok(vec![Default::default()])
MissedMutant	crates/topology/src/explorer.rs	crates/topology/src/explorer.rs:167:5: replace edge_to_face_map_for_faces -> Result<BTreeMap<usize, SmallVec<[FaceId; 2]>>, TopologyError> with Ok(BTreeMap::from_iter([(1, SmallVec::new())]))
MissedMutant	crates/topology/src/explorer.rs	crates/topology/src/explorer.rs:199:5: replace shared_edges -> Result<Vec<EdgeId>, TopologyError> with Ok(vec![])
MissedMutant	crates/topology/src/explorer.rs	crates/topology/src/explorer.rs:223:5: replace adjacent_faces -> Result<Vec<FaceId>, TopologyError> with Ok(vec![])
Unviable	crates/topology/src/explorer.rs	crates/topology/src/explorer.rs:249:5: replace face_wires -> Result<Vec<WireId>, TopologyError> with Ok(vec![Default::default()])
MissedMutant	crates/topology/src/explorer.rs	crates/topology/src/explorer.rs:229:32: replace != with == in adjacent_faces
MissedMutant	crates/topology/src/explorer.rs	crates/topology/src/explorer.rs:229:48: replace && with || in adjacent_faces
MissedMutant	crates/topology/src/explorer.rs	crates/topology/src/explorer.rs:249:5: replace face_wires -> Result<Vec<WireId>, TopologyError> with Ok(vec![])
MissedMutant	crates/topology/src/explorer.rs	crates/topology/src/explorer.rs:269:5: replace solid_entity_counts -> Result<(usize, usize, usize), TopologyError> with Ok((0, 0, 0))
MissedMutant	crates/topology/src/explorer.rs	crates/topology/src/explorer.rs:269:5: replace solid_entity_counts -> Result<(usize, usize, usize), TopologyError> with Ok((0, 0, 1))
MissedMutant	crates/topology/src/explorer.rs	crates/topology/src/explorer.rs:269:5: replace solid_entity_counts -> Result<(usize, usize, usize), TopologyError> with Ok((0, 1, 0))
MissedMutant	crates/topology/src/explorer.rs	crates/topology/src/explorer.rs:269:5: replace solid_entity_counts -> Result<(usize, usize, usize), TopologyError> with Ok((0, 1, 1))
MissedMutant	crates/topology/src/explorer.rs	crates/topology/src/explorer.rs:269:5: replace solid_entity_counts -> Result<(usize, usize, usize), TopologyError> with Ok((1, 0, 0))
MissedMutant	crates/topology/src/explorer.rs	crates/topology/src/explorer.rs:269:5: replace solid_entity_counts -> Result<(usize, usize, usize), TopologyError> with Ok((1, 0, 1))
Unviable	crates/topology/src/face.rs	crates/topology/src/face.rs:55:9: replace FaceSurface::evaluate -> Option<Point3> with Some(Default::default())
MissedMutant	crates/topology/src/explorer.rs	crates/topology/src/explorer.rs:269:5: replace solid_entity_counts -> Result<(usize, usize, usize), TopologyError> with Ok((1, 1, 0))
MissedMutant	crates/topology/src/explorer.rs	crates/topology/src/explorer.rs:269:5: replace solid_entity_counts -> Result<(usize, usize, usize), TopologyError> with Ok((1, 1, 1))
Unviable	crates/topology/src/face.rs	crates/topology/src/face.rs:73:9: replace FaceSurface::normal -> Vec3 with Default::default()
CaughtMutant	crates/topology/src/face.rs	crates/topology/src/face.rs:55:9: replace FaceSurface::evaluate -> Option<Point3> with None
MissedMutant	crates/topology/src/face.rs	crates/topology/src/face.rs:90:9: replace FaceSurface::project_point -> Option<(f64, f64)> with None
MissedMutant	crates/topology/src/face.rs	crates/topology/src/face.rs:90:9: replace FaceSurface::project_point -> Option<(f64, f64)> with Some((0.0, 0.0))
MissedMutant	crates/topology/src/face.rs	crates/topology/src/face.rs:90:9: replace FaceSurface::project_point -> Option<(f64, f64)> with Some((0.0, 1.0))
MissedMutant	crates/topology/src/face.rs	crates/topology/src/face.rs:90:9: replace FaceSurface::project_point -> Option<(f64, f64)> with Some((0.0, -1.0))
MissedMutant	crates/topology/src/face.rs	crates/topology/src/face.rs:90:9: replace FaceSurface::project_point -> Option<(f64, f64)> with Some((1.0, 0.0))
MissedMutant	crates/topology/src/face.rs	crates/topology/src/face.rs:90:9: replace FaceSurface::project_point -> Option<(f64, f64)> with Some((1.0, 1.0))
MissedMutant	crates/topology/src/face.rs	crates/topology/src/face.rs:90:9: replace FaceSurface::project_point -> Option<(f64, f64)> with Some((1.0, -1.0))
MissedMutant	crates/topology/src/face.rs	crates/topology/src/face.rs:90:9: replace FaceSurface::project_point -> Option<(f64, f64)> with Some((-1.0, 0.0))
Unviable	crates/topology/src/face.rs	crates/topology/src/face.rs:107:9: replace FaceSurface::partial_u -> Option<Vec3> with Some(Default::default())
MissedMutant	crates/topology/src/face.rs	crates/topology/src/face.rs:90:9: replace FaceSurface::project_point -> Option<(f64, f64)> with Some((-1.0, 1.0))
MissedMutant	crates/topology/src/face.rs	crates/topology/src/face.rs:90:9: replace FaceSurface::project_point -> Option<(f64, f64)> with Some((-1.0, -1.0))
Unviable	crates/topology/src/face.rs	crates/topology/src/face.rs:124:9: replace FaceSurface::partial_v -> Option<Vec3> with Some(Default::default())
MissedMutant	crates/topology/src/face.rs	crates/topology/src/face.rs:107:9: replace FaceSurface::partial_u -> Option<Vec3> with None
MissedMutant	crates/topology/src/face.rs	crates/topology/src/face.rs:124:9: replace FaceSurface::partial_v -> Option<Vec3> with None
MissedMutant	crates/topology/src/face.rs	crates/topology/src/face.rs:141:9: replace FaceSurface::estimate_radius -> f64 with 1.0
MissedMutant	crates/topology/src/face.rs	crates/topology/src/face.rs:141:9: replace FaceSurface::estimate_radius -> f64 with 0.0
MissedMutant	crates/topology/src/face.rs	crates/topology/src/face.rs:141:9: replace FaceSurface::estimate_radius -> f64 with -1.0
MissedMutant	crates/topology/src/face.rs	crates/topology/src/face.rs:162:33: replace - with + in FaceSurface::estimate_radius
MissedMutant	crates/topology/src/face.rs	crates/topology/src/face.rs:162:33: replace - with / in FaceSurface::estimate_radius
MissedMutant	crates/topology/src/face.rs	crates/topology/src/face.rs:163:33: replace - with + in FaceSurface::estimate_radius
MissedMutant	crates/topology/src/face.rs	crates/topology/src/face.rs:163:33: replace - with / in FaceSurface::estimate_radius
MissedMutant	crates/topology/src/face.rs	crates/topology/src/face.rs:164:33: replace - with + in FaceSurface::estimate_radius
MissedMutant	crates/topology/src/face.rs	crates/topology/src/face.rs:164:33: replace - with / in FaceSurface::estimate_radius
MissedMutant	crates/topology/src/face.rs	crates/topology/src/face.rs:165:40: replace * with + in FaceSurface::estimate_radius
MissedMutant	crates/topology/src/face.rs	crates/topology/src/face.rs:165:40: replace * with / in FaceSurface::estimate_radius
MissedMutant	crates/topology/src/face.rs	crates/topology/src/face.rs:173:9: replace FaceSurface::type_tag -> &'static str with ""
MissedMutant	crates/topology/src/face.rs	crates/topology/src/face.rs:173:9: replace FaceSurface::type_tag -> &'static str with "xyzzy"
MissedMutant	crates/topology/src/face.rs	crates/topology/src/face.rs:186:9: replace FaceSurface::is_planar -> bool with true
MissedMutant	crates/topology/src/face.rs	crates/topology/src/face.rs:186:9: replace FaceSurface::is_planar -> bool with false
MissedMutant	crates/topology/src/face.rs	crates/topology/src/face.rs:192:9: replace FaceSurface::is_analytic -> bool with true
Unviable	crates/topology/src/face.rs	crates/topology/src/face.rs:201:9: replace FaceSurface::as_analytic -> Option<remus_math::analytic_intersection::AnalyticSurface<'_>> with Some(Default::default())
MissedMutant	crates/topology/src/face.rs	crates/topology/src/face.rs:192:9: replace FaceSurface::is_analytic -> bool with false
Unviable	crates/topology/src/face.rs	crates/topology/src/face.rs:279:9: replace Face::new_reversed -> Self with Default::default()
MissedMutant	crates/topology/src/face.rs	crates/topology/src/face.rs:192:9: delete ! in FaceSurface::is_analytic
Unviable	crates/topology/src/face.rs	crates/topology/src/face.rs:291:9: replace Face::outer_wire -> WireId with Default::default()
Unviable	crates/topology/src/face.rs	crates/topology/src/face.rs:306:9: replace Face::inner_wires -> &[WireId] with Vec::leak(vec![Default::default()])
MissedMutant	crates/topology/src/face.rs	crates/topology/src/face.rs:201:9: replace FaceSurface::as_analytic -> Option<remus_math::analytic_intersection::AnalyticSurface<'_>> with None
Unviable	crates/topology/src/face.rs	crates/topology/src/face.rs:312:9: replace Face::outer_loop -> Option<LoopId> with Some(Default::default())
CaughtMutant	crates/topology/src/face.rs	crates/topology/src/face.rs:300:9: replace Face::set_outer_wire with ()
CaughtMutant	crates/topology/src/face.rs	crates/topology/src/face.rs:306:9: replace Face::inner_wires -> &[WireId] with Vec::leak(Vec::new())
Unviable	crates/topology/src/face.rs	crates/topology/src/face.rs:318:9: replace Face::inner_loops -> &[LoopId] with Vec::leak(vec![Default::default()])
CaughtMutant	crates/topology/src/face.rs	crates/topology/src/face.rs:312:9: replace Face::outer_loop -> Option<LoopId> with None
Unviable	crates/topology/src/face.rs	crates/topology/src/face.rs:324:9: replace Face::boundary_loops -> &[LoopId] with Vec::leak(vec![Default::default()])
MissedMutant	crates/topology/src/face.rs	crates/topology/src/face.rs:318:9: replace Face::inner_loops -> &[LoopId] with Vec::leak(Vec::new())
Unviable	crates/topology/src/face.rs	crates/topology/src/face.rs:333:9: replace Face::inner_wires_mut -> &mut Vec<WireId> with Box::leak(Box::new(vec![Default::default()]))
CaughtMutant	crates/topology/src/face.rs	crates/topology/src/face.rs:324:9: replace Face::boundary_loops -> &[LoopId] with Vec::leak(Vec::new())
MissedMutant	crates/topology/src/face.rs	crates/topology/src/face.rs:333:9: replace Face::inner_wires_mut -> &mut Vec<WireId> with Box::leak(Box::new(vec![]))
Unviable	crates/topology/src/face.rs	crates/topology/src/face.rs:355:9: replace Face::surface -> &FaceSurface with Box::leak(Box::new(Default::default()))
CaughtMutant	crates/topology/src/face.rs	crates/topology/src/face.rs:342:9: replace Face::replace_boundary_wires with ()
CaughtMutant	crates/topology/src/face.rs	crates/topology/src/face.rs:349:9: replace Face::replace_boundary_loops with ()
CaughtMutant	crates/topology/src/face.rs	crates/topology/src/face.rs:360:9: replace Face::set_surface with ()
MissedMutant	crates/topology/src/face.rs	crates/topology/src/face.rs:367:9: replace Face::is_reversed -> bool with true
MissedMutant	crates/topology/src/face.rs	crates/topology/src/face.rs:367:9: replace Face::is_reversed -> bool with false
Unviable	crates/topology/src/face.rs	crates/topology/src/face.rs:381:9: replace Face::effective_plane_normal -> Option<Vec3> with Some(Default::default())
MissedMutant	crates/topology/src/face.rs	crates/topology/src/face.rs:373:9: replace Face::set_reversed with ()
MissedMutant	crates/topology/src/face.rs	crates/topology/src/face.rs:381:9: replace Face::effective_plane_normal -> Option<Vec3> with None
MissedMutant	crates/topology/src/face.rs	crates/topology/src/face.rs:382:13: delete match arm FaceSurface::Plane{normal, ..} in Face::effective_plane_normal
MissedMutant	crates/topology/src/face.rs	crates/topology/src/face.rs:384:26: delete - in Face::effective_plane_normal
Unviable	crates/topology/src/face_loop.rs	crates/topology/src/face_loop.rs:41:9: replace Loop::face -> FaceId with Default::default()
Unviable	crates/topology/src/face_loop.rs	crates/topology/src/face_loop.rs:47:9: replace Loop::coedges -> &[CoedgeId] with Vec::leak(vec![Default::default()])
MissedMutant	crates/topology/src/face.rs	crates/topology/src/face.rs:395:9: replace Face::compose_orientation with ()
MissedMutant	crates/topology/src/face.rs	crates/topology/src/face.rs:396:29: delete ! in Face::compose_orientation
CaughtMutant	crates/topology/src/face_loop.rs	crates/topology/src/face_loop.rs:47:9: replace Loop::coedges -> &[CoedgeId] with Vec::leak(Vec::new())
MissedMutant	crates/topology/src/face_loop.rs	crates/topology/src/face_loop.rs:53:9: replace Loop::is_closed -> bool with true
Unviable	crates/topology/src/journal.rs	crates/topology/src/journal.rs:81:9: replace OpId::from_value -> Self with Default::default()
CaughtMutant	crates/topology/src/face_loop.rs	crates/topology/src/face_loop.rs:53:9: replace Loop::is_closed -> bool with false
CaughtMutant	crates/topology/src/journal.rs	crates/topology/src/journal.rs:72:9: replace OpId::value -> u64 with 0
CaughtMutant	crates/topology/src/journal.rs	crates/topology/src/journal.rs:72:9: replace OpId::value -> u64 with 1
CaughtMutant	crates/topology/src/journal.rs	crates/topology/src/journal.rs:98:9: replace JournalOrdinal::value -> u64 with 0
CaughtMutant	crates/topology/src/journal.rs	crates/topology/src/journal.rs:98:9: replace JournalOrdinal::value -> u64 with 1
Unviable	crates/topology/src/journal.rs	crates/topology/src/journal.rs:151:9: replace EntityKey::face -> Self with Default::default()
CaughtMutant	crates/topology/src/journal.rs	crates/topology/src/journal.rs:117:9: replace EntityKind::as_str -> &'static str with ""
Unviable	crates/topology/src/journal.rs	crates/topology/src/journal.rs:160:9: replace EntityKey::edge -> Self with Default::default()
Unviable	crates/topology/src/journal.rs	crates/topology/src/journal.rs:169:9: replace EntityKey::vertex -> Self with Default::default()
Unviable	crates/topology/src/journal.rs	crates/topology/src/journal.rs:304:9: replace EvolutionDraft::construction -> Self with Default::default()
CaughtMutant	crates/topology/src/journal.rs	crates/topology/src/journal.rs:117:9: replace EntityKind::as_str -> &'static str with "xyzzy"
Unviable	crates/topology/src/journal.rs	crates/topology/src/journal.rs:314:9: replace EvolutionDraft::geometry -> Self with Default::default()
MissedMutant	crates/topology/src/journal.rs	crates/topology/src/journal.rs:194:9: replace RecordedOrigin::as_str -> &'static str with "xyzzy"
MissedMutant	crates/topology/src/journal.rs	crates/topology/src/journal.rs:194:9: replace RecordedOrigin::as_str -> &'static str with ""
Unviable	crates/topology/src/journal.rs	crates/topology/src/journal.rs:375:9: replace JournalEntry::op -> OpId with Default::default()
CaughtMutant	crates/topology/src/journal.rs	crates/topology/src/journal.rs:323:9: replace EvolutionDraft::push with ()
Unviable	crates/topology/src/journal.rs	crates/topology/src/journal.rs:388:9: replace JournalEntry::payload -> &EntryPayload with Box::leak(Box::new(Default::default()))
CaughtMutant	crates/topology/src/journal.rs	crates/topology/src/journal.rs:328:9: replace EvolutionDraft::add_scope with ()
CaughtMutant	crates/topology/src/journal.rs	crates/topology/src/journal.rs:382:9: replace JournalEntry::kind -> &str with ""
CaughtMutant	crates/topology/src/journal.rs	crates/topology/src/journal.rs:382:9: replace JournalEntry::kind -> &str with "xyzzy"
MissedMutant	crates/topology/src/journal.rs	crates/topology/src/journal.rs:394:9: replace JournalEntry::is_barrier -> bool with true
CaughtMutant	crates/topology/src/journal.rs	crates/topology/src/journal.rs:394:9: replace JournalEntry::is_barrier -> bool with false
MissedMutant	crates/topology/src/journal.rs	crates/topology/src/journal.rs:405:9: replace JournalEntry::ticks_after -> u64 with 0
MissedMutant	crates/topology/src/journal.rs	crates/topology/src/journal.rs:405:9: replace JournalEntry::ticks_after -> u64 with 1
Unviable	crates/topology/src/journal.rs	crates/topology/src/journal.rs:481:9: replace Journal::entries -> &[JournalEntry] with Vec::leak(vec![Default::default()])
MissedMutant	crates/topology/src/journal.rs	crates/topology/src/journal.rs:455:9: replace PendingOp::add_scope with ()
CaughtMutant	crates/topology/src/journal.rs	crates/topology/src/journal.rs:481:9: replace Journal::entries -> &[JournalEntry] with Vec::leak(Vec::new())
CaughtMutant	crates/topology/src/journal.rs	crates/topology/src/journal.rs:487:9: replace Journal::len -> usize with 0
CaughtMutant	crates/topology/src/journal.rs	crates/topology/src/journal.rs:487:9: replace Journal::len -> usize with 1
Unviable	crates/topology/src/journal.rs	crates/topology/src/journal.rs:499:9: replace Journal::ordinal_of -> Option<JournalOrdinal> with Some(Default::default())
MissedMutant	crates/topology/src/journal.rs	crates/topology/src/journal.rs:493:9: replace Journal::is_empty -> bool with true
CaughtMutant	crates/topology/src/journal.rs	crates/topology/src/journal.rs:493:9: replace Journal::is_empty -> bool with false
Unviable	crates/topology/src/journal.rs	crates/topology/src/journal.rs:509:9: replace Journal::key_of -> Option<EntityKey> with Some(Default::default())
Unviable	crates/topology/src/journal.rs	crates/topology/src/journal.rs:518:9: replace Journal::events_for -> Vec<(OpId, &EntityEvent)> with vec![(Default::default(), Box::leak(Box::new(Default::default())))]
CaughtMutant	crates/topology/src/journal.rs	crates/topology/src/journal.rs:499:9: replace Journal::ordinal_of -> Option<JournalOrdinal> with None
Unviable	crates/topology/src/journal.rs	crates/topology/src/journal.rs:521:17: replace && with || in Journal::events_for
CaughtMutant	crates/topology/src/journal.rs	crates/topology/src/journal.rs:509:9: replace Journal::key_of -> Option<EntityKey> with None
Unviable	crates/topology/src/journal.rs	crates/topology/src/journal.rs:534:9: replace Journal::barriers_crossing -> Vec<OpId> with vec![Default::default()]
CaughtMutant	crates/topology/src/journal.rs	crates/topology/src/journal.rs:518:9: replace Journal::events_for -> Vec<(OpId, &EntityEvent)> with vec![]
CaughtMutant	crates/topology/src/journal.rs	crates/topology/src/journal.rs:534:9: replace Journal::barriers_crossing -> Vec<OpId> with vec![]
Unviable	crates/topology/src/journal.rs	crates/topology/src/journal.rs:552:9: replace Journal::intern -> JournalOrdinal with Default::default()
CaughtMutant	crates/topology/src/journal.rs	crates/topology/src/journal.rs:547:9: replace Journal::last_ticks -> Option<u64> with None
CaughtMutant	crates/topology/src/journal.rs	crates/topology/src/journal.rs:547:9: replace Journal::last_ticks -> Option<u64> with Some(0)
Unviable	crates/topology/src/journal.rs	crates/topology/src/journal.rs:563:9: replace Journal::issue_op -> OpId with Default::default()
Unviable	crates/topology/src/journal.rs	crates/topology/src/journal.rs:578:9: replace Journal::record_evolution -> Result<OpId, TopologyError> with Ok(Default::default())
CaughtMutant	crates/topology/src/journal.rs	crates/topology/src/journal.rs:547:9: replace Journal::last_ticks -> Option<u64> with Some(1)
Unviable	crates/topology/src/journal.rs	crates/topology/src/journal.rs:648:9: replace Journal::record_barrier -> OpId with Default::default()
Unviable	crates/topology/src/journal.rs	crates/topology/src/journal.rs:667:9: replace Journal::record_global_barrier -> OpId with Default::default()
CaughtMutant	crates/topology/src/journal.rs	crates/topology/src/journal.rs:618:75: replace == with != in Journal::record_evolution
CaughtMutant	crates/topology/src/journal.rs	crates/topology/src/journal.rs:682:9: replace Journal::restore_preserving_ids with ()
CaughtMutant	crates/topology/src/journal.rs	crates/topology/src/journal.rs:800:47: replace == with != in Journal::snapshot
CaughtMutant	crates/topology/src/journal.rs	crates/topology/src/journal.rs:782:9: replace Journal::snapshot -> JournalSnapshot with Default::default()
CaughtMutant	crates/topology/src/journal.rs	crates/topology/src/journal.rs:867:9: replace Journal::from_snapshot -> Result<Self, TopologyError> with Ok(Default::default())
CaughtMutant	crates/topology/src/journal.rs	crates/topology/src/journal.rs:880:17: replace && with || in Journal::from_snapshot
CaughtMutant	crates/topology/src/journal.rs	crates/topology/src/journal.rs:873:24: replace >= with < in Journal::from_snapshot
CaughtMutant	crates/topology/src/journal.rs	crates/topology/src/journal.rs:879:26: replace != with == in Journal::from_snapshot
Unviable	crates/topology/src/naming.rs	crates/topology/src/naming.rs:60:9: replace PersistentRef::operation_output -> Self with Default::default()
Unviable	crates/topology/src/naming.rs	crates/topology/src/naming.rs:70:9: replace PersistentRef::lineage_of -> Self with Default::default()
Unviable	crates/topology/src/naming.rs	crates/topology/src/naming.rs:83:9: replace PersistentRef::signature -> Self with Default::default()
CaughtMutant	crates/topology/src/journal.rs	crates/topology/src/journal.rs:905:60: replace <= with > in Journal::from_snapshot
Unviable	crates/topology/src/naming.rs	crates/topology/src/naming.rs:94:9: replace PersistentRef::with_discriminator -> Self with Default::default()
CaughtMutant	crates/topology/src/journal.rs	crates/topology/src/journal.rs:902:25: replace >= with < in Journal::from_snapshot
Unviable	crates/topology/src/naming.rs	crates/topology/src/naming.rs:244:9: replace Resolution::into_entities -> Result<(Vec<EntityKey>, Provenance), crate::TopologyError> with Ok((vec![], Default::default()))
CaughtMutant	crates/topology/src/journal.rs	crates/topology/src/journal.rs:943:70: replace == with != in Journal::from_snapshot
Unviable	crates/topology/src/naming.rs	crates/topology/src/naming.rs:244:9: replace Resolution::into_entities -> Result<(Vec<EntityKey>, Provenance), crate::TopologyError> with Ok((vec![Default::default()], Default::default()))
Unviable	crates/topology/src/naming.rs	crates/topology/src/naming.rs:294:5: replace resolve_face_attributes -> Result<Vec<(EntityKey, Option<&'t crate::attributes::EntityAttributes>)>, crate::TopologyError> with Ok(vec![(Default::default(), None)])
CaughtMutant	crates/topology/src/naming.rs	crates/topology/src/naming.rs:158:9: replace Discriminator::describe -> String with String::new()
Unviable	crates/topology/src/naming.rs	crates/topology/src/naming.rs:294:5: replace resolve_face_attributes -> Result<Vec<(EntityKey, Option<&'t crate::attributes::EntityAttributes>)>, crate::TopologyError> with Ok(vec![(Default::default(), Some(Box::leak(Box::new(Default::default()))))])
CaughtMutant	crates/topology/src/naming.rs	crates/topology/src/naming.rs:158:9: replace Discriminator::describe -> String with "xyzzy".into()
Unviable	crates/topology/src/naming.rs	crates/topology/src/naming.rs:318:5: replace resolve -> Resolution with Default::default()
MissedMutant	crates/topology/src/naming.rs	crates/topology/src/naming.rs:294:5: replace resolve_face_attributes -> Result<Vec<(EntityKey, Option<&'t crate::attributes::EntityAttributes>)>, crate::TopologyError> with Ok(vec![])
MissedMutant	crates/topology/src/naming.rs	crates/topology/src/naming.rs:298:40: replace == with != in resolve_face_attributes
CaughtMutant	crates/topology/src/naming.rs	crates/topology/src/naming.rs:324:77: replace == with != in resolve
CaughtMutant	crates/topology/src/naming.rs	crates/topology/src/naming.rs:340:25: replace && with || in resolve
CaughtMutant	crates/topology/src/naming.rs	crates/topology/src/naming.rs:339:21: delete ! in resolve
CaughtMutant	crates/topology/src/naming.rs	crates/topology/src/naming.rs:342:57: replace == with != in resolve
CaughtMutant	crates/topology/src/naming.rs	crates/topology/src/naming.rs:357:41: replace == with != in resolve
CaughtMutant	crates/topology/src/naming.rs	crates/topology/src/naming.rs:362:23: replace + with - in resolve
CaughtMutant	crates/topology/src/naming.rs	crates/topology/src/naming.rs:362:23: replace + with * in resolve
CaughtMutant	crates/topology/src/naming.rs	crates/topology/src/naming.rs:383:31: replace != with == in resolve
CaughtMutant	crates/topology/src/naming.rs	crates/topology/src/naming.rs:407:17: delete match arm [single] in resolve
MissedMutant	crates/topology/src/naming.rs	crates/topology/src/naming.rs:436:57: replace && with || in resolve
Unviable	crates/topology/src/naming.rs	crates/topology/src/naming.rs:448:5: replace bind -> Resolution with Default::default()
CaughtMutant	crates/topology/src/naming.rs	crates/topology/src/naming.rs:436:32: replace == with != in resolve
Unviable	crates/topology/src/naming.rs	crates/topology/src/naming.rs:474:5: replace chase_one_entry -> ChaseStep with Default::default()
CaughtMutant	crates/topology/src/naming.rs	crates/topology/src/naming.rs:436:70: replace != with == in resolve
MissedMutant	crates/topology/src/naming.rs	crates/topology/src/naming.rs:449:9: delete match arm [] in bind
CaughtMutant	crates/topology/src/naming.rs	crates/topology/src/naming.rs:452:9: delete match arm [single] in bind
MissedMutant	crates/topology/src/naming.rs	crates/topology/src/naming.rs:518:41: replace match guard *subject == ordinal with true in chase_one_entry
CaughtMutant	crates/topology/src/naming.rs	crates/topology/src/naming.rs:518:41: replace match guard *subject == ordinal with false in chase_one_entry
CaughtMutant	crates/topology/src/naming.rs	crates/topology/src/naming.rs:520:24: replace match guard *from == ordinal with true in chase_one_entry
CaughtMutant	crates/topology/src/naming.rs	crates/topology/src/naming.rs:520:24: replace match guard *from == ordinal with false in chase_one_entry
MissedMutant	crates/topology/src/naming.rs	crates/topology/src/naming.rs:525:49: replace match guard from.contains(&ordinal) with true in chase_one_entry
CaughtMutant	crates/topology/src/naming.rs	crates/topology/src/naming.rs:525:49: replace match guard from.contains(&ordinal) with false in chase_one_entry
CaughtMutant	crates/topology/src/naming.rs	crates/topology/src/naming.rs:518:50: replace == with != in chase_one_entry
CaughtMutant	crates/topology/src/naming.rs	crates/topology/src/naming.rs:520:30: replace == with != in chase_one_entry
CaughtMutant	crates/topology/src/naming.rs	crates/topology/src/naming.rs:532:20: replace && with || in chase_one_entry
CaughtMutant	crates/topology/src/naming.rs	crates/topology/src/naming.rs:540:12: delete ! in chase_one_entry
CaughtMutant	crates/topology/src/naming.rs	crates/topology/src/naming.rs:547:15: replace && with || in chase_one_entry
Unviable	crates/topology/src/naming.rs	crates/topology/src/naming.rs:567:5: replace apply_discriminators -> Option<Resolution> with Some(Default::default())
CaughtMutant	crates/topology/src/naming.rs	crates/topology/src/naming.rs:547:25: replace == with != in chase_one_entry
CaughtMutant	crates/topology/src/naming.rs	crates/topology/src/naming.rs:567:5: replace apply_discriminators -> Option<Resolution> with None
CaughtMutant	crates/topology/src/naming.rs	crates/topology/src/naming.rs:571:21: replace && with || in apply_discriminators
MissedMutant	crates/topology/src/naming.rs	crates/topology/src/naming.rs:570:26: replace == with != in apply_discriminators
MissedMutant	crates/topology/src/naming.rs	crates/topology/src/naming.rs:574:71: replace == with != in apply_discriminators
MissedMutant	crates/topology/src/naming.rs	crates/topology/src/naming.rs:578:21: replace && with || in apply_discriminators
MissedMutant	crates/topology/src/naming.rs	crates/topology/src/naming.rs:577:26: replace == with != in apply_discriminators
MissedMutant	crates/topology/src/naming.rs	crates/topology/src/naming.rs:581:69: replace == with != in apply_discriminators
CaughtMutant	crates/topology/src/naming.rs	crates/topology/src/naming.rs:652:9: replace EntitySignature::quantum -> f64 with 0.0
CaughtMutant	crates/topology/src/naming.rs	crates/topology/src/naming.rs:652:9: replace EntitySignature::quantum -> f64 with 1.0
CaughtMutant	crates/topology/src/naming.rs	crates/topology/src/naming.rs:652:9: replace EntitySignature::quantum -> f64 with -1.0
Unviable	crates/topology/src/naming.rs	crates/topology/src/naming.rs:675:9: replace EntitySignature::capture_face -> Result<Self, crate::TopologyError> with Ok(Default::default())
MissedMutant	crates/topology/src/naming.rs	crates/topology/src/naming.rs:661:9: replace EntitySignature::context_quantum -> f64 with 0.0
Unviable	crates/topology/src/naming.rs	crates/topology/src/naming.rs:711:9: replace EntitySignature::capture_edge -> Result<Self, crate::TopologyError> with Ok(Default::default())
Unviable	crates/topology/src/naming.rs	crates/topology/src/naming.rs:721:9: replace EntitySignature::capture_edge_with_counts -> Result<Self, crate::TopologyError> with Ok(Default::default())
MissedMutant	crates/topology/src/naming.rs	crates/topology/src/naming.rs:661:9: replace EntitySignature::context_quantum -> f64 with 1.0
Unviable	crates/topology/src/naming.rs	crates/topology/src/naming.rs:747:9: replace EntitySignature::capture_vertex -> Result<Self, crate::TopologyError> with Ok(Default::default())
Unviable	crates/topology/src/naming.rs	crates/topology/src/naming.rs:757:9: replace EntitySignature::capture_vertex_with_counts -> Result<Self, crate::TopologyError> with Ok(Default::default())
MissedMutant	crates/topology/src/naming.rs	crates/topology/src/naming.rs:661:9: replace EntitySignature::context_quantum -> f64 with -1.0
CaughtMutant	crates/topology/src/naming.rs	crates/topology/src/naming.rs:781:9: replace EntitySignature::matches_raw -> bool with true
MissedMutant	crates/topology/src/naming.rs	crates/topology/src/naming.rs:781:38: replace || with && in EntitySignature::matches_raw
CaughtMutant	crates/topology/src/naming.rs	crates/topology/src/naming.rs:781:9: replace EntitySignature::matches_raw -> bool with false
CaughtMutant	crates/topology/src/naming.rs	crates/topology/src/naming.rs:781:26: replace != with == in EntitySignature::matches_raw
CaughtMutant	crates/topology/src/naming.rs	crates/topology/src/naming.rs:781:56: replace != with == in EntitySignature::matches_raw
CaughtMutant	crates/topology/src/naming.rs	crates/topology/src/naming.rs:784:30: replace != with == in EntitySignature::matches_raw
CaughtMutant	crates/topology/src/naming.rs	crates/topology/src/naming.rs:788:12: delete ! in EntitySignature::matches_raw
MissedMutant	crates/topology/src/naming.rs	crates/topology/src/naming.rs:788:34: replace && with || in EntitySignature::matches_raw
CaughtMutant	crates/topology/src/naming.rs	crates/topology/src/naming.rs:788:45: replace > with == in EntitySignature::matches_raw
CaughtMutant	crates/topology/src/naming.rs	crates/topology/src/naming.rs:788:45: replace > with < in EntitySignature::matches_raw
MissedMutant	crates/topology/src/naming.rs	crates/topology/src/naming.rs:788:45: replace > with >= in EntitySignature::matches_raw
CaughtMutant	crates/topology/src/naming.rs	crates/topology/src/naming.rs:793:40: replace * with + in EntitySignature::matches_raw
CaughtMutant	crates/topology/src/naming.rs	crates/topology/src/naming.rs:793:40: replace * with / in EntitySignature::matches_raw
CaughtMutant	crates/topology/src/naming.rs	crates/topology/src/naming.rs:794:34: replace <= with > in EntitySignature::matches_raw
CaughtMutant	crates/topology/src/naming.rs	crates/topology/src/naming.rs:794:18: replace - with + in EntitySignature::matches_raw
CaughtMutant	crates/topology/src/naming.rs	crates/topology/src/naming.rs:794:18: replace - with / in EntitySignature::matches_raw
CaughtMutant	crates/topology/src/naming.rs	crates/topology/src/naming.rs:801:5: replace quantize_all -> Vec<i64> with vec![]
CaughtMutant	crates/topology/src/naming.rs	crates/topology/src/naming.rs:801:5: replace quantize_all -> Vec<i64> with vec![0]
CaughtMutant	crates/topology/src/naming.rs	crates/topology/src/naming.rs:801:5: replace quantize_all -> Vec<i64> with vec![1]
CaughtMutant	crates/topology/src/naming.rs	crates/topology/src/naming.rs:801:5: replace quantize_all -> Vec<i64> with vec![-1]
CaughtMutant	crates/topology/src/naming.rs	crates/topology/src/naming.rs:805:5: replace quantize -> i64 with 0
CaughtMutant	crates/topology/src/naming.rs	crates/topology/src/naming.rs:805:5: replace quantize -> i64 with 1
CaughtMutant	crates/topology/src/naming.rs	crates/topology/src/naming.rs:805:5: replace quantize -> i64 with -1
CaughtMutant	crates/topology/src/naming.rs	crates/topology/src/naming.rs:805:8: delete ! in quantize
MissedMutant	crates/topology/src/naming.rs	crates/topology/src/naming.rs:805:30: replace && with || in quantize
CaughtMutant	crates/topology/src/naming.rs	crates/topology/src/naming.rs:805:41: replace > with == in quantize
CaughtMutant	crates/topology/src/naming.rs	crates/topology/src/naming.rs:805:41: replace > with < in quantize
MissedMutant	crates/topology/src/naming.rs	crates/topology/src/naming.rs:805:41: replace > with >= in quantize
CaughtMutant	crates/topology/src/naming.rs	crates/topology/src/naming.rs:808:25: replace / with % in quantize
CaughtMutant	crates/topology/src/naming.rs	crates/topology/src/naming.rs:808:25: replace / with * in quantize
CaughtMutant	crates/topology/src/naming.rs	crates/topology/src/naming.rs:809:8: delete ! in quantize
CaughtMutant	crates/topology/src/naming.rs	crates/topology/src/naming.rs:814:15: replace >= with < in quantize
Unviable	crates/topology/src/naming.rs	crates/topology/src/naming.rs:826:5: replace canonical_direction -> remus_math::vec::Vec3 with Default::default()
CaughtMutant	crates/topology/src/naming.rs	crates/topology/src/naming.rs:816:22: replace <= with > in quantize
CaughtMutant	crates/topology/src/naming.rs	crates/topology/src/naming.rs:816:25: delete - in quantize
MissedMutant	crates/topology/src/naming.rs	crates/topology/src/naming.rs:827:28: replace > with == in canonical_direction
MissedMutant	crates/topology/src/naming.rs	crates/topology/src/naming.rs:827:28: replace > with < in canonical_direction
MissedMutant	crates/topology/src/naming.rs	crates/topology/src/naming.rs:827:28: replace > with >= in canonical_direction
MissedMutant	crates/topology/src/naming.rs	crates/topology/src/naming.rs:828:33: replace < with == in canonical_direction
MissedMutant	crates/topology/src/naming.rs	crates/topology/src/naming.rs:828:33: replace < with > in canonical_direction
MissedMutant	crates/topology/src/naming.rs	crates/topology/src/naming.rs:828:33: replace < with <= in canonical_direction
MissedMutant	crates/topology/src/naming.rs	crates/topology/src/naming.rs:828:41: delete - in canonical_direction
MissedMutant	crates/topology/src/naming.rs	crates/topology/src/naming.rs:836:5: replace face_raw_params -> Vec<f64> with vec![]
MissedMutant	crates/topology/src/naming.rs	crates/topology/src/naming.rs:836:5: replace face_raw_params -> Vec<f64> with vec![0.0]
MissedMutant	crates/topology/src/naming.rs	crates/topology/src/naming.rs:836:5: replace face_raw_params -> Vec<f64> with vec![1.0]
MissedMutant	crates/topology/src/naming.rs	crates/topology/src/naming.rs:836:5: replace face_raw_params -> Vec<f64> with vec![-1.0]
MissedMutant	crates/topology/src/naming.rs	crates/topology/src/naming.rs:849:74: replace * with + in face_raw_params
MissedMutant	crates/topology/src/naming.rs	crates/topology/src/naming.rs:849:74: replace * with / in face_raw_params
MissedMutant	crates/topology/src/naming.rs	crates/topology/src/naming.rs:851:42: delete - in face_raw_params
MissedMutant	crates/topology/src/naming.rs	crates/topology/src/naming.rs:852:42: delete - in face_raw_params
MissedMutant	crates/topology/src/naming.rs	crates/topology/src/naming.rs:853:42: delete - in face_raw_params
MissedMutant	crates/topology/src/naming.rs	crates/topology/src/naming.rs:907:5: replace edge_raw_params -> Vec<f64> with vec![]
MissedMutant	crates/topology/src/naming.rs	crates/topology/src/naming.rs:907:5: replace edge_raw_params -> Vec<f64> with vec![0.0]
MissedMutant	crates/topology/src/naming.rs	crates/topology/src/naming.rs:907:5: replace edge_raw_params -> Vec<f64> with vec![1.0]
MissedMutant	crates/topology/src/naming.rs	crates/topology/src/naming.rs:907:5: replace edge_raw_params -> Vec<f64> with vec![-1.0]
MissedMutant	crates/topology/src/naming.rs	crates/topology/src/naming.rs:951:9: replace AdjacencyCounts::edge_face_uses -> u32 with 0
Unviable	crates/topology/src/naming.rs	crates/topology/src/naming.rs:963:5: replace adjacency_counts -> AdjacencyCounts with Default::default()
MissedMutant	crates/topology/src/naming.rs	crates/topology/src/naming.rs:951:9: replace AdjacencyCounts::edge_face_uses -> u32 with 1
MissedMutant	crates/topology/src/naming.rs	crates/topology/src/naming.rs:955:9: replace AdjacencyCounts::vertex_edge_uses -> u32 with 0
MissedMutant	crates/topology/src/naming.rs	crates/topology/src/naming.rs:955:9: replace AdjacencyCounts::vertex_edge_uses -> u32 with 1
MissedMutant	crates/topology/src/naming.rs	crates/topology/src/naming.rs:970:81: replace += with -= in adjacency_counts
MissedMutant	crates/topology/src/naming.rs	crates/topology/src/naming.rs:970:81: replace += with *= in adjacency_counts
CaughtMutant	crates/topology/src/naming.rs	crates/topology/src/naming.rs:978:68: replace += with -= in adjacency_counts
MissedMutant	crates/topology/src/naming.rs	crates/topology/src/naming.rs:978:68: replace += with *= in adjacency_counts
CaughtMutant	crates/topology/src/naming.rs	crates/topology/src/naming.rs:979:66: replace += with -= in adjacency_counts
Unviable	crates/topology/src/naming.rs	crates/topology/src/naming.rs:990:5: replace resolve_signature -> Vec<EntityKey> with vec![Default::default()]
MissedMutant	crates/topology/src/naming.rs	crates/topology/src/naming.rs:979:66: replace += with *= in adjacency_counts
CaughtMutant	crates/topology/src/naming.rs	crates/topology/src/naming.rs:990:5: replace resolve_signature -> Vec<EntityKey> with vec![]
CaughtMutant	crates/topology/src/naming.rs	crates/topology/src/naming.rs:1023:20: delete ! in resolve_signature
Unviable	crates/topology/src/pcurve.rs	crates/topology/src/pcurve.rs:84:9: replace PCurve::curve -> &Curve2D with Box::leak(Box::new(Default::default()))
MissedMutant	crates/topology/src/naming.rs	crates/topology/src/naming.rs:1030:25: replace && with || in resolve_signature
CaughtMutant	crates/topology/src/naming.rs	crates/topology/src/naming.rs:1055:5: replace vertex_matches -> bool with true
CaughtMutant	crates/topology/src/naming.rs	crates/topology/src/naming.rs:1055:5: replace vertex_matches -> bool with false
CaughtMutant	crates/topology/src/pcurve.rs	crates/topology/src/pcurve.rs:90:9: replace PCurve::t_start -> f64 with 0.0
CaughtMutant	crates/topology/src/pcurve.rs	crates/topology/src/pcurve.rs:90:9: replace PCurve::t_start -> f64 with 1.0
CaughtMutant	crates/topology/src/pcurve.rs	crates/topology/src/pcurve.rs:90:9: replace PCurve::t_start -> f64 with -1.0
Unviable	crates/topology/src/pcurve.rs	crates/topology/src/pcurve.rs:102:9: replace PCurve::evaluate -> remus_math::vec::Point2 with Default::default()
CaughtMutant	crates/topology/src/pcurve.rs	crates/topology/src/pcurve.rs:96:9: replace PCurve::t_end -> f64 with 0.0
CaughtMutant	crates/topology/src/pcurve.rs	crates/topology/src/pcurve.rs:96:9: replace PCurve::t_end -> f64 with 1.0
CaughtMutant	crates/topology/src/pcurve.rs	crates/topology/src/pcurve.rs:96:9: replace PCurve::t_end -> f64 with -1.0
Unviable	crates/topology/src/pcurve.rs	crates/topology/src/pcurve.rs:146:9: replace PCurveRegistry::get_use -> Option<CoedgeId> with Some(Default::default())
CaughtMutant	crates/topology/src/pcurve.rs	crates/topology/src/pcurve.rs:116:9: replace <impl std::fmt::Debug for PCurveRegistry>::fmt -> std::fmt::Result with Ok(Default::default())
Unviable	crates/topology/src/pcurve.rs	crates/topology/src/pcurve.rs:152:9: replace PCurveRegistry::uses_on_face -> Vec<(bool, CoedgeId)> with vec![(true, Default::default())]
Unviable	crates/topology/src/pcurve.rs	crates/topology/src/pcurve.rs:152:9: replace PCurveRegistry::uses_on_face -> Vec<(bool, CoedgeId)> with vec![(false, Default::default())]
CaughtMutant	crates/topology/src/pcurve.rs	crates/topology/src/pcurve.rs:140:9: replace PCurveRegistry::index_use with ()
CaughtMutant	crates/topology/src/pcurve.rs	crates/topology/src/pcurve.rs:146:9: replace PCurveRegistry::get_use -> Option<CoedgeId> with None
CaughtMutant	crates/topology/src/pcurve.rs	crates/topology/src/pcurve.rs:152:9: replace PCurveRegistry::uses_on_face -> Vec<(bool, CoedgeId)> with vec![]
CaughtMutant	crates/topology/src/pcurve.rs	crates/topology/src/pcurve.rs:167:9: replace PCurveRegistry::remove_for_retired_entities with ()
MissedMutant	crates/topology/src/pcurve.rs	crates/topology/src/pcurve.rs:168:48: replace && with || in PCurveRegistry::remove_for_retired_entities
CaughtMutant	crates/topology/src/pcurve.rs	crates/topology/src/pcurve.rs:168:13: delete ! in PCurveRegistry::remove_for_retired_entities
CaughtMutant	crates/topology/src/pcurve.rs	crates/topology/src/pcurve.rs:168:51: delete ! in PCurveRegistry::remove_for_retired_entities
MissedMutant	crates/topology/src/pcurve.rs	crates/topology/src/pcurve.rs:174:9: replace PCurveRegistry::remove_face with ()
MissedMutant	crates/topology/src/pcurve.rs	crates/topology/src/pcurve.rs:174:44: replace != with == in PCurveRegistry::remove_face
MissedMutant	crates/topology/src/pcurve.rs	crates/topology/src/pcurve.rs:181:9: replace PCurveRegistry::len -> usize with 0
MissedMutant	crates/topology/src/pcurve.rs	crates/topology/src/pcurve.rs:181:9: replace PCurveRegistry::len -> usize with 1
Unviable	crates/topology/src/pcurve.rs	crates/topology/src/pcurve.rs:192:9: replace PCurveRegistry::uses_for_face -> Vec<(EdgeId, bool, CoedgeId)> with vec![(Default::default(), true, Default::default())]
MissedMutant	crates/topology/src/pcurve.rs	crates/topology/src/pcurve.rs:187:9: replace PCurveRegistry::is_empty -> bool with true
Unviable	crates/topology/src/pcurve.rs	crates/topology/src/pcurve.rs:192:9: replace PCurveRegistry::uses_for_face -> Vec<(EdgeId, bool, CoedgeId)> with vec![(Default::default(), false, Default::default())]
Unviable	crates/topology/src/pcurve.rs	crates/topology/src/pcurve.rs:198:55: delete ! in PCurveRegistry::uses_for_face
MissedMutant	crates/topology/src/pcurve.rs	crates/topology/src/pcurve.rs:187:9: replace PCurveRegistry::is_empty -> bool with false
Unviable	crates/topology/src/pcurve.rs	crates/topology/src/pcurve.rs:204:9: replace PCurveRegistry::uses_for_edge -> Vec<(FaceId, bool, CoedgeId)> with vec![(Default::default(), true, Default::default())]
Unviable	crates/topology/src/pcurve.rs	crates/topology/src/pcurve.rs:204:9: replace PCurveRegistry::uses_for_edge -> Vec<(FaceId, bool, CoedgeId)> with vec![(Default::default(), false, Default::default())]
CaughtMutant	crates/topology/src/pcurve.rs	crates/topology/src/pcurve.rs:192:9: replace PCurveRegistry::uses_for_face -> Vec<(EdgeId, bool, CoedgeId)> with vec![]
Unviable	crates/topology/src/pcurve.rs	crates/topology/src/pcurve.rs:210:55: delete ! in PCurveRegistry::uses_for_edge
Unviable	crates/topology/src/shell.rs	crates/topology/src/shell.rs:49:9: replace Shell::empty -> Self with Default::default()
CaughtMutant	crates/topology/src/pcurve.rs	crates/topology/src/pcurve.rs:195:37: replace == with != in PCurveRegistry::uses_for_face
CaughtMutant	crates/topology/src/pcurve.rs	crates/topology/src/pcurve.rs:204:9: replace PCurveRegistry::uses_for_edge -> Vec<(FaceId, bool, CoedgeId)> with vec![]
CaughtMutant	crates/topology/src/pcurve.rs	crates/topology/src/pcurve.rs:207:37: replace == with != in PCurveRegistry::uses_for_edge
Unviable	crates/topology/src/shell.rs	crates/topology/src/shell.rs:65:9: replace Shell::faces -> &[FaceId] with Vec::leak(vec![Default::default()])
MissedMutant	crates/topology/src/shell.rs	crates/topology/src/shell.rs:59:9: replace Shell::is_empty -> bool with true
MissedMutant	crates/topology/src/shell.rs	crates/topology/src/shell.rs:59:9: replace Shell::is_empty -> bool with false
Unviable	crates/topology/src/shell.rs	crates/topology/src/shell.rs:73:9: replace Shell::faces_mut -> &mut[FaceId] with Vec::leak(vec![Default::default()])
Unviable	crates/topology/src/shell.rs	crates/topology/src/shell.rs:79:9: replace Shell::body_class -> BodyClass with Default::default()
Unviable	crates/topology/src/solid.rs	crates/topology/src/solid.rs:34:9: replace Solid::outer_shell -> ShellId with Default::default()
CaughtMutant	crates/topology/src/shell.rs	crates/topology/src/shell.rs:65:9: replace Shell::faces -> &[FaceId] with Vec::leak(Vec::new())
MissedMutant	crates/topology/src/shell.rs	crates/topology/src/shell.rs:73:9: replace Shell::faces_mut -> &mut[FaceId] with Vec::leak(Vec::new())
Unviable	crates/topology/src/solid.rs	crates/topology/src/solid.rs:45:9: replace Solid::inner_shells -> &[ShellId] with Vec::leak(vec![Default::default()])
CaughtMutant	crates/topology/src/shell.rs	crates/topology/src/shell.rs:83:9: replace Shell::set_body_class with ()
MissedMutant	crates/topology/src/solid.rs	crates/topology/src/solid.rs:39:9: replace Solid::set_outer_shell with ()
CaughtMutant	crates/topology/src/solid.rs	crates/topology/src/solid.rs:45:9: replace Solid::inner_shells -> &[ShellId] with Vec::leak(Vec::new())
MissedMutant	crates/topology/src/solid.rs	crates/topology/src/solid.rs:50:9: replace Solid::add_inner_shell with ()
MissedMutant	crates/topology/src/test_utils.rs	crates/topology/src/test_utils.rs:30:5: replace make_unit_square_face -> FaceId with Default::default()
MissedMutant	crates/topology/src/test_utils.rs	crates/topology/src/test_utils.rs:164:5: replace make_unit_cube_manifold_at -> SolidId with Default::default()
MissedMutant	crates/topology/src/test_utils.rs	crates/topology/src/test_utils.rs:166:52: replace + with - in make_unit_cube_manifold_at
MissedMutant	crates/topology/src/test_utils.rs	crates/topology/src/test_utils.rs:166:52: replace + with * in make_unit_cube_manifold_at
MissedMutant	crates/topology/src/test_utils.rs	crates/topology/src/test_utils.rs:73:5: replace make_unit_triangle_face -> FaceId with Default::default()
MissedMutant	crates/topology/src/test_utils.rs	crates/topology/src/test_utils.rs:167:52: replace + with - in make_unit_cube_manifold_at
MissedMutant	crates/topology/src/test_utils.rs	crates/topology/src/test_utils.rs:167:52: replace + with * in make_unit_cube_manifold_at
MissedMutant	crates/topology/src/test_utils.rs	crates/topology/src/test_utils.rs:167:62: replace + with - in make_unit_cube_manifold_at
MissedMutant	crates/topology/src/test_utils.rs	crates/topology/src/test_utils.rs:167:62: replace + with * in make_unit_cube_manifold_at
MissedMutant	crates/topology/src/test_utils.rs	crates/topology/src/test_utils.rs:168:56: replace + with - in make_unit_cube_manifold_at
MissedMutant	crates/topology/src/test_utils.rs	crates/topology/src/test_utils.rs:168:56: replace + with * in make_unit_cube_manifold_at
MissedMutant	crates/topology/src/test_utils.rs	crates/topology/src/test_utils.rs:169:60: replace + with - in make_unit_cube_manifold_at
MissedMutant	crates/topology/src/test_utils.rs	crates/topology/src/test_utils.rs:117:5: replace make_cw_unit_square_face -> FaceId with Default::default()
MissedMutant	crates/topology/src/test_utils.rs	crates/topology/src/test_utils.rs:169:60: replace + with * in make_unit_cube_manifold_at
MissedMutant	crates/topology/src/test_utils.rs	crates/topology/src/test_utils.rs:170:52: replace + with - in make_unit_cube_manifold_at
MissedMutant	crates/topology/src/test_utils.rs	crates/topology/src/test_utils.rs:170:52: replace + with * in make_unit_cube_manifold_at
MissedMutant	crates/topology/src/test_utils.rs	crates/topology/src/test_utils.rs:170:66: replace + with * in make_unit_cube_manifold_at
MissedMutant	crates/topology/src/test_utils.rs	crates/topology/src/test_utils.rs:170:66: replace + with - in make_unit_cube_manifold_at
MissedMutant	crates/topology/src/test_utils.rs	crates/topology/src/test_utils.rs:171:52: replace + with - in make_unit_cube_manifold_at
MissedMutant	crates/topology/src/test_utils.rs	crates/topology/src/test_utils.rs:171:62: replace + with - in make_unit_cube_manifold_at
MissedMutant	crates/topology/src/test_utils.rs	crates/topology/src/test_utils.rs:171:52: replace + with * in make_unit_cube_manifold_at
MissedMutant	crates/topology/src/test_utils.rs	crates/topology/src/test_utils.rs:171:62: replace + with * in make_unit_cube_manifold_at
MissedMutant	crates/topology/src/test_utils.rs	crates/topology/src/test_utils.rs:171:72: replace + with * in make_unit_cube_manifold_at
MissedMutant	crates/topology/src/test_utils.rs	crates/topology/src/test_utils.rs:171:72: replace + with - in make_unit_cube_manifold_at
MissedMutant	crates/topology/src/test_utils.rs	crates/topology/src/test_utils.rs:172:56: replace + with - in make_unit_cube_manifold_at
MissedMutant	crates/topology/src/test_utils.rs	crates/topology/src/test_utils.rs:145:41: delete - in make_cw_unit_square_face
MissedMutant	crates/topology/src/test_utils.rs	crates/topology/src/test_utils.rs:172:66: replace + with - in make_unit_cube_manifold_at
MissedMutant	crates/topology/src/test_utils.rs	crates/topology/src/test_utils.rs:172:56: replace + with * in make_unit_cube_manifold_at
MissedMutant	crates/topology/src/test_utils.rs	crates/topology/src/test_utils.rs:172:66: replace + with * in make_unit_cube_manifold_at
MissedMutant	crates/topology/src/test_utils.rs	crates/topology/src/test_utils.rs:225:29: delete - in make_unit_cube_manifold_at
MissedMutant	crates/topology/src/test_utils.rs	crates/topology/src/test_utils.rs:233:12: replace + with * in make_unit_cube_manifold_at
MissedMutant	crates/topology/src/test_utils.rs	crates/topology/src/test_utils.rs:226:9: delete - in make_unit_cube_manifold_at
MissedMutant	crates/topology/src/test_utils.rs	crates/topology/src/test_utils.rs:233:12: replace + with - in make_unit_cube_manifold_at
MissedMutant	crates/topology/src/test_utils.rs	crates/topology/src/test_utils.rs:239:24: delete - in make_unit_cube_manifold_at
MissedMutant	crates/topology/src/test_utils.rs	crates/topology/src/test_utils.rs:247:12: replace + with * in make_unit_cube_manifold_at
MissedMutant	crates/topology/src/test_utils.rs	crates/topology/src/test_utils.rs:240:9: delete - in make_unit_cube_manifold_at
MissedMutant	crates/topology/src/test_utils.rs	crates/topology/src/test_utils.rs:247:12: replace + with - in make_unit_cube_manifold_at
MissedMutant	crates/topology/src/test_utils.rs	crates/topology/src/test_utils.rs:254:9: delete - in make_unit_cube_manifold_at
MissedMutant	crates/topology/src/test_utils.rs	crates/topology/src/test_utils.rs:253:19: delete - in make_unit_cube_manifold_at
MissedMutant	crates/topology/src/test_utils.rs	crates/topology/src/test_utils.rs:261:12: replace + with * in make_unit_cube_manifold_at
MissedMutant	crates/topology/src/test_utils.rs	crates/topology/src/test_utils.rs:261:12: replace + with - in make_unit_cube_manifold_at
MissedMutant	crates/topology/src/test_utils.rs	crates/topology/src/test_utils.rs:278:5: replace make_unit_cube_manifold -> SolidId with Default::default()
MissedMutant	crates/topology/src/test_utils.rs	crates/topology/src/test_utils.rs:323:5: replace make_unit_cube_non_manifold -> SolidId with Default::default()
MissedMutant	crates/topology/src/test_utils.rs	crates/topology/src/test_utils.rs:291:5: replace make_quad_face -> FaceId with Default::default()
MissedMutant	crates/topology/src/test_utils.rs	crates/topology/src/test_utils.rs:334:83: delete - in make_unit_cube_non_manifold
MissedMutant	crates/topology/src/test_utils.rs	crates/topology/src/test_utils.rs:338:77: delete - in make_unit_cube_non_manifold
MissedMutant	crates/topology/src/test_utils.rs	crates/topology/src/test_utils.rs:342:71: delete - in make_unit_cube_non_manifold
CaughtMutant	crates/topology/src/topology.rs	crates/topology/src/topology.rs:46:9: replace BodyClass::as_str -> &'static str with "xyzzy"
CaughtMutant	crates/topology/src/topology.rs	crates/topology/src/topology.rs:46:9: replace BodyClass::as_str -> &'static str with ""
CaughtMutant	crates/topology/src/topology.rs	crates/topology/src/topology.rs:220:9: replace Topology::body_class_of -> Result<BodyClass, TopologyError> with Ok(Default::default())
CaughtMutant	crates/topology/src/topology.rs	crates/topology/src/topology.rs:241:9: replace Topology::set_shell_body_class -> Result<(), TopologyError> with Ok(())
CaughtMutant	crates/topology/src/topology.rs	crates/topology/src/topology.rs:241:12: delete ! in Topology::set_shell_body_class
MissedMutant	crates/topology/src/topology.rs	crates/topology/src/topology.rs:262:9: replace Topology::set_wire_body_class -> Result<(), TopologyError> with Ok(())
MissedMutant	crates/topology/src/topology.rs	crates/topology/src/topology.rs:262:23: replace != with == in Topology::set_wire_body_class
MissedMutant	crates/topology/src/topology.rs	crates/topology/src/topology.rs:289:9: replace Topology::allocated_slot_count -> usize with 0
MissedMutant	crates/topology/src/topology.rs	crates/topology/src/topology.rs:289:9: replace Topology::allocated_slot_count -> usize with 1
CaughtMutant	crates/topology/src/topology.rs	crates/topology/src/topology.rs:377:17: replace && with || in Topology::restore_preserving_handle_slots
CaughtMutant	crates/topology/src/topology.rs	crates/topology/src/topology.rs:319:9: replace Topology::restore_preserving_handle_slots with ()
MissedMutant	crates/topology/src/topology.rs	crates/topology/src/topology.rs:376:37: delete ! in Topology::restore_preserving_handle_slots
CaughtMutant	crates/topology/src/topology.rs	crates/topology/src/topology.rs:385:16: delete ! in Topology::restore_preserving_handle_slots
CaughtMutant	crates/topology/src/topology.rs	crates/topology/src/topology.rs:437:9: replace Topology::restore_for_rollback with ()
MissedMutant	crates/topology/src/topology.rs	crates/topology/src/topology.rs:471:9: replace Topology::reserve with ()
CaughtMutant	crates/topology/src/topology.rs	crates/topology/src/topology.rs:519:9: replace Topology::attributes -> &AttributeStore with Box::leak(Box::new(Default::default()))
MissedMutant	crates/topology/src/topology.rs	crates/topology/src/topology.rs:538:9: replace Topology::set_solid_attributes -> Result<(), TopologyError> with Ok(())
Unviable	crates/topology/src/topology.rs	crates/topology/src/topology.rs:588:9: replace Topology::journal_begin -> PendingOp with Default::default()
Unviable	crates/topology/src/topology.rs	crates/topology/src/topology.rs:589:13: replace && with || in Topology::journal_begin
CaughtMutant	crates/topology/src/topology.rs	crates/topology/src/topology.rs:559:9: replace Topology::set_face_attributes -> Result<(), TopologyError> with Ok(())
Unviable	crates/topology/src/topology.rs	crates/topology/src/topology.rs:615:9: replace Topology::journal_record_evolution -> Result<OpId, TopologyError> with Ok(Default::default())
CaughtMutant	crates/topology/src/topology.rs	crates/topology/src/topology.rs:568:9: replace Topology::journal -> &Journal with Box::leak(Box::new(Default::default()))
CaughtMutant	crates/topology/src/topology.rs	crates/topology/src/topology.rs:589:21: replace != with == in Topology::journal_begin
CaughtMutant	crates/topology/src/topology.rs	crates/topology/src/topology.rs:657:9: replace Topology::propagate_attributes_for_op -> Result<crate::journal::JournalAttributePropagation, TopologyError> with Ok(Default::default())
CaughtMutant	crates/topology/src/topology.rs	crates/topology/src/topology.rs:660:81: replace == with != in Topology::propagate_attributes_for_op
CaughtMutant	crates/topology/src/topology.rs	crates/topology/src/topology.rs:668:63: replace && with || in Topology::propagate_attributes_for_op
CaughtMutant	crates/topology/src/topology.rs	crates/topology/src/topology.rs:668:19: replace == with != in Topology::propagate_attributes_for_op
Unviable	crates/topology/src/topology.rs	crates/topology/src/topology.rs:700:29: replace && with || in Topology::propagate_attributes_for_op
CaughtMutant	crates/topology/src/topology.rs	crates/topology/src/topology.rs:668:66: delete ! in Topology::propagate_attributes_for_op
CaughtMutant	crates/topology/src/topology.rs	crates/topology/src/topology.rs:678:40: replace == with != in Topology::propagate_attributes_for_op
CaughtMutant	crates/topology/src/topology.rs	crates/topology/src/topology.rs:687:33: replace != with == in Topology::propagate_attributes_for_op
CaughtMutant	crates/topology/src/topology.rs	crates/topology/src/topology.rs:700:32: delete ! in Topology::propagate_attributes_for_op
MissedMutant	crates/topology/src/topology.rs	crates/topology/src/topology.rs:706:25: delete match arm [] in Topology::propagate_attributes_for_op
CaughtMutant	crates/topology/src/topology.rs	crates/topology/src/topology.rs:707:25: delete match arm [agreed] in Topology::propagate_attributes_for_op
CaughtMutant	crates/topology/src/topology.rs	crates/topology/src/topology.rs:708:53: replace += with -= in Topology::propagate_attributes_for_op
Unviable	crates/topology/src/topology.rs	crates/topology/src/topology.rs:720:17: replace && with || in Topology::propagate_attributes_for_op
CaughtMutant	crates/topology/src/topology.rs	crates/topology/src/topology.rs:708:53: replace += with *= in Topology::propagate_attributes_for_op
CaughtMutant	crates/topology/src/topology.rs	crates/topology/src/topology.rs:711:77: replace += with -= in Topology::propagate_attributes_for_op
CaughtMutant	crates/topology/src/topology.rs	crates/topology/src/topology.rs:711:77: replace += with *= in Topology::propagate_attributes_for_op
Unviable	crates/topology/src/topology.rs	crates/topology/src/topology.rs:751:9: replace Topology::journal_record_barrier -> OpId with Default::default()
CaughtMutant	crates/topology/src/topology.rs	crates/topology/src/topology.rs:722:32: replace += with -= in Topology::propagate_attributes_for_op
CaughtMutant	crates/topology/src/topology.rs	crates/topology/src/topology.rs:722:32: replace += with *= in Topology::propagate_attributes_for_op
Unviable	crates/topology/src/topology.rs	crates/topology/src/topology.rs:802:9: replace Topology::add_face -> FaceId with Default::default()
Unviable	crates/topology/src/topology.rs	crates/topology/src/topology.rs:819:9: replace Topology::faces -> &Arena<Face> with Box::leak(Box::new(Arena::from_iter([Default::default()])))
Unviable	crates/topology/src/topology.rs	crates/topology/src/topology.rs:819:9: replace Topology::faces -> &Arena<Face> with Box::leak(Box::new(Arena::new(Default::default())))
MissedMutant	crates/topology/src/topology.rs	crates/topology/src/topology.rs:740:9: replace Topology::load_journal with ()
CaughtMutant	crates/topology/src/topology.rs	crates/topology/src/topology.rs:819:9: replace Topology::faces -> &Arena<Face> with Box::leak(Box::new(Arena::new()))
CaughtMutant	crates/topology/src/topology.rs	crates/topology/src/topology.rs:819:9: replace Topology::faces -> &Arena<Face> with Box::leak(Box::new(Arena::from(Default::default())))
Unviable	crates/topology/src/topology.rs	crates/topology/src/topology.rs:831:9: replace Topology::face_id_from_index -> Option<FaceId> with Some(Default::default())
CaughtMutant	crates/topology/src/topology.rs	crates/topology/src/topology.rs:825:9: replace Topology::num_faces -> usize with 0
Unviable	crates/topology/src/topology.rs	crates/topology/src/topology.rs:879:9: replace Topology::boundary_loop_specs -> Result<Vec<BoundaryLoopSpec>, TopologyError> with Ok(vec![Default::default()])
CaughtMutant	crates/topology/src/topology.rs	crates/topology/src/topology.rs:825:9: replace Topology::num_faces -> usize with 1
MissedMutant	crates/topology/src/topology.rs	crates/topology/src/topology.rs:831:9: replace Topology::face_id_from_index -> Option<FaceId> with None
CaughtMutant	crates/topology/src/topology.rs	crates/topology/src/topology.rs:879:9: replace Topology::boundary_loop_specs -> Result<Vec<BoundaryLoopSpec>, TopologyError> with Ok(vec![])
MissedMutant	crates/topology/src/topology.rs	crates/topology/src/topology.rs:882:61: replace match guard replacement_id == wire_id with true in Topology::boundary_loop_specs
CaughtMutant	crates/topology/src/topology.rs	crates/topology/src/topology.rs:882:61: replace match guard replacement_id == wire_id with false in Topology::boundary_loop_specs
Unviable	crates/topology/src/topology.rs	crates/topology/src/topology.rs:903:9: replace Topology::install_face_loop_specs -> Vec<LoopId> with vec![Default::default()]
CaughtMutant	crates/topology/src/topology.rs	crates/topology/src/topology.rs:882:76: replace == with != in Topology::boundary_loop_specs
Unviable	crates/topology/src/topology.rs	crates/topology/src/topology.rs:911:9: replace Topology::carried_face_authority -> HashMap<(EdgeId, bool), CarriedCoedgeAuthority> with HashMap::from_iter([((Default::default(), true), Default::default())])
Unviable	crates/topology/src/topology.rs	crates/topology/src/topology.rs:911:9: replace Topology::carried_face_authority -> HashMap<(EdgeId, bool), CarriedCoedgeAuthority> with HashMap::from_iter([((Default::default(), false), Default::default())])
Unviable	crates/topology/src/topology.rs	crates/topology/src/topology.rs:942:9: replace Topology::install_face_loop_specs_carrying -> Vec<LoopId> with vec![Default::default()]
CaughtMutant	crates/topology/src/topology.rs	crates/topology/src/topology.rs:903:9: replace Topology::install_face_loop_specs -> Vec<LoopId> with vec![]
Unviable	crates/topology/src/topology.rs	crates/topology/src/topology.rs:981:25: replace && with || in Topology::install_face_loop_specs_carrying
CaughtMutant	crates/topology/src/topology.rs	crates/topology/src/topology.rs:911:9: replace Topology::carried_face_authority -> HashMap<(EdgeId, bool), CarriedCoedgeAuthority> with HashMap::new()
CaughtMutant	crates/topology/src/topology.rs	crates/topology/src/topology.rs:942:9: replace Topology::install_face_loop_specs_carrying -> Vec<LoopId> with vec![]
CaughtMutant	crates/topology/src/topology.rs	crates/topology/src/topology.rs:980:49: replace != with == in Topology::install_face_loop_specs_carrying
CaughtMutant	crates/topology/src/topology.rs	crates/topology/src/topology.rs:1028:9: replace Topology::replace_boundary_wire -> Result<(), TopologyError> with Ok(())
CaughtMutant	crates/topology/src/topology.rs	crates/topology/src/topology.rs:1032:45: replace && with || in Topology::replace_boundary_wire
CaughtMutant	crates/topology/src/topology.rs	crates/topology/src/topology.rs:1032:34: replace != with == in Topology::replace_boundary_wire
MissedMutant	crates/topology/src/topology.rs	crates/topology/src/topology.rs:1032:48: delete ! in Topology::replace_boundary_wire
Unviable	crates/topology/src/topology.rs	crates/topology/src/topology.rs:1101:9: replace Topology::build_face_loops -> Result<Vec<LoopId>, TopologyError> with Ok(vec![Default::default()])
CaughtMutant	crates/topology/src/topology.rs	crates/topology/src/topology.rs:1074:9: replace Topology::set_face_boundary_wires -> Result<(), TopologyError> with Ok(())
CaughtMutant	crates/topology/src/topology.rs	crates/topology/src/topology.rs:1101:9: replace Topology::build_face_loops -> Result<Vec<LoopId>, TopologyError> with Ok(vec![])
Unviable	crates/topology/src/topology.rs	crates/topology/src/topology.rs:1120:9: replace Topology::loops_of_face -> Option<&[LoopId]> with Some(Vec::leak(vec![Default::default()]))
CaughtMutant	crates/topology/src/topology.rs	crates/topology/src/topology.rs:1105:29: delete ! in Topology::build_face_loops
CaughtMutant	crates/topology/src/topology.rs	crates/topology/src/topology.rs:1120:9: replace Topology::loops_of_face -> Option<&[LoopId]> with None
Unviable	crates/topology/src/topology.rs	crates/topology/src/topology.rs:1137:9: replace Topology::face_oriented_edges -> Result<Vec<OrientedEdge>, TopologyError> with Ok(vec![Default::default()])
CaughtMutant	crates/topology/src/topology.rs	crates/topology/src/topology.rs:1120:9: replace Topology::loops_of_face -> Option<&[LoopId]> with Some(Vec::leak(Vec::new()))
Unviable	crates/topology/src/topology.rs	crates/topology/src/topology.rs:1157:9: replace Topology::coedges_of_edge -> Vec<CoedgeId> with vec![Default::default()]
CaughtMutant	crates/topology/src/topology.rs	crates/topology/src/topology.rs:1123:29: delete ! in Topology::loops_of_face
CaughtMutant	crates/topology/src/topology.rs	crates/topology/src/topology.rs:1137:9: replace Topology::face_oriented_edges -> Result<Vec<OrientedEdge>, TopologyError> with Ok(vec![])
CaughtMutant	crates/topology/src/topology.rs	crates/topology/src/topology.rs:1157:9: replace Topology::coedges_of_edge -> Vec<CoedgeId> with vec![]
CaughtMutant	crates/topology/src/topology.rs	crates/topology/src/topology.rs:1167:9: replace Topology::num_loops -> usize with 0
CaughtMutant	crates/topology/src/topology.rs	crates/topology/src/topology.rs:1159:49: replace == with != in Topology::coedges_of_edge
CaughtMutant	crates/topology/src/topology.rs	crates/topology/src/topology.rs:1167:9: replace Topology::num_loops -> usize with 1
Unviable	crates/topology/src/topology.rs	crates/topology/src/topology.rs:1177:9: replace Topology::live_loop_ids -> impl Iterator<Item = LoopId>+'_ with ::std::iter::once(Default::default())
CaughtMutant	crates/topology/src/topology.rs	crates/topology/src/topology.rs:1173:9: replace Topology::num_coedges -> usize with 0
Unviable	crates/topology/src/topology.rs	crates/topology/src/topology.rs:1181:9: replace Topology::live_coedge_ids -> impl Iterator<Item = CoedgeId>+'_ with ::std::iter::once(Default::default())
CaughtMutant	crates/topology/src/topology.rs	crates/topology/src/topology.rs:1173:9: replace Topology::num_coedges -> usize with 1
CaughtMutant	crates/topology/src/topology.rs	crates/topology/src/topology.rs:1177:9: replace Topology::live_loop_ids -> impl Iterator<Item = LoopId>+'_ with ::std::iter::empty()
Unviable	crates/topology/src/topology.rs	crates/topology/src/topology.rs:1190:9: replace Topology::indexed_coedge_use -> Option<CoedgeId> with Some(Default::default())
CaughtMutant	crates/topology/src/topology.rs	crates/topology/src/topology.rs:1181:9: replace Topology::live_coedge_ids -> impl Iterator<Item = CoedgeId>+'_ with ::std::iter::empty()
CaughtMutant	crates/topology/src/topology.rs	crates/topology/src/topology.rs:1190:9: replace Topology::indexed_coedge_use -> Option<CoedgeId> with None
CaughtMutant	crates/topology/src/topology.rs	crates/topology/src/topology.rs:1235:25: replace != with == in Topology::delete_solid
CaughtMutant	crates/topology/src/topology.rs	crates/topology/src/topology.rs:1208:9: replace Topology::delete_solid -> Result<(), DeleteSolidError> with Ok(())
CaughtMutant	crates/topology/src/topology.rs	crates/topology/src/topology.rs:1242:26: delete ! in Topology::delete_solid
CaughtMutant	crates/topology/src/topology.rs	crates/topology/src/topology.rs:1243:36: delete ! in Topology::delete_solid
CaughtMutant	crates/topology/src/topology.rs	crates/topology/src/topology.rs:1244:36: delete ! in Topology::delete_solid
CaughtMutant	crates/topology/src/topology.rs	crates/topology/src/topology.rs:1245:36: delete ! in Topology::delete_solid
CaughtMutant	crates/topology/src/topology.rs	crates/topology/src/topology.rs:1246:37: delete ! in Topology::delete_solid
CaughtMutant	crates/topology/src/topology.rs	crates/topology/src/topology.rs:1288:9: replace Topology::collect_solid_entities -> Result<SolidEntities, TopologyError> with Ok(Default::default())
CaughtMutant	crates/topology/src/topology.rs	crates/topology/src/topology.rs:1298:9: replace Topology::collect_solid_entities_into -> Result<(), TopologyError> with Ok(())
CaughtMutant	crates/topology/src/topology.rs	crates/topology/src/topology.rs:1302:16: delete ! in Topology::collect_solid_entities_into
Unviable	crates/topology/src/topology.rs	crates/topology/src/topology.rs:1345:9: replace Topology::add_empty_solid -> SolidId with Default::default()
CaughtMutant	crates/topology/src/topology.rs	crates/topology/src/topology.rs:1307:20: delete ! in Topology::collect_solid_entities_into
CaughtMutant	crates/topology/src/topology.rs	crates/topology/src/topology.rs:1314:24: delete ! in Topology::collect_solid_entities_into
CaughtMutant	crates/topology/src/topology.rs	crates/topology/src/topology.rs:1320:28: delete ! in Topology::collect_solid_entities_into
MissedMutant	crates/topology/src/topology.rs	crates/topology/src/topology.rs:1354:9: replace Topology::is_empty_solid -> bool with true
MissedMutant	crates/topology/src/topology.rs	crates/topology/src/topology.rs:1354:9: replace Topology::is_empty_solid -> bool with false
Unviable	crates/topology/src/topology.rs	crates/topology/src/topology.rs:1369:9: replace Topology::pcurve_oriented -> Option<&PCurve> with Some(Box::leak(Box::new(Default::default())))
MissedMutant	crates/topology/src/topology.rs	crates/topology/src/topology.rs:1356:17: replace && with || in Topology::is_empty_solid
Unviable	crates/topology/src/topology.rs	crates/topology/src/topology.rs:1416:9: replace Topology::remove_pcurve_oriented -> Result<Option<PCurve>, TopologyError> with Ok(Some(Default::default()))
CaughtMutant	crates/topology/src/topology.rs	crates/topology/src/topology.rs:1369:9: replace Topology::pcurve_oriented -> Option<&PCurve> with None
Unviable	crates/topology/src/topology.rs	crates/topology/src/topology.rs:1434:9: replace Topology::pcurve -> Result<Option<&PCurve>, TopologyError> with Ok(Some(Box::leak(Box::new(Default::default()))))
CaughtMutant	crates/topology/src/topology.rs	crates/topology/src/topology.rs:1388:9: replace Topology::set_pcurve_oriented -> Result<(), TopologyError> with Ok(())
CaughtMutant	crates/topology/src/topology.rs	crates/topology/src/topology.rs:1416:9: replace Topology::remove_pcurve_oriented -> Result<Option<PCurve>, TopologyError> with Ok(None)
CaughtMutant	crates/topology/src/topology.rs	crates/topology/src/topology.rs:1434:9: replace Topology::pcurve -> Result<Option<&PCurve>, TopologyError> with Ok(None)
MissedMutant	crates/topology/src/topology.rs	crates/topology/src/topology.rs:1436:13: delete match arm [] in Topology::pcurve
CaughtMutant	crates/topology/src/topology.rs	crates/topology/src/topology.rs:1437:13: delete match arm [(_, coedge_id)] in Topology::pcurve
CaughtMutant	crates/topology/src/topology.rs	crates/topology/src/topology.rs:1449:9: replace Topology::has_pcurve -> Result<bool, TopologyError> with Ok(true)
CaughtMutant	crates/topology/src/topology.rs	crates/topology/src/topology.rs:1449:9: replace Topology::has_pcurve -> Result<bool, TopologyError> with Ok(false)
CaughtMutant	crates/topology/src/topology.rs	crates/topology/src/topology.rs:1450:13: delete match arm [] in Topology::has_pcurve
CaughtMutant	crates/topology/src/topology.rs	crates/topology/src/topology.rs:1451:13: delete match arm [(_, coedge_id)] in Topology::has_pcurve
CaughtMutant	crates/topology/src/topology.rs	crates/topology/src/topology.rs:1476:9: replace Topology::set_pcurve -> Result<(), TopologyError> with Ok(())
Unviable	crates/topology/src/topology.rs	crates/topology/src/topology.rs:1501:9: replace Topology::remove_pcurve -> Result<Option<PCurve>, TopologyError> with Ok(Some(Default::default()))
CaughtMutant	crates/topology/src/topology.rs	crates/topology/src/topology.rs:1478:13: delete match arm [forward] in Topology::set_pcurve
MissedMutant	crates/topology/src/topology.rs	crates/topology/src/topology.rs:1479:13: delete match arm [] in Topology::set_pcurve
CaughtMutant	crates/topology/src/topology.rs	crates/topology/src/topology.rs:1501:9: replace Topology::remove_pcurve -> Result<Option<PCurve>, TopologyError> with Ok(None)
Unviable	crates/topology/src/topology.rs	crates/topology/src/topology.rs:1514:9: replace Topology::pcurves_for_face -> Vec<(EdgeId, bool, &PCurve)> with vec![(Default::default(), true, Box::leak(Box::new(Default::default())))]
Unviable	crates/topology/src/topology.rs	crates/topology/src/topology.rs:1514:9: replace Topology::pcurves_for_face -> Vec<(EdgeId, bool, &PCurve)> with vec![(Default::default(), false, Box::leak(Box::new(Default::default())))]
MissedMutant	crates/topology/src/topology.rs	crates/topology/src/topology.rs:1503:13: delete match arm [] in Topology::remove_pcurve
CaughtMutant	crates/topology/src/topology.rs	crates/topology/src/topology.rs:1504:13: delete match arm [forward] in Topology::remove_pcurve
Unviable	crates/topology/src/topology.rs	crates/topology/src/topology.rs:1530:9: replace Topology::pcurves_for_edge -> Vec<(FaceId, bool, &PCurve)> with vec![(Default::default(), true, Box::leak(Box::new(Default::default())))]
Unviable	crates/topology/src/topology.rs	crates/topology/src/topology.rs:1530:9: replace Topology::pcurves_for_edge -> Vec<(FaceId, bool, &PCurve)> with vec![(Default::default(), false, Box::leak(Box::new(Default::default())))]
CaughtMutant	crates/topology/src/topology.rs	crates/topology/src/topology.rs:1514:9: replace Topology::pcurves_for_face -> Vec<(EdgeId, bool, &PCurve)> with vec![]
CaughtMutant	crates/topology/src/topology.rs	crates/topology/src/topology.rs:1530:9: replace Topology::pcurves_for_edge -> Vec<(FaceId, bool, &PCurve)> with vec![]
CaughtMutant	crates/topology/src/topology.rs	crates/topology/src/topology.rs:1545:9: replace Topology::num_pcurves -> usize with 0
Unviable	crates/topology/src/topology.rs	crates/topology/src/topology.rs:1558:9: replace Topology::coedge_pcurve -> Result<Option<&PCurve>, TopologyError> with Ok(Some(Box::leak(Box::new(Default::default()))))
CaughtMutant	crates/topology/src/topology.rs	crates/topology/src/topology.rs:1545:9: replace Topology::num_pcurves -> usize with 1
Unviable	crates/topology/src/topology.rs	crates/topology/src/topology.rs:1576:9: replace Topology::set_coedge_pcurve -> Result<Option<PCurve>, TopologyError> with Ok(Some(Default::default()))
CaughtMutant	crates/topology/src/topology.rs	crates/topology/src/topology.rs:1558:9: replace Topology::coedge_pcurve -> Result<Option<&PCurve>, TopologyError> with Ok(None)
Unviable	crates/topology/src/topology.rs	crates/topology/src/topology.rs:1594:9: replace Topology::remove_coedge_pcurve -> Result<Option<PCurve>, TopologyError> with Ok(Some(Default::default()))
CaughtMutant	crates/topology/src/topology.rs	crates/topology/src/topology.rs:1576:9: replace Topology::set_coedge_pcurve -> Result<Option<PCurve>, TopologyError> with Ok(None)
CaughtMutant	crates/topology/src/topology.rs	crates/topology/src/topology.rs:1594:9: replace Topology::remove_coedge_pcurve -> Result<Option<PCurve>, TopologyError> with Ok(None)
CaughtMutant	crates/topology/src/topology.rs	crates/topology/src/topology.rs:1614:9: replace Topology::set_coedge_periodic_winding -> Result<PeriodicWinding, TopologyError> with Ok(Default::default())
MissedMutant	crates/topology/src/topology.rs	crates/topology/src/topology.rs:1624:9: replace Topology::validate_coedge_authority -> Result<(), TopologyError> with Ok(())
CaughtMutant	crates/topology/src/topology.rs	crates/topology/src/topology.rs:1628:12: delete ! in Topology::validate_coedge_authority
CaughtMutant	crates/topology/src/topology.rs	crates/topology/src/topology.rs:1642:9: replace Topology::face_edge_uses -> Result<Vec<bool>, TopologyError> with Ok(vec![])
CaughtMutant	crates/topology/src/topology.rs	crates/topology/src/topology.rs:1642:9: replace Topology::face_edge_uses -> Result<Vec<bool>, TopologyError> with Ok(vec![true])
Unviable	crates/topology/src/topology.rs	crates/topology/src/topology.rs:1664:9: replace Topology::build_adjacency -> Result<AdjacencyIndex, TopologyError> with Ok(Default::default())
Unviable	crates/topology/src/transaction.rs	crates/topology/src/transaction.rs:44:5: replace run_transacted -> Result<T, E> with Ok(Default::default())
Unviable	crates/topology/src/transaction.rs	crates/topology/src/transaction.rs:71:5: replace run_validated -> Result<T, E> with Ok(Default::default())
CaughtMutant	crates/topology/src/topology.rs	crates/topology/src/topology.rs:1642:9: replace Topology::face_edge_uses -> Result<Vec<bool>, TopologyError> with Ok(vec![false])
CaughtMutant	crates/topology/src/topology.rs	crates/topology/src/topology.rs:1650:34: replace == with != in Topology::face_edge_uses
MissedMutant	crates/topology/src/validation.rs	crates/topology/src/validation.rs:37:5: replace validate_wire_closed -> Result<(), TopologyError> with Ok(())
CaughtMutant	crates/topology/src/validation.rs	crates/topology/src/validation.rs:37:8: delete ! in validate_wire_closed
Unviable	crates/topology/src/validation.rs	crates/topology/src/validation.rs:48:20: replace - with + in validate_wire_closed
Unviable	crates/topology/src/validation.rs	crates/topology/src/validation.rs:48:20: replace - with / in validate_wire_closed
MissedMutant	crates/topology/src/validation.rs	crates/topology/src/validation.rs:43:18: replace == with != in validate_wire_closed
MissedMutant	crates/topology/src/validation.rs	crates/topology/src/validation.rs:48:35: replace <= with > in validate_wire_closed
CaughtMutant	crates/topology/src/validation.rs	crates/topology/src/validation.rs:59:12: delete ! in validate_wire_closed
CaughtMutant	crates/topology/src/validation.rs	crates/topology/src/validation.rs:71:12: delete ! in validate_wire_closed
CaughtMutant	crates/topology/src/validation.rs	crates/topology/src/validation.rs:88:5: replace count_wire_edges -> Result<(), TopologyError> with Ok(())
CaughtMutant	crates/topology/src/validation.rs	crates/topology/src/validation.rs:90:55: replace += with -= in count_wire_edges
CaughtMutant	crates/topology/src/validation.rs	crates/topology/src/validation.rs:90:55: replace += with *= in count_wire_edges
CaughtMutant	crates/topology/src/validation.rs	crates/topology/src/validation.rs:112:5: replace validate_shell_manifold -> Result<(), TopologyError> with Ok(())
CaughtMutant	crates/topology/src/validation.rs	crates/topology/src/validation.rs:125:18: replace > with == in validate_shell_manifold
CaughtMutant	crates/topology/src/validation.rs	crates/topology/src/validation.rs:125:18: replace > with < in validate_shell_manifold
CaughtMutant	crates/topology/src/validation.rs	crates/topology/src/validation.rs:125:18: replace > with >= in validate_shell_manifold
CaughtMutant	crates/topology/src/validation.rs	crates/topology/src/validation.rs:150:5: replace validate_shell_closed -> Result<(), TopologyError> with Ok(())
CaughtMutant	crates/topology/src/validation.rs	crates/topology/src/validation.rs:161:18: replace != with == in validate_shell_closed
MissedMutant	crates/topology/src/validation.rs	crates/topology/src/validation.rs:162:33: replace == with != in validate_shell_closed
CaughtMutant	crates/topology/src/validation.rs	crates/topology/src/validation.rs:195:5: replace validate_face_loops -> Result<(), TopologyError> with Ok(())
CaughtMutant	crates/topology/src/validation.rs	crates/topology/src/validation.rs:202:23: replace != with == in validate_face_loops
MissedMutant	crates/topology/src/validation.rs	crates/topology/src/validation.rs:210:13: replace || with && in validate_face_loops
MissedMutant	crates/topology/src/validation.rs	crates/topology/src/validation.rs:209:13: replace || with && in validate_face_loops
CaughtMutant	crates/topology/src/validation.rs	crates/topology/src/validation.rs:208:33: replace != with == in validate_face_loops
CaughtMutant	crates/topology/src/validation.rs	crates/topology/src/validation.rs:209:42: replace != with == in validate_face_loops
CaughtMutant	crates/topology/src/validation.rs	crates/topology/src/validation.rs:210:46: replace != with == in validate_face_loops
MissedMutant	crates/topology/src/validation.rs	crates/topology/src/validation.rs:218:17: replace || with && in validate_face_loops
MissedMutant	crates/topology/src/validation.rs	crates/topology/src/validation.rs:217:17: replace || with && in validate_face_loops
CaughtMutant	crates/topology/src/validation.rs	crates/topology/src/validation.rs:216:30: replace != with == in validate_face_loops
CaughtMutant	crates/topology/src/validation.rs	crates/topology/src/validation.rs:217:40: replace != with == in validate_face_loops
CaughtMutant	crates/topology/src/validation.rs	crates/topology/src/validation.rs:218:41: replace != with == in validate_face_loops
CaughtMutant	crates/topology/src/validation.rs	crates/topology/src/validation.rs:242:5: replace validate_loop_connected -> Result<(), TopologyError> with Ok(())
Unviable	crates/topology/src/validation.rs	crates/topology/src/validation.rs:255:39: replace - with + in validate_loop_connected
Unviable	crates/topology/src/validation.rs	crates/topology/src/validation.rs:255:39: replace - with / in validate_loop_connected
CaughtMutant	crates/topology/src/validation.rs	crates/topology/src/validation.rs:250:14: replace == with != in validate_loop_connected
CaughtMutant	crates/topology/src/validation.rs	crates/topology/src/validation.rs:255:54: replace <= with > in validate_loop_connected
CaughtMutant	crates/topology/src/validation.rs	crates/topology/src/validation.rs:277:12: delete ! in validate_loop_connected
Unviable	crates/topology/src/validation.rs	crates/topology/src/validation.rs:381:9: replace <impl remus_math::diagnostic::ToDiagnostic for BoundaryAuthorityError>::diagnostic -> remus_math::diagnostic::Diagnostic with Default::default()
CaughtMutant	crates/topology/src/validation.rs	crates/topology/src/validation.rs:282:54: replace - with + in validate_loop_connected
CaughtMutant	crates/topology/src/validation.rs	crates/topology/src/validation.rs:282:54: replace - with / in validate_loop_connected
CaughtMutant	crates/topology/src/validation.rs	crates/topology/src/validation.rs:284:12: delete ! in validate_loop_connected
CaughtMutant	crates/topology/src/validation.rs	crates/topology/src/validation.rs:467:5: replace validate_boundary_authority -> Result<BoundaryAuthoritySummary, BoundaryAuthorityError> with Ok(Default::default())
CaughtMutant	crates/topology/src/validation.rs	crates/topology/src/validation.rs:472:23: replace += with -= in validate_boundary_authority
CaughtMutant	crates/topology/src/validation.rs	crates/topology/src/validation.rs:472:23: replace += with *= in validate_boundary_authority
CaughtMutant	crates/topology/src/validation.rs	crates/topology/src/validation.rs:477:59: replace += with -= in validate_boundary_authority
CaughtMutant	crates/topology/src/validation.rs	crates/topology/src/validation.rs:477:59: replace += with *= in validate_boundary_authority
CaughtMutant	crates/topology/src/validation.rs	crates/topology/src/validation.rs:481:67: replace += with -= in validate_boundary_authority
CaughtMutant	crates/topology/src/validation.rs	crates/topology/src/validation.rs:481:67: replace += with *= in validate_boundary_authority
CaughtMutant	crates/topology/src/validation.rs	crates/topology/src/validation.rs:485:21: replace && with || in validate_boundary_authority
CaughtMutant	crates/topology/src/validation.rs	crates/topology/src/validation.rs:485:50: replace != with == in validate_boundary_authority
CaughtMutant	crates/topology/src/validation.rs	crates/topology/src/validation.rs:498:27: replace > with == in validate_boundary_authority
CaughtMutant	crates/topology/src/validation.rs	crates/topology/src/validation.rs:498:27: replace > with < in validate_boundary_authority
CaughtMutant	crates/topology/src/validation.rs	crates/topology/src/validation.rs:498:27: replace > with >= in validate_boundary_authority
CaughtMutant	crates/topology/src/validation.rs	crates/topology/src/validation.rs:507:32: replace && with || in validate_boundary_authority
CaughtMutant	crates/topology/src/validation.rs	crates/topology/src/validation.rs:507:27: replace == with != in validate_boundary_authority
CaughtMutant	crates/topology/src/validation.rs	crates/topology/src/validation.rs:507:45: replace == with != in validate_boundary_authority
CaughtMutant	crates/topology/src/validation.rs	crates/topology/src/validation.rs:515:68: replace != with == in validate_boundary_authority
CaughtMutant	crates/topology/src/validation.rs	crates/topology/src/validation.rs:524:27: replace == with != in validate_boundary_authority
CaughtMutant	crates/topology/src/validation.rs	crates/topology/src/validation.rs:527:32: replace += with -= in validate_boundary_authority
CaughtMutant	crates/topology/src/validation.rs	crates/topology/src/validation.rs:527:32: replace += with *= in validate_boundary_authority
CaughtMutant	crates/topology/src/validation.rs	crates/topology/src/validation.rs:529:28: replace && with || in validate_boundary_authority
CaughtMutant	crates/topology/src/validation.rs	crates/topology/src/validation.rs:529:23: replace != with == in validate_boundary_authority
CaughtMutant	crates/topology/src/validation.rs	crates/topology/src/validation.rs:529:38: replace != with == in validate_boundary_authority
CaughtMutant	crates/topology/src/validation.rs	crates/topology/src/validation.rs:537:42: replace += with -= in validate_boundary_authority
CaughtMutant	crates/topology/src/validation.rs	crates/topology/src/validation.rs:537:42: replace += with *= in validate_boundary_authority
CaughtMutant	crates/topology/src/validation.rs	crates/topology/src/validation.rs:543:19: replace != with == in validate_boundary_authority
CaughtMutant	crates/topology/src/validation.rs	crates/topology/src/validation.rs:546:23: replace += with -= in validate_boundary_authority
CaughtMutant	crates/topology/src/validation.rs	crates/topology/src/validation.rs:546:23: replace += with *= in validate_boundary_authority
CaughtMutant	crates/topology/src/validation.rs	crates/topology/src/validation.rs:550:19: replace != with == in validate_boundary_authority
Unviable	crates/topology/src/validation.rs	crates/topology/src/validation.rs:645:9: replace <impl remus_math::diagnostic::ToDiagnostic for CurveUseValidationError>::diagnostic -> remus_math::diagnostic::Diagnostic with Default::default()
CaughtMutant	crates/topology/src/validation.rs	crates/topology/src/validation.rs:556:25: replace += with -= in validate_boundary_authority
Unviable	crates/topology/src/validation.rs	crates/topology/src/validation.rs:722:5: replace non_finite_pcurve_use -> CurveUseValidationError with Default::default()
CaughtMutant	crates/topology/src/validation.rs	crates/topology/src/validation.rs:556:25: replace += with *= in validate_boundary_authority
CaughtMutant	crates/topology/src/validation.rs	crates/topology/src/validation.rs:713:5: replace orientation_label -> &'static str with ""
CaughtMutant	crates/topology/src/validation.rs	crates/topology/src/validation.rs:713:5: replace orientation_label -> &'static str with "xyzzy"
MissedMutant	crates/topology/src/validation.rs	crates/topology/src/validation.rs:731:5: replace pcurve_type_label -> &'static str with ""
MissedMutant	crates/topology/src/validation.rs	crates/topology/src/validation.rs:731:5: replace pcurve_type_label -> &'static str with "xyzzy"
MissedMutant	crates/topology/src/validation.rs	crates/topology/src/validation.rs:740:5: replace pcurve_definition_is_finite -> bool with true
CaughtMutant	crates/topology/src/validation.rs	crates/topology/src/validation.rs:740:5: replace pcurve_definition_is_finite -> bool with false
MissedMutant	crates/topology/src/validation.rs	crates/topology/src/validation.rs:743:17: replace && with || in pcurve_definition_is_finite
MissedMutant	crates/topology/src/validation.rs	crates/topology/src/validation.rs:746:69: replace && with || in pcurve_definition_is_finite
MissedMutant	crates/topology/src/validation.rs	crates/topology/src/validation.rs:752:17: replace && with || in pcurve_definition_is_finite
MissedMutant	crates/topology/src/validation.rs	crates/topology/src/validation.rs:751:17: replace && with || in pcurve_definition_is_finite
MissedMutant	crates/topology/src/validation.rs	crates/topology/src/validation.rs:750:17: replace && with || in pcurve_definition_is_finite
Unviable	crates/topology/src/validation.rs	crates/topology/src/validation.rs:785:5: replace check_same_parameter -> Result<Option<SameParameterReport>, TopologyError> with Ok(Some(Default::default()))
MissedMutant	crates/topology/src/validation.rs	crates/topology/src/validation.rs:757:17: replace && with || in pcurve_definition_is_finite
MissedMutant	crates/topology/src/validation.rs	crates/topology/src/validation.rs:756:17: replace && with || in pcurve_definition_is_finite
CaughtMutant	crates/topology/src/validation.rs	crates/topology/src/validation.rs:785:5: replace check_same_parameter -> Result<Option<SameParameterReport>, TopologyError> with Ok(None)
MissedMutant	crates/topology/src/validation.rs	crates/topology/src/validation.rs:800:24: replace || with && in check_same_parameter
CaughtMutant	crates/topology/src/validation.rs	crates/topology/src/validation.rs:800:8: delete ! in check_same_parameter
CaughtMutant	crates/topology/src/validation.rs	crates/topology/src/validation.rs:800:27: delete ! in check_same_parameter
MissedMutant	crates/topology/src/validation.rs	crates/topology/src/validation.rs:804:30: replace + with - in check_same_parameter
MissedMutant	crates/topology/src/validation.rs	crates/topology/src/validation.rs:804:30: replace + with * in check_same_parameter
MissedMutant	crates/topology/src/validation.rs	crates/topology/src/validation.rs:809:26: replace / with % in check_same_parameter
MissedMutant	crates/topology/src/validation.rs	crates/topology/src/validation.rs:809:26: replace / with * in check_same_parameter
CaughtMutant	crates/topology/src/validation.rs	crates/topology/src/validation.rs:810:21: replace + with - in check_same_parameter
CaughtMutant	crates/topology/src/validation.rs	crates/topology/src/validation.rs:810:21: replace + with * in check_same_parameter
CaughtMutant	crates/topology/src/validation.rs	crates/topology/src/validation.rs:810:25: replace * with + in check_same_parameter
MissedMutant	crates/topology/src/validation.rs	crates/topology/src/validation.rs:810:25: replace * with / in check_same_parameter
MissedMutant	crates/topology/src/validation.rs	crates/topology/src/validation.rs:810:31: replace - with + in check_same_parameter
CaughtMutant	crates/topology/src/validation.rs	crates/topology/src/validation.rs:810:31: replace - with / in check_same_parameter
MissedMutant	crates/topology/src/validation.rs	crates/topology/src/validation.rs:812:28: replace || with && in check_same_parameter
CaughtMutant	crates/topology/src/validation.rs	crates/topology/src/validation.rs:812:12: delete ! in check_same_parameter
CaughtMutant	crates/topology/src/validation.rs	crates/topology/src/validation.rs:812:31: delete ! in check_same_parameter
CaughtMutant	crates/topology/src/validation.rs	crates/topology/src/validation.rs:823:16: replace + with - in check_same_parameter
CaughtMutant	crates/topology/src/validation.rs	crates/topology/src/validation.rs:823:16: replace + with * in check_same_parameter
CaughtMutant	crates/topology/src/validation.rs	crates/topology/src/validation.rs:823:20: replace * with + in check_same_parameter
MissedMutant	crates/topology/src/validation.rs	crates/topology/src/validation.rs:823:20: replace * with / in check_same_parameter
MissedMutant	crates/topology/src/validation.rs	crates/topology/src/validation.rs:823:26: replace - with + in check_same_parameter
CaughtMutant	crates/topology/src/validation.rs	crates/topology/src/validation.rs:823:26: replace - with / in check_same_parameter
MissedMutant	crates/topology/src/validation.rs	crates/topology/src/validation.rs:825:16: replace - with + in check_same_parameter
MissedMutant	crates/topology/src/validation.rs	crates/topology/src/validation.rs:825:16: replace - with / in check_same_parameter
MissedMutant	crates/topology/src/validation.rs	crates/topology/src/validation.rs:825:20: replace * with + in check_same_parameter
Unviable	crates/topology/src/validation.rs	crates/topology/src/validation.rs:828:37: replace - with + in check_same_parameter
Unviable	crates/topology/src/validation.rs	crates/topology/src/validation.rs:828:37: replace - with / in check_same_parameter
MissedMutant	crates/topology/src/validation.rs	crates/topology/src/validation.rs:825:20: replace * with / in check_same_parameter
MissedMutant	crates/topology/src/validation.rs	crates/topology/src/validation.rs:825:26: replace - with + in check_same_parameter
MissedMutant	crates/topology/src/validation.rs	crates/topology/src/validation.rs:825:26: replace - with / in check_same_parameter
MissedMutant	crates/topology/src/validation.rs	crates/topology/src/validation.rs:832:13: replace || with && in check_same_parameter
MissedMutant	crates/topology/src/validation.rs	crates/topology/src/validation.rs:831:13: replace || with && in check_same_parameter
MissedMutant	crates/topology/src/validation.rs	crates/topology/src/validation.rs:830:13: replace || with && in check_same_parameter
CaughtMutant	crates/topology/src/validation.rs	crates/topology/src/validation.rs:829:12: delete ! in check_same_parameter
CaughtMutant	crates/topology/src/validation.rs	crates/topology/src/validation.rs:830:16: delete ! in check_same_parameter
CaughtMutant	crates/topology/src/validation.rs	crates/topology/src/validation.rs:831:16: delete ! in check_same_parameter
CaughtMutant	crates/topology/src/validation.rs	crates/topology/src/validation.rs:832:16: delete ! in check_same_parameter
CaughtMutant	crates/topology/src/validation.rs	crates/topology/src/validation.rs:838:22: replace > with == in check_same_parameter
CaughtMutant	crates/topology/src/validation.rs	crates/topology/src/validation.rs:838:22: replace > with < in check_same_parameter
MissedMutant	crates/topology/src/validation.rs	crates/topology/src/validation.rs:838:22: replace > with >= in check_same_parameter
MissedMutant	crates/topology/src/validation.rs	crates/topology/src/validation.rs:846:26: replace + with - in check_same_parameter
Unviable	crates/topology/src/validation.rs	crates/topology/src/validation.rs:869:5: replace check_same_parameter_strict -> Result<Option<SameParameterReport>, CurveUseValidationError> with Ok(Some(Default::default()))
MissedMutant	crates/topology/src/validation.rs	crates/topology/src/validation.rs:846:26: replace + with * in check_same_parameter
CaughtMutant	crates/topology/src/validation.rs	crates/topology/src/validation.rs:869:5: replace check_same_parameter_strict -> Result<Option<SameParameterReport>, CurveUseValidationError> with Ok(None)
CaughtMutant	crates/topology/src/validation.rs	crates/topology/src/validation.rs:878:8: delete ! in check_same_parameter_strict
MissedMutant	crates/topology/src/validation.rs	crates/topology/src/validation.rs:878:24: replace || with && in check_same_parameter_strict
CaughtMutant	crates/topology/src/validation.rs	crates/topology/src/validation.rs:878:27: delete ! in check_same_parameter_strict
CaughtMutant	crates/topology/src/validation.rs	crates/topology/src/validation.rs:886:8: delete ! in check_same_parameter_strict
Unviable	crates/topology/src/validation.rs	crates/topology/src/validation.rs:911:9: replace && with || in check_same_parameter_strict
Unviable	crates/topology/src/validation.rs	crates/topology/src/validation.rs:910:9: replace && with || in check_same_parameter_strict
MissedMutant	crates/topology/src/validation.rs	crates/topology/src/validation.rs:896:53: replace || with && in check_same_parameter_strict
Unviable	crates/topology/src/validation.rs	crates/topology/src/validation.rs:916:36: replace - with + in check_same_parameter_strict
CaughtMutant	crates/topology/src/validation.rs	crates/topology/src/validation.rs:896:8: delete ! in check_same_parameter_strict
Unviable	crates/topology/src/validation.rs	crates/topology/src/validation.rs:916:36: replace - with / in check_same_parameter_strict
Unviable	crates/topology/src/validation.rs	crates/topology/src/validation.rs:917:34: replace - with + in check_same_parameter_strict
Unviable	crates/topology/src/validation.rs	crates/topology/src/validation.rs:917:34: replace - with / in check_same_parameter_strict
CaughtMutant	crates/topology/src/validation.rs	crates/topology/src/validation.rs:896:56: delete ! in check_same_parameter_strict
CaughtMutant	crates/topology/src/validation.rs	crates/topology/src/validation.rs:911:30: replace == with != in check_same_parameter_strict
MissedMutant	crates/topology/src/validation.rs	crates/topology/src/validation.rs:921:13: replace || with && in check_same_parameter_strict
MissedMutant	crates/topology/src/validation.rs	crates/topology/src/validation.rs:920:13: replace || with && in check_same_parameter_strict
MissedMutant	crates/topology/src/validation.rs	crates/topology/src/validation.rs:919:13: replace || with && in check_same_parameter_strict
CaughtMutant	crates/topology/src/validation.rs	crates/topology/src/validation.rs:918:12: delete ! in check_same_parameter_strict
CaughtMutant	crates/topology/src/validation.rs	crates/topology/src/validation.rs:919:16: delete ! in check_same_parameter_strict
CaughtMutant	crates/topology/src/validation.rs	crates/topology/src/validation.rs:920:16: delete ! in check_same_parameter_strict
CaughtMutant	crates/topology/src/validation.rs	crates/topology/src/validation.rs:921:16: delete ! in check_same_parameter_strict
CaughtMutant	crates/topology/src/validation.rs	crates/topology/src/validation.rs:951:52: replace * with + in check_same_parameter_strict
CaughtMutant	crates/topology/src/validation.rs	crates/topology/src/validation.rs:951:52: replace * with / in check_same_parameter_strict
CaughtMutant	crates/topology/src/validation.rs	crates/topology/src/validation.rs:951:37: replace * with + in check_same_parameter_strict
CaughtMutant	crates/topology/src/validation.rs	crates/topology/src/validation.rs:951:37: replace * with / in check_same_parameter_strict
CaughtMutant	crates/topology/src/validation.rs	crates/topology/src/validation.rs:952:29: replace > with == in check_same_parameter_strict
CaughtMutant	crates/topology/src/validation.rs	crates/topology/src/validation.rs:952:29: replace > with < in check_same_parameter_strict
MissedMutant	crates/topology/src/validation.rs	crates/topology/src/validation.rs:952:29: replace > with >= in check_same_parameter_strict
MissedMutant	crates/topology/src/validation.rs	crates/topology/src/validation.rs:962:56: replace >= with < in check_same_parameter_strict
MissedMutant	crates/topology/src/validation.rs	crates/topology/src/validation.rs:964:47: replace + with - in check_same_parameter_strict
CaughtMutant	crates/topology/src/validation.rs	crates/topology/src/validation.rs:964:47: replace + with * in check_same_parameter_strict
Unviable	crates/topology/src/validation.rs	crates/topology/src/validation.rs:1000:9: replace && with || in validate_same_parameter_strict
CaughtMutant	crates/topology/src/validation.rs	crates/topology/src/validation.rs:995:5: replace validate_same_parameter_strict -> Result<(), CurveUseValidationError> with Ok(())
CaughtMutant	crates/topology/src/validation.rs	crates/topology/src/validation.rs:995:31: replace || with && in validate_same_parameter_strict
CaughtMutant	crates/topology/src/validation.rs	crates/topology/src/validation.rs:995:8: delete ! in validate_same_parameter_strict
CaughtMutant	crates/topology/src/validation.rs	crates/topology/src/validation.rs:1000:33: replace > with == in validate_same_parameter_strict
CaughtMutant	crates/topology/src/validation.rs	crates/topology/src/validation.rs:1000:33: replace > with < in validate_same_parameter_strict
MissedMutant	crates/topology/src/validation.rs	crates/topology/src/validation.rs:1000:33: replace > with >= in validate_same_parameter_strict
Unviable	crates/topology/src/validation.rs	crates/topology/src/validation.rs:1040:9: replace && with || in validate_same_parameter
CaughtMutant	crates/topology/src/validation.rs	crates/topology/src/validation.rs:1032:5: replace validate_same_parameter -> Result<(), TopologyError> with Ok(())
MissedMutant	crates/topology/src/validation.rs	crates/topology/src/validation.rs:1032:31: replace || with && in validate_same_parameter
CaughtMutant	crates/topology/src/validation.rs	crates/topology/src/validation.rs:1032:8: delete ! in validate_same_parameter
CaughtMutant	crates/topology/src/validation.rs	crates/topology/src/validation.rs:1040:33: replace > with == in validate_same_parameter
CaughtMutant	crates/topology/src/validation.rs	crates/topology/src/validation.rs:1040:33: replace > with < in validate_same_parameter
MissedMutant	crates/topology/src/validation.rs	crates/topology/src/validation.rs:1040:33: replace > with >= in validate_same_parameter
CaughtMutant	crates/topology/src/validation.rs	crates/topology/src/validation.rs:1067:5: replace check_same_range -> Result<Option<f64>, TopologyError> with Ok(None)
CaughtMutant	crates/topology/src/validation.rs	crates/topology/src/validation.rs:1067:5: replace check_same_range -> Result<Option<f64>, TopologyError> with Ok(Some(0.0))
CaughtMutant	crates/topology/src/validation.rs	crates/topology/src/validation.rs:1067:5: replace check_same_range -> Result<Option<f64>, TopologyError> with Ok(Some(1.0))
CaughtMutant	crates/topology/src/validation.rs	crates/topology/src/validation.rs:1067:5: replace check_same_range -> Result<Option<f64>, TopologyError> with Ok(Some(-1.0))
MissedMutant	crates/topology/src/validation.rs	crates/topology/src/validation.rs:1081:9: replace || with && in check_same_range
MissedMutant	crates/topology/src/validation.rs	crates/topology/src/validation.rs:1080:9: replace || with && in check_same_range
MissedMutant	crates/topology/src/validation.rs	crates/topology/src/validation.rs:1079:9: replace || with && in check_same_range
CaughtMutant	crates/topology/src/validation.rs	crates/topology/src/validation.rs:1078:8: delete ! in check_same_range
CaughtMutant	crates/topology/src/validation.rs	crates/topology/src/validation.rs:1079:12: delete ! in check_same_range
CaughtMutant	crates/topology/src/validation.rs	crates/topology/src/validation.rs:1080:12: delete ! in check_same_range
CaughtMutant	crates/topology/src/validation.rs	crates/topology/src/validation.rs:1081:12: delete ! in check_same_range
MissedMutant	crates/topology/src/validation.rs	crates/topology/src/validation.rs:1094:9: replace || with && in check_same_range
MissedMutant	crates/topology/src/validation.rs	crates/topology/src/validation.rs:1093:9: replace || with && in check_same_range
MissedMutant	crates/topology/src/validation.rs	crates/topology/src/validation.rs:1092:9: replace || with && in check_same_range
CaughtMutant	crates/topology/src/validation.rs	crates/topology/src/validation.rs:1091:8: delete ! in check_same_range
Unviable	crates/topology/src/validation.rs	crates/topology/src/validation.rs:1098:18: replace - with + in check_same_range
Unviable	crates/topology/src/validation.rs	crates/topology/src/validation.rs:1098:18: replace - with / in check_same_range
Unviable	crates/topology/src/validation.rs	crates/topology/src/validation.rs:1099:18: replace - with + in check_same_range
CaughtMutant	crates/topology/src/validation.rs	crates/topology/src/validation.rs:1092:12: delete ! in check_same_range
Unviable	crates/topology/src/validation.rs	crates/topology/src/validation.rs:1099:18: replace - with / in check_same_range
CaughtMutant	crates/topology/src/validation.rs	crates/topology/src/validation.rs:1093:12: delete ! in check_same_range
CaughtMutant	crates/topology/src/validation.rs	crates/topology/src/validation.rs:1094:12: delete ! in check_same_range
CaughtMutant	crates/topology/src/validation.rs	crates/topology/src/validation.rs:1120:5: replace check_same_range_strict -> Result<Option<f64>, CurveUseValidationError> with Ok(Some(0.0))
CaughtMutant	crates/topology/src/validation.rs	crates/topology/src/validation.rs:1120:5: replace check_same_range_strict -> Result<Option<f64>, CurveUseValidationError> with Ok(None)
CaughtMutant	crates/topology/src/validation.rs	crates/topology/src/validation.rs:1120:5: replace check_same_range_strict -> Result<Option<f64>, CurveUseValidationError> with Ok(Some(1.0))
CaughtMutant	crates/topology/src/validation.rs	crates/topology/src/validation.rs:1120:5: replace check_same_range_strict -> Result<Option<f64>, CurveUseValidationError> with Ok(Some(-1.0))
MissedMutant	crates/topology/src/validation.rs	crates/topology/src/validation.rs:1130:38: replace || with && in check_same_range_strict
CaughtMutant	crates/topology/src/validation.rs	crates/topology/src/validation.rs:1130:8: delete ! in check_same_range_strict
CaughtMutant	crates/topology/src/validation.rs	crates/topology/src/validation.rs:1130:41: delete ! in check_same_range_strict
CaughtMutant	crates/topology/src/validation.rs	crates/topology/src/validation.rs:1138:8: delete ! in check_same_range_strict
MissedMutant	crates/topology/src/validation.rs	crates/topology/src/validation.rs:1148:53: replace || with && in check_same_range_strict
CaughtMutant	crates/topology/src/validation.rs	crates/topology/src/validation.rs:1148:8: delete ! in check_same_range_strict
CaughtMutant	crates/topology/src/validation.rs	crates/topology/src/validation.rs:1148:56: delete ! in check_same_range_strict
MissedMutant	crates/topology/src/validation.rs	crates/topology/src/validation.rs:1171:9: replace || with && in check_same_range_strict
MissedMutant	crates/topology/src/validation.rs	crates/topology/src/validation.rs:1170:9: replace || with && in check_same_range_strict
MissedMutant	crates/topology/src/validation.rs	crates/topology/src/validation.rs:1169:9: replace || with && in check_same_range_strict
CaughtMutant	crates/topology/src/validation.rs	crates/topology/src/validation.rs:1168:8: delete ! in check_same_range_strict
Unviable	crates/topology/src/validation.rs	crates/topology/src/validation.rs:1180:18: replace - with + in check_same_range_strict
CaughtMutant	crates/topology/src/validation.rs	crates/topology/src/validation.rs:1169:12: delete ! in check_same_range_strict
Unviable	crates/topology/src/validation.rs	crates/topology/src/validation.rs:1180:18: replace - with / in check_same_range_strict
Unviable	crates/topology/src/validation.rs	crates/topology/src/validation.rs:1181:18: replace - with + in check_same_range_strict
Unviable	crates/topology/src/validation.rs	crates/topology/src/validation.rs:1181:18: replace - with / in check_same_range_strict
CaughtMutant	crates/topology/src/validation.rs	crates/topology/src/validation.rs:1170:12: delete ! in check_same_range_strict
CaughtMutant	crates/topology/src/validation.rs	crates/topology/src/validation.rs:1171:12: delete ! in check_same_range_strict
CaughtMutant	crates/topology/src/validation.rs	crates/topology/src/validation.rs:1183:8: delete ! in check_same_range_strict
Unviable	crates/topology/src/validation.rs	crates/topology/src/validation.rs:1213:9: replace && with || in validate_same_range_strict
CaughtMutant	crates/topology/src/validation.rs	crates/topology/src/validation.rs:1208:5: replace validate_same_range_strict -> Result<(), CurveUseValidationError> with Ok(())
MissedMutant	crates/topology/src/validation.rs	crates/topology/src/validation.rs:1208:31: replace || with && in validate_same_range_strict
CaughtMutant	crates/topology/src/validation.rs	crates/topology/src/validation.rs:1208:8: delete ! in validate_same_range_strict
CaughtMutant	crates/topology/src/validation.rs	crates/topology/src/validation.rs:1213:26: replace > with == in validate_same_range_strict
CaughtMutant	crates/topology/src/validation.rs	crates/topology/src/validation.rs:1213:26: replace > with < in validate_same_range_strict
MissedMutant	crates/topology/src/validation.rs	crates/topology/src/validation.rs:1213:26: replace > with >= in validate_same_range_strict
CaughtMutant	crates/topology/src/validation.rs	crates/topology/src/validation.rs:1256:5: replace validate_solid_pcurve_contracts -> Result<PcurveContractSummary, CurveUseValidationError> with Ok(Default::default())
MissedMutant	crates/topology/src/validation.rs	crates/topology/src/validation.rs:1256:31: replace || with && in validate_solid_pcurve_contracts
CaughtMutant	crates/topology/src/validation.rs	crates/topology/src/validation.rs:1256:8: delete ! in validate_solid_pcurve_contracts
CaughtMutant	crates/topology/src/validation.rs	crates/topology/src/validation.rs:1267:39: replace += with -= in validate_solid_pcurve_contracts
Unviable	crates/topology/src/validation.rs	crates/topology/src/validation.rs:1281:21: replace && with || in validate_solid_pcurve_contracts
CaughtMutant	crates/topology/src/validation.rs	crates/topology/src/validation.rs:1267:39: replace += with *= in validate_solid_pcurve_contracts
CaughtMutant	crates/topology/src/validation.rs	crates/topology/src/validation.rs:1274:40: replace += with -= in validate_solid_pcurve_contracts
CaughtMutant	crates/topology/src/validation.rs	crates/topology/src/validation.rs:1274:40: replace += with *= in validate_solid_pcurve_contracts
Unviable	crates/topology/src/validation.rs	crates/topology/src/validation.rs:1293:21: replace && with || in validate_solid_pcurve_contracts
CaughtMutant	crates/topology/src/validation.rs	crates/topology/src/validation.rs:1281:45: replace > with == in validate_solid_pcurve_contracts
CaughtMutant	crates/topology/src/validation.rs	crates/topology/src/validation.rs:1281:45: replace > with < in validate_solid_pcurve_contracts
MissedMutant	crates/topology/src/validation.rs	crates/topology/src/validation.rs:1281:45: replace > with >= in validate_solid_pcurve_contracts
MissedMutant	crates/topology/src/validation.rs	crates/topology/src/validation.rs:1293:38: replace > with == in validate_solid_pcurve_contracts
CaughtMutant	crates/topology/src/validation.rs	crates/topology/src/validation.rs:1293:38: replace > with < in validate_solid_pcurve_contracts
MissedMutant	crates/topology/src/validation.rs	crates/topology/src/validation.rs:1293:38: replace > with >= in validate_solid_pcurve_contracts
MissedMutant	crates/topology/src/validation.rs	crates/topology/src/validation.rs:1303:40: replace && with || in validate_solid_pcurve_contracts
CaughtMutant	crates/topology/src/validation.rs	crates/topology/src/validation.rs:1304:44: replace += with -= in validate_solid_pcurve_contracts
CaughtMutant	crates/topology/src/validation.rs	crates/topology/src/validation.rs:1304:44: replace += with *= in validate_solid_pcurve_contracts
Unviable	crates/topology/src/validation.rs	crates/topology/src/validation.rs:1335:9: replace && with || in validate_same_range
MissedMutant	crates/topology/src/validation.rs	crates/topology/src/validation.rs:1327:5: replace validate_same_range -> Result<(), TopologyError> with Ok(())
MissedMutant	crates/topology/src/validation.rs	crates/topology/src/validation.rs:1327:31: replace || with && in validate_same_range
CaughtMutant	crates/topology/src/validation.rs	crates/topology/src/validation.rs:1327:8: delete ! in validate_same_range
MissedMutant	crates/topology/src/validation.rs	crates/topology/src/validation.rs:1335:26: replace > with == in validate_same_range
CaughtMutant	crates/topology/src/validation.rs	crates/topology/src/validation.rs:1335:26: replace > with < in validate_same_range
MissedMutant	crates/topology/src/validation.rs	crates/topology/src/validation.rs:1335:26: replace > with >= in validate_same_range
CaughtMutant	crates/topology/src/validation.rs	crates/topology/src/validation.rs:1352:5: replace effective_edge_validation_tolerance -> Result<f64, TopologyError> with Ok(0.0)
CaughtMutant	crates/topology/src/validation.rs	crates/topology/src/validation.rs:1352:5: replace effective_edge_validation_tolerance -> Result<f64, TopologyError> with Ok(1.0)
CaughtMutant	crates/topology/src/validation.rs	crates/topology/src/validation.rs:1352:5: replace effective_edge_validation_tolerance -> Result<f64, TopologyError> with Ok(-1.0)
MissedMutant	crates/topology/src/validation.rs	crates/topology/src/validation.rs:1356:31: replace || with && in effective_edge_validation_tolerance
CaughtMutant	crates/topology/src/validation.rs	crates/topology/src/validation.rs:1356:12: delete ! in effective_edge_validation_tolerance
Unviable	crates/topology/src/validation.rs	crates/topology/src/validation.rs:1426:5: replace check_vertex_ball -> Result<Vec<VertexBallReport>, TopologyError> with Ok(vec![Default::default()])
MissedMutant	crates/topology/src/validation.rs	crates/topology/src/validation.rs:1365:38: replace || with && in effective_edge_validation_tolerance
CaughtMutant	crates/topology/src/validation.rs	crates/topology/src/validation.rs:1365:8: delete ! in effective_edge_validation_tolerance
CaughtMutant	crates/topology/src/validation.rs	crates/topology/src/validation.rs:1426:5: replace check_vertex_ball -> Result<Vec<VertexBallReport>, TopologyError> with Ok(vec![])
CaughtMutant	crates/topology/src/validation.rs	crates/topology/src/validation.rs:1429:37: replace == with != in check_vertex_ball
CaughtMutant	crates/topology/src/validation.rs	crates/topology/src/validation.rs:1430:22: replace && with || in check_vertex_ball
Unviable	crates/topology/src/validation.rs	crates/topology/src/validation.rs:1439:27: replace - with + in check_vertex_ball
Unviable	crates/topology/src/validation.rs	crates/topology/src/validation.rs:1439:27: replace - with / in check_vertex_ball
CaughtMutant	crates/topology/src/validation.rs	crates/topology/src/validation.rs:1430:12: delete ! in check_vertex_ball
MissedMutant	crates/topology/src/validation.rs	crates/topology/src/validation.rs:1430:36: replace != with == in check_vertex_ball
MissedMutant	crates/topology/src/validation.rs	crates/topology/src/validation.rs:1438:34: replace && with || in check_vertex_ball
CaughtMutant	crates/topology/src/validation.rs	crates/topology/src/validation.rs:1476:5: replace validate_vertex_ball -> Result<(), TopologyError> with Ok(())
CaughtMutant	crates/topology/src/validation.rs	crates/topology/src/validation.rs:1478:29: replace > with == in validate_vertex_ball
CaughtMutant	crates/topology/src/validation.rs	crates/topology/src/validation.rs:1478:29: replace > with < in validate_vertex_ball
Unviable	crates/topology/src/validation.rs	crates/topology/src/validation.rs:1540:5: replace check_edge_tube -> Result<Option<EdgeTubeReport>, TopologyError> with Ok(Some(Default::default()))
CaughtMutant	crates/topology/src/validation.rs	crates/topology/src/validation.rs:1478:29: replace > with >= in validate_vertex_ball
CaughtMutant	crates/topology/src/validation.rs	crates/topology/src/validation.rs:1540:5: replace check_edge_tube -> Result<Option<EdgeTubeReport>, TopologyError> with Ok(None)
CaughtMutant	crates/topology/src/validation.rs	crates/topology/src/validation.rs:1593:29: replace > with == in validate_edge_tube
Unviable	crates/topology/src/vertex.rs	crates/topology/src/vertex.rs:33:9: replace Vertex::point -> Point3 with Default::default()
CaughtMutant	crates/topology/src/validation.rs	crates/topology/src/validation.rs:1590:5: replace validate_edge_tube -> Result<(), TopologyError> with Ok(())
CaughtMutant	crates/topology/src/validation.rs	crates/topology/src/validation.rs:1593:29: replace > with < in validate_edge_tube
MissedMutant	crates/topology/src/validation.rs	crates/topology/src/validation.rs:1593:29: replace > with >= in validate_edge_tube
CaughtMutant	crates/topology/src/vertex.rs	crates/topology/src/vertex.rs:39:9: replace Vertex::tolerance -> f64 with 0.0
CaughtMutant	crates/topology/src/vertex.rs	crates/topology/src/vertex.rs:39:9: replace Vertex::tolerance -> f64 with 1.0
CaughtMutant	crates/topology/src/vertex.rs	crates/topology/src/vertex.rs:39:9: replace Vertex::tolerance -> f64 with -1.0
MissedMutant	crates/topology/src/vertex.rs	crates/topology/src/vertex.rs:44:9: replace Vertex::set_point with ()
Unviable	crates/topology/src/wire.rs	crates/topology/src/wire.rs:34:9: replace OrientedEdge::edge -> EdgeId with Default::default()
CaughtMutant	crates/topology/src/vertex.rs	crates/topology/src/vertex.rs:63:9: replace Vertex::set_tolerance -> Result<(), TopologyError> with Ok(())
CaughtMutant	crates/topology/src/vertex.rs	crates/topology/src/vertex.rs:63:35: replace || with && in Vertex::set_tolerance
Unviable	crates/topology/src/wire.rs	crates/topology/src/wire.rs:49:9: replace OrientedEdge::oriented_start -> VertexId with Default::default()
Unviable	crates/topology/src/wire.rs	crates/topology/src/wire.rs:62:9: replace OrientedEdge::oriented_end -> VertexId with Default::default()
CaughtMutant	crates/topology/src/vertex.rs	crates/topology/src/vertex.rs:63:12: delete ! in Vertex::set_tolerance
Unviable	crates/topology/src/wire.rs	crates/topology/src/wire.rs:109:9: replace Wire::edges -> &[OrientedEdge] with Vec::leak(vec![Default::default()])
CaughtMutant	crates/topology/src/wire.rs	crates/topology/src/wire.rs:40:9: replace OrientedEdge::is_forward -> bool with true
Unviable	crates/topology/src/wire.rs	crates/topology/src/wire.rs:117:9: replace Wire::edges_mut -> &mut[OrientedEdge] with Vec::leak(vec![Default::default()])
CaughtMutant	crates/topology/src/wire.rs	crates/topology/src/wire.rs:40:9: replace OrientedEdge::is_forward -> bool with false
CaughtMutant	crates/topology/src/wire.rs	crates/topology/src/wire.rs:109:9: replace Wire::edges -> &[OrientedEdge] with Vec::leak(Vec::new())
Unviable	crates/topology/src/wire.rs	crates/topology/src/wire.rs:129:9: replace Wire::body_class -> BodyClass with Default::default()
MissedMutant	crates/topology/src/wire.rs	crates/topology/src/wire.rs:117:9: replace Wire::edges_mut -> &mut[OrientedEdge] with Vec::leak(Vec::new())
MissedMutant	crates/topology/src/wire.rs	crates/topology/src/wire.rs:123:9: replace Wire::is_closed -> bool with true
CaughtMutant	crates/topology/src/wire.rs	crates/topology/src/wire.rs:123:9: replace Wire::is_closed -> bool with false
MissedMutant	crates/topology/src/wire.rs	crates/topology/src/wire.rs:133:9: replace Wire::set_body_class with ()
