id,area,priority,phase,evidence,work,acceptance,effort_risk,dependencies,source_references
M01,Measurement and performance governance,P0,0,S,"Create one versioned workload manifest spanning all 15 crates, native facade, direct WASM, batch, translator and render entry points; reuse the existing gauntlet manifest and scorecard.","Every public operation family has a representative scenario or an explicit coverage gap; pin source, artifact, fixture and harness hashes.",M/low,,https://github.com/esaueng/remus/blob/ca91b956cdde99f78f048dd32b656b559ad14e7d/.github/workflows/fleet-benchmark.yml#L11; https://github.com/esaueng/remus/blob/ca91b956cdde99f78f048dd32b656b559ad14e7d/scripts/bench-compare.sh#L29; https://github.com/esaueng/remus/blob/ca91b956cdde99f78f048dd32b656b559ad14e7d/tools/vs-bench/README.md#L1; https://github.com/esaueng/remus/blob/ca91b956cdde99f78f048dd32b656b559ad14e7d/crates/algo/src/perf.rs#L31
M02,Measurement and performance governance,P0,0,S,"Expand the maintained runner beyond the current selected suites: include IO NURBS properties, compound/fuse, query, transaction, sketch, import/export and session workloads.",One local command regenerates the inventory and results; no suite silently disappears because it is outside operations or requires a feature.,S/low,M01,https://github.com/esaueng/remus/blob/ca91b956cdde99f78f048dd32b656b559ad14e7d/.github/workflows/fleet-benchmark.yml#L11; https://github.com/esaueng/remus/blob/ca91b956cdde99f78f048dd32b656b559ad14e7d/scripts/bench-compare.sh#L29; https://github.com/esaueng/remus/blob/ca91b956cdde99f78f048dd32b656b559ad14e7d/tools/vs-bench/README.md#L1; https://github.com/esaueng/remus/blob/ca91b956cdde99f78f048dd32b656b559ad14e7d/crates/algo/src/perf.rs#L31
M03,Measurement and performance governance,P0,0,S,Turn performance regression policy into an effective gate; the current reusable workflow needs the ci:benchmark PR label and only comments at 200%.,"Calibrate noise on a controlled runner, then block reproducible material regressions on relevant PRs; preserve the untrusted-build/trusted-publisher separation.",M/medium,M02; M06,https://github.com/esaueng/remus/blob/ca91b956cdde99f78f048dd32b656b559ad14e7d/.github/workflows/fleet-benchmark.yml#L11; https://github.com/esaueng/remus/blob/ca91b956cdde99f78f048dd32b656b559ad14e7d/scripts/bench-compare.sh#L29; https://github.com/esaueng/remus/blob/ca91b956cdde99f78f048dd32b656b559ad14e7d/tools/vs-bench/README.md#L1; https://github.com/esaueng/remus/blob/ca91b956cdde99f78f048dd32b656b559ad14e7d/crates/algo/src/perf.rs#L31
M04,Measurement and performance governance,P0,0,H,"Add scoped timings and deterministic work counters for snapshot bytes, candidate pairs, projections, BVH builds, quadrature, CDT fallback scans, serialization and copies.",Counters attribute growth and phase time without changing release behavior; measure instrumentation overhead and keep timing assertions out of ordinary tests.,M/low,M01,https://github.com/esaueng/remus/blob/ca91b956cdde99f78f048dd32b656b559ad14e7d/.github/workflows/fleet-benchmark.yml#L11; https://github.com/esaueng/remus/blob/ca91b956cdde99f78f048dd32b656b559ad14e7d/scripts/bench-compare.sh#L29; https://github.com/esaueng/remus/blob/ca91b956cdde99f78f048dd32b656b559ad14e7d/tools/vs-bench/README.md#L1; https://github.com/esaueng/remus/blob/ca91b956cdde99f78f048dd32b656b559ad14e7d/crates/algo/src/perf.rs#L31
M05,Measurement and performance governance,P0,0,H,"Record native allocation count, allocated bytes, peak live bytes, RSS, arena live/retired slots, checkpoint retention and WASM memory high-water marks.",Run create/edit/fail/undo/delete cycles at fixed live model size; distinguish live heap from allocator capacity and linear-memory reservation.,M/low,M01,https://github.com/esaueng/remus/blob/ca91b956cdde99f78f048dd32b656b559ad14e7d/.github/workflows/fleet-benchmark.yml#L11; https://github.com/esaueng/remus/blob/ca91b956cdde99f78f048dd32b656b559ad14e7d/scripts/bench-compare.sh#L29; https://github.com/esaueng/remus/blob/ca91b956cdde99f78f048dd32b656b559ad14e7d/tools/vs-bench/README.md#L1; https://github.com/esaueng/remus/blob/ca91b956cdde99f78f048dd32b656b559ad14e7d/crates/algo/src/perf.rs#L31
M06,Measurement and performance governance,P0,0,S,"Fix benchmark methodology: separate setup, warmup, operation, validation and teardown; replace minimum-only reporting in batch_profile with raw samples and median/tail analysis.",Use independent processes and paired baseline/candidate runs; enough samples for meaningful p95/p99; do not include untimed fixture construction in a named-operation CPU profile.,S/low,M01,https://github.com/esaueng/remus/blob/ca91b956cdde99f78f048dd32b656b559ad14e7d/.github/workflows/fleet-benchmark.yml#L11; https://github.com/esaueng/remus/blob/ca91b956cdde99f78f048dd32b656b559ad14e7d/scripts/bench-compare.sh#L29; https://github.com/esaueng/remus/blob/ca91b956cdde99f78f048dd32b656b559ad14e7d/tools/vs-bench/README.md#L1; https://github.com/esaueng/remus/blob/ca91b956cdde99f78f048dd32b656b559ad14e7d/crates/algo/src/perf.rs#L31
M07,Measurement and performance governance,P0,0,H,"Profile representative real models and adversarial scaling, including large imported NURBS, hollow solids, tangencies, dense contacts, many disconnected bodies and large coordinate translations.",Archive sampled CPU profiles and allocation profiles; qualify exact success/refusal separately from approximate success and error.,M/low,M02; M04; M05; M06,https://github.com/esaueng/remus/blob/ca91b956cdde99f78f048dd32b656b559ad14e7d/.github/workflows/fleet-benchmark.yml#L11; https://github.com/esaueng/remus/blob/ca91b956cdde99f78f048dd32b656b559ad14e7d/scripts/bench-compare.sh#L29; https://github.com/esaueng/remus/blob/ca91b956cdde99f78f048dd32b656b559ad14e7d/tools/vs-bench/README.md#L1; https://github.com/esaueng/remus/blob/ca91b956cdde99f78f048dd32b656b559ad14e7d/crates/algo/src/perf.rs#L31
M08,Measurement and performance governance,P0,0,H,"Measure complete user workflows: import to visible mesh, repeated selection/measurement, sketch drag, direct face edit, save/restore and export.","Report cold and warm latency, p95, memory and quality per stage; include the consumer/worker boundary in addition to native kernel time.",M/low,M01; M06,https://github.com/esaueng/remus/blob/ca91b956cdde99f78f048dd32b656b559ad14e7d/.github/workflows/fleet-benchmark.yml#L11; https://github.com/esaueng/remus/blob/ca91b956cdde99f78f048dd32b656b559ad14e7d/scripts/bench-compare.sh#L29; https://github.com/esaueng/remus/blob/ca91b956cdde99f78f048dd32b656b559ad14e7d/tools/vs-bench/README.md#L1; https://github.com/esaueng/remus/blob/ca91b956cdde99f78f048dd32b656b559ad14e7d/crates/algo/src/perf.rs#L31
M09,Measurement and performance governance,P1,8,S,Finish real competitor runners and scenario pins in vs-bench; the current fixture is synthetic protocol coverage and bench-compare.sh is native-only.,"Compare identical units, tolerances, representation, validation obligations and outcomes; publish failures and refusals alongside timing and reproducible commands.",L/medium,M01; M06; M07; M08,https://github.com/esaueng/remus/blob/ca91b956cdde99f78f048dd32b656b559ad14e7d/.github/workflows/fleet-benchmark.yml#L11; https://github.com/esaueng/remus/blob/ca91b956cdde99f78f048dd32b656b559ad14e7d/scripts/bench-compare.sh#L29; https://github.com/esaueng/remus/blob/ca91b956cdde99f78f048dd32b656b559ad14e7d/tools/vs-bench/README.md#L1; https://github.com/esaueng/remus/blob/ca91b956cdde99f78f048dd32b656b559ad14e7d/crates/algo/src/perf.rs#L31
M10,Measurement and performance governance,P1,0,S,"Reconcile profiling instructions, command aliases and roadmap status with executable code.","Record O3.1 complete, native tessellation partially parallel, SIMD flags enabled, comparison harness retired, and current benchmark PR activation; retain remaining qualification gates.",S/low,M01,https://github.com/esaueng/remus/blob/ca91b956cdde99f78f048dd32b656b559ad14e7d/.github/workflows/fleet-benchmark.yml#L11; https://github.com/esaueng/remus/blob/ca91b956cdde99f78f048dd32b656b559ad14e7d/scripts/bench-compare.sh#L29; https://github.com/esaueng/remus/blob/ca91b956cdde99f78f048dd32b656b559ad14e7d/tools/vs-bench/README.md#L1; https://github.com/esaueng/remus/blob/ca91b956cdde99f78f048dd32b656b559ad14e7d/crates/algo/src/perf.rs#L31
T01,"Transactions, topology storage and lifetime",P1,3,M,Introduce a transaction coordinator/savepoints so one mutating WASM operation does not independently snapshot the same topology at each nested native wrapper.,"Count snapshot count/bytes versus document size and nesting depth; preserve per-item batch commits, nested rollback, journals, attributes, and permanently stale failed handles.",L/high,M04; M05; W01,https://github.com/esaueng/remus/blob/ca91b956cdde99f78f048dd32b656b559ad14e7d/crates/topology/src/transaction.rs#L40; https://github.com/esaueng/remus/blob/ca91b956cdde99f78f048dd32b656b559ad14e7d/crates/topology/src/arena.rs#L72; https://github.com/esaueng/remus/blob/ca91b956cdde99f78f048dd32b656b559ad14e7d/crates/topology/src/topology.rs#L108; https://github.com/esaueng/remus/blob/ca91b956cdde99f78f048dd32b656b559ad14e7d/crates/wasm/src/bindings/batch.rs#L458; https://github.com/esaueng/remus/blob/ca91b956cdde99f78f048dd32b656b559ad14e7d/crates/algo/src/ds/shape_store.rs#L88; https://github.com/esaueng/remus/blob/ca91b956cdde99f78f048dd32b656b559ad14e7d/docs/design/deferred-e6b-arena-compaction-and-slot-reuse.md#L1
T02,"Transactions, topology storage and lifetime",P1,3,M,Prototype mutation-local undo records or page/chunk copy-on-write for topology; compare both against the measured whole-topology clone baseline.,"A fixed local edit should track touched state rather than unrelated model size; test all mutation accessors, aliasing, failure injection and snapshot retention.",L/high,T01,https://github.com/esaueng/remus/blob/ca91b956cdde99f78f048dd32b656b559ad14e7d/crates/topology/src/transaction.rs#L40; https://github.com/esaueng/remus/blob/ca91b956cdde99f78f048dd32b656b559ad14e7d/crates/topology/src/arena.rs#L72; https://github.com/esaueng/remus/blob/ca91b956cdde99f78f048dd32b656b559ad14e7d/crates/topology/src/topology.rs#L108; https://github.com/esaueng/remus/blob/ca91b956cdde99f78f048dd32b656b559ad14e7d/crates/wasm/src/bindings/batch.rs#L458; https://github.com/esaueng/remus/blob/ca91b956cdde99f78f048dd32b656b559ad14e7d/crates/algo/src/ds/shape_store.rs#L88; https://github.com/esaueng/remus/blob/ca91b956cdde99f78f048dd32b656b559ad14e7d/docs/design/deferred-e6b-arena-compaction-and-slot-reuse.md#L1
T03,"Transactions, topology storage and lifetime",P1,3,S,"Add an append-only transaction fast path for qualified construction, with a write-set guard and full fallback for operations that mutate existing entities.",Measure 150 makeBox operations at increasing preexisting document sizes; rollback must retire every failed allocation without reissuing IDs.,M/high,T01; T02,https://github.com/esaueng/remus/blob/ca91b956cdde99f78f048dd32b656b559ad14e7d/crates/topology/src/transaction.rs#L40; https://github.com/esaueng/remus/blob/ca91b956cdde99f78f048dd32b656b559ad14e7d/crates/topology/src/arena.rs#L72; https://github.com/esaueng/remus/blob/ca91b956cdde99f78f048dd32b656b559ad14e7d/crates/topology/src/topology.rs#L108; https://github.com/esaueng/remus/blob/ca91b956cdde99f78f048dd32b656b559ad14e7d/crates/wasm/src/bindings/batch.rs#L458; https://github.com/esaueng/remus/blob/ca91b956cdde99f78f048dd32b656b559ad14e7d/crates/algo/src/ds/shape_store.rs#L88; https://github.com/esaueng/remus/blob/ca91b956cdde99f78f048dd32b656b559ad14e7d/docs/design/deferred-e6b-arena-compaction-and-slot-reuse.md#L1
T04,"Transactions, topology storage and lifetime",P1,3,S,"Share immutable NURBS carrier and pcurve payloads across snapshots, copies and GFA stores, while keeping topology ownership explicit.",Measure clone bytes and import/export cost on large control nets; transformations must detach or create new geometry and leave originals/checkpoints unchanged.,L/high,M05; T02,https://github.com/esaueng/remus/blob/ca91b956cdde99f78f048dd32b656b559ad14e7d/crates/topology/src/transaction.rs#L40; https://github.com/esaueng/remus/blob/ca91b956cdde99f78f048dd32b656b559ad14e7d/crates/topology/src/arena.rs#L72; https://github.com/esaueng/remus/blob/ca91b956cdde99f78f048dd32b656b559ad14e7d/crates/topology/src/topology.rs#L108; https://github.com/esaueng/remus/blob/ca91b956cdde99f78f048dd32b656b559ad14e7d/crates/wasm/src/bindings/batch.rs#L458; https://github.com/esaueng/remus/blob/ca91b956cdde99f78f048dd32b656b559ad14e7d/crates/algo/src/ds/shape_store.rs#L88; https://github.com/esaueng/remus/blob/ca91b956cdde99f78f048dd32b656b559ad14e7d/docs/design/deferred-e6b-arena-compaction-and-slot-reuse.md#L1
T05,"Transactions, topology storage and lifetime",P1,3,S,Remove redundant geometry clones inside GFA deep-copy materialization and benchmark operand-local staging/export separately from document snapshots.,Track each copied carrier and peak simultaneous buffers; preserve source-to-result face/edge/vertex lineage and shared aliases.,M/medium,M04; M05,https://github.com/esaueng/remus/blob/ca91b956cdde99f78f048dd32b656b559ad14e7d/crates/topology/src/transaction.rs#L40; https://github.com/esaueng/remus/blob/ca91b956cdde99f78f048dd32b656b559ad14e7d/crates/topology/src/arena.rs#L72; https://github.com/esaueng/remus/blob/ca91b956cdde99f78f048dd32b656b559ad14e7d/crates/topology/src/topology.rs#L108; https://github.com/esaueng/remus/blob/ca91b956cdde99f78f048dd32b656b559ad14e7d/crates/wasm/src/bindings/batch.rs#L458; https://github.com/esaueng/remus/blob/ca91b956cdde99f78f048dd32b656b559ad14e7d/crates/algo/src/ds/shape_store.rs#L88; https://github.com/esaueng/remus/blob/ca91b956cdde99f78f048dd32b656b559ad14e7d/docs/design/deferred-e6b-arena-compaction-and-slot-reuse.md#L1
T06,"Transactions, topology storage and lifetime",P1,3,S,Complete the versioned arena-compaction/checkpoint design before implementing reclamation of retired or unreachable entities.,"Long edit/undo/delete sessions reclaim measured payload memory; old numeric handles cannot alias new objects, persistent references survive or fail explicitly, and formats stay versioned.",XL/high,T02; W04; M05,https://github.com/esaueng/remus/blob/ca91b956cdde99f78f048dd32b656b559ad14e7d/crates/topology/src/transaction.rs#L40; https://github.com/esaueng/remus/blob/ca91b956cdde99f78f048dd32b656b559ad14e7d/crates/topology/src/arena.rs#L72; https://github.com/esaueng/remus/blob/ca91b956cdde99f78f048dd32b656b559ad14e7d/crates/topology/src/topology.rs#L108; https://github.com/esaueng/remus/blob/ca91b956cdde99f78f048dd32b656b559ad14e7d/crates/wasm/src/bindings/batch.rs#L458; https://github.com/esaueng/remus/blob/ca91b956cdde99f78f048dd32b656b559ad14e7d/crates/algo/src/ds/shape_store.rs#L88; https://github.com/esaueng/remus/blob/ca91b956cdde99f78f048dd32b656b559ad14e7d/docs/design/deferred-e6b-arena-compaction-and-slot-reuse.md#L1
T07,"Transactions, topology storage and lifetime",P2,3,S,Tune arena reservation and layout using actual entity-size and allocation distributions; evaluate chunked storage and packed liveness separately.,"Preserve the existing bounded geometric growth policy; compare memory spikes, clone cost and iteration locality on native and wasm32.",M/high,M05; T02,https://github.com/esaueng/remus/blob/ca91b956cdde99f78f048dd32b656b559ad14e7d/crates/topology/src/transaction.rs#L40; https://github.com/esaueng/remus/blob/ca91b956cdde99f78f048dd32b656b559ad14e7d/crates/topology/src/arena.rs#L72; https://github.com/esaueng/remus/blob/ca91b956cdde99f78f048dd32b656b559ad14e7d/crates/topology/src/topology.rs#L108; https://github.com/esaueng/remus/blob/ca91b956cdde99f78f048dd32b656b559ad14e7d/crates/wasm/src/bindings/batch.rs#L458; https://github.com/esaueng/remus/blob/ca91b956cdde99f78f048dd32b656b559ad14e7d/crates/algo/src/ds/shape_store.rs#L88; https://github.com/esaueng/remus/blob/ca91b956cdde99f78f048dd32b656b559ad14e7d/docs/design/deferred-e6b-arena-compaction-and-slot-reuse.md#L1
T08,"Transactions, topology storage and lifetime",P2,2,S,Cache solid-local traversal/adjacency results and index persistent-reference signatures/history resolution where repeated queries justify it.,"Measure lookup over increasing topology/history sizes; invalidate on edits, retirement, restore and changed discriminators; preserve deterministic ordering and ambiguity.",M/high,Q02,https://github.com/esaueng/remus/blob/ca91b956cdde99f78f048dd32b656b559ad14e7d/crates/topology/src/transaction.rs#L40; https://github.com/esaueng/remus/blob/ca91b956cdde99f78f048dd32b656b559ad14e7d/crates/topology/src/arena.rs#L72; https://github.com/esaueng/remus/blob/ca91b956cdde99f78f048dd32b656b559ad14e7d/crates/topology/src/topology.rs#L108; https://github.com/esaueng/remus/blob/ca91b956cdde99f78f048dd32b656b559ad14e7d/crates/wasm/src/bindings/batch.rs#L458; https://github.com/esaueng/remus/blob/ca91b956cdde99f78f048dd32b656b559ad14e7d/crates/algo/src/ds/shape_store.rs#L88; https://github.com/esaueng/remus/blob/ca91b956cdde99f78f048dd32b656b559ad14e7d/docs/design/deferred-e6b-arena-compaction-and-slot-reuse.md#L1
Q01,"Spatial bounds, classification and distance",P1,2,S,"Build one operation-local prepared query context holding face IDs, conservative bounds, BVH, analytic descriptors and trim data; reuse across rays and points.","Compare 1/100/10000 points on one solid, including recovery rays; prove equivalence to existing paths for cavities, seams and OnBoundary cases.",M/medium,M04; M07,https://github.com/esaueng/remus/blob/ca91b956cdde99f78f048dd32b656b559ad14e7d/crates/math/src/bvh.rs#L212; https://github.com/esaueng/remus/blob/ca91b956cdde99f78f048dd32b656b559ad14e7d/crates/check/src/classify/mod.rs#L311; https://github.com/esaueng/remus/blob/ca91b956cdde99f78f048dd32b656b559ad14e7d/crates/check/src/distance/mod.rs#L50; https://github.com/esaueng/remus/blob/ca91b956cdde99f78f048dd32b656b559ad14e7d/crates/operations/src/distance.rs#L57; https://github.com/esaueng/remus/blob/ca91b956cdde99f78f048dd32b656b559ad14e7d/crates/algo/src/classifier/ray_cast.rs#L159
Q02,"Spatial bounds, classification and distance",P1,2,S,"Add persistent spatial caching after mutation invalidation is proven: topology incarnation plus mutation generation first, finer per-entity revisions later.","Mutate-then-query, raw mutable access, tolerance changes, failed edits, checkpoint restore and same-ID/different-topology cases never reuse stale entries; bound cache memory.",L/high,Q01; M05,https://github.com/esaueng/remus/blob/ca91b956cdde99f78f048dd32b656b559ad14e7d/crates/math/src/bvh.rs#L212; https://github.com/esaueng/remus/blob/ca91b956cdde99f78f048dd32b656b559ad14e7d/crates/check/src/classify/mod.rs#L311; https://github.com/esaueng/remus/blob/ca91b956cdde99f78f048dd32b656b559ad14e7d/crates/check/src/distance/mod.rs#L50; https://github.com/esaueng/remus/blob/ca91b956cdde99f78f048dd32b656b559ad14e7d/crates/operations/src/distance.rs#L57; https://github.com/esaueng/remus/blob/ca91b956cdde99f78f048dd32b656b559ad14e7d/crates/algo/src/classifier/ray_cast.rs#L159
Q03,"Spatial bounds, classification and distance",P1,2,M,"Optimize BVH construction after measuring reuse: compare current repeated axis sorts and suffix allocations with binned SAH, median splits and reusable scratch.","Measure build time, memory, traversal work and amortized cost for query counts 1/10/10000 on sparse, clustered and overlapping bounds.",M/medium,Q01; M05,https://github.com/esaueng/remus/blob/ca91b956cdde99f78f048dd32b656b559ad14e7d/crates/math/src/bvh.rs#L212; https://github.com/esaueng/remus/blob/ca91b956cdde99f78f048dd32b656b559ad14e7d/crates/check/src/classify/mod.rs#L311; https://github.com/esaueng/remus/blob/ca91b956cdde99f78f048dd32b656b559ad14e7d/crates/check/src/distance/mod.rs#L50; https://github.com/esaueng/remus/blob/ca91b956cdde99f78f048dd32b656b559ad14e7d/crates/operations/src/distance.rs#L57; https://github.com/esaueng/remus/blob/ca91b956cdde99f78f048dd32b656b559ad14e7d/crates/algo/src/classifier/ray_cast.rs#L159
Q04,"Spatial bounds, classification and distance",P1,1,S,Use true nearest-distance branch-and-bound instead of building a BVH then sorting/enumerating all faces; keep explicitly non-prunable faces on a mandatory side list.,"Preserve trimmed-surface and cavity distance results; measure faces tested plus candidate setup, with certified conservative bounds and exhaustive fallback for unknown bounds.",M/high,Q05; M04,https://github.com/esaueng/remus/blob/ca91b956cdde99f78f048dd32b656b559ad14e7d/crates/math/src/bvh.rs#L212; https://github.com/esaueng/remus/blob/ca91b956cdde99f78f048dd32b656b559ad14e7d/crates/check/src/classify/mod.rs#L311; https://github.com/esaueng/remus/blob/ca91b956cdde99f78f048dd32b656b559ad14e7d/crates/check/src/distance/mod.rs#L50; https://github.com/esaueng/remus/blob/ca91b956cdde99f78f048dd32b656b559ad14e7d/crates/operations/src/distance.rs#L57; https://github.com/esaueng/remus/blob/ca91b956cdde99f78f048dd32b656b559ad14e7d/crates/algo/src/classifier/ray_cast.rs#L159
Q05,"Spatial bounds, classification and distance",P1,2,S,"Provide conservative finite-span curve/trimmed-face bounds and explicit confidence, improving selectivity without trusting endpoint-only or sample-only boxes.","Analytic extrema and rational control-hull proofs cover full domains; test periodic seams, nonuniform weights, tilted patches and scale before enabling pruning.",L/high,M01; M04,https://github.com/esaueng/remus/blob/ca91b956cdde99f78f048dd32b656b559ad14e7d/crates/math/src/bvh.rs#L212; https://github.com/esaueng/remus/blob/ca91b956cdde99f78f048dd32b656b559ad14e7d/crates/check/src/classify/mod.rs#L311; https://github.com/esaueng/remus/blob/ca91b956cdde99f78f048dd32b656b559ad14e7d/crates/check/src/distance/mod.rs#L50; https://github.com/esaueng/remus/blob/ca91b956cdde99f78f048dd32b656b559ad14e7d/crates/operations/src/distance.rs#L57; https://github.com/esaueng/remus/blob/ca91b956cdde99f78f048dd32b656b559ad14e7d/crates/algo/src/classifier/ray_cast.rs#L159
Q06,"Spatial bounds, classification and distance",P2,1,S,Reuse BVH traversal stacks and caller-owned candidate buffers; the current into variants still allocate an internal stack.,Benchmark allocation count and small-query latency; guarantee clean scratch state after early exit/error and deterministic candidate handling.,S/low,M04,https://github.com/esaueng/remus/blob/ca91b956cdde99f78f048dd32b656b559ad14e7d/crates/math/src/bvh.rs#L212; https://github.com/esaueng/remus/blob/ca91b956cdde99f78f048dd32b656b559ad14e7d/crates/check/src/classify/mod.rs#L311; https://github.com/esaueng/remus/blob/ca91b956cdde99f78f048dd32b656b559ad14e7d/crates/check/src/distance/mod.rs#L50; https://github.com/esaueng/remus/blob/ca91b956cdde99f78f048dd32b656b559ad14e7d/crates/operations/src/distance.rs#L57; https://github.com/esaueng/remus/blob/ca91b956cdde99f78f048dd32b656b559ad14e7d/crates/algo/src/classifier/ray_cast.rs#L159
Q07,"Spatial bounds, classification and distance",P2,2,S,Accelerate cached GFA ray geometry with conservative spatial culling; it currently caches geometry but still scans its face descriptors.,"Count ray-face evaluations on many-face solids; preserve all analytic crossing multiplicities, grazing recovery and finite trim tests.",M/high,Q01; Q05,https://github.com/esaueng/remus/blob/ca91b956cdde99f78f048dd32b656b559ad14e7d/crates/math/src/bvh.rs#L212; https://github.com/esaueng/remus/blob/ca91b956cdde99f78f048dd32b656b559ad14e7d/crates/check/src/classify/mod.rs#L311; https://github.com/esaueng/remus/blob/ca91b956cdde99f78f048dd32b656b559ad14e7d/crates/check/src/distance/mod.rs#L50; https://github.com/esaueng/remus/blob/ca91b956cdde99f78f048dd32b656b559ad14e7d/crates/operations/src/distance.rs#L57; https://github.com/esaueng/remus/blob/ca91b956cdde99f78f048dd32b656b559ad14e7d/crates/algo/src/classifier/ray_cast.rs#L159
Q08,"Spatial bounds, classification and distance",P2,5,H,"Evaluate two-level body/face acceleration and BVH refits for clash, transformed instances, projection and repeated assembly queries.",Compare rebuild versus refit and degeneration after many edits; run exact narrow-phase checks and use instance transforms without copying the body.,L/high,Q02; Q05,https://github.com/esaueng/remus/blob/ca91b956cdde99f78f048dd32b656b559ad14e7d/crates/math/src/bvh.rs#L212; https://github.com/esaueng/remus/blob/ca91b956cdde99f78f048dd32b656b559ad14e7d/crates/check/src/classify/mod.rs#L311; https://github.com/esaueng/remus/blob/ca91b956cdde99f78f048dd32b656b559ad14e7d/crates/check/src/distance/mod.rs#L50; https://github.com/esaueng/remus/blob/ca91b956cdde99f78f048dd32b656b559ad14e7d/crates/operations/src/distance.rs#L57; https://github.com/esaueng/remus/blob/ca91b956cdde99f78f048dd32b656b559ad14e7d/crates/algo/src/classifier/ray_cast.rs#L159
B01,Booleans and GFA,P1,1,S,Replace sampled straight-line vertex-edge projection with a domain-aware analytic projection; add qualified circle/conic paths separately.,"Count curve evaluations per surviving pair and run VE/GFA scaling; retain tolerance composition, reversed trims, degenerate lines and endpoint behavior.",S/medium,M04; M06,https://github.com/esaueng/remus/blob/ca91b956cdde99f78f048dd32b656b559ad14e7d/crates/algo/src/pave_filler/phase_ve.rs#L72; https://github.com/esaueng/remus/blob/ca91b956cdde99f78f048dd32b656b559ad14e7d/crates/algo/src/pave_filler/phase_ve.rs#L176; https://github.com/esaueng/remus/blob/ca91b956cdde99f78f048dd32b656b559ad14e7d/crates/algo/src/pave_filler/phase_ee.rs#L29; https://github.com/esaueng/remus/blob/ca91b956cdde99f78f048dd32b656b559ad14e7d/crates/algo/src/pave_filler/phase_ff.rs#L384; https://github.com/esaueng/remus/blob/ca91b956cdde99f78f048dd32b656b559ad14e7d/crates/operations/src/compound_ops.rs#L686; https://github.com/esaueng/remus/blob/ca91b956cdde99f78f048dd32b656b559ad14e7d/crates/algo/src/builder/fill_images_faces.rs#L52
B02,Booleans and GFA,P1,2,S,Generate vertex-edge candidates spatially instead of visiting every cross-solid pair; current VE only bounds straight edges and scans all edges.,"Test sparse V-by-E growth and curved-edge cases; preserve mandatory processing for unbounded/unqualified boxes and count broad-phase pairs, not only accepted interferences.",M/high,Q05; M04,https://github.com/esaueng/remus/blob/ca91b956cdde99f78f048dd32b656b559ad14e7d/crates/algo/src/pave_filler/phase_ve.rs#L72; https://github.com/esaueng/remus/blob/ca91b956cdde99f78f048dd32b656b559ad14e7d/crates/algo/src/pave_filler/phase_ve.rs#L176; https://github.com/esaueng/remus/blob/ca91b956cdde99f78f048dd32b656b559ad14e7d/crates/algo/src/pave_filler/phase_ee.rs#L29; https://github.com/esaueng/remus/blob/ca91b956cdde99f78f048dd32b656b559ad14e7d/crates/algo/src/pave_filler/phase_ff.rs#L384; https://github.com/esaueng/remus/blob/ca91b956cdde99f78f048dd32b656b559ad14e7d/crates/operations/src/compound_ops.rs#L686; https://github.com/esaueng/remus/blob/ca91b956cdde99f78f048dd32b656b559ad14e7d/crates/algo/src/builder/fill_images_faces.rs#L52
B03,Booleans and GFA,P1,2,S,Replace EE all-pairs enumeration with deterministic spatial candidate generation over conservative edge bounds.,"Count pair visits at 10x edge counts; retain overlaps, tangencies, shared IDs and per-entity tolerance margins, with dense worst cases still bounded.",M/high,Q05; M04,https://github.com/esaueng/remus/blob/ca91b956cdde99f78f048dd32b656b559ad14e7d/crates/algo/src/pave_filler/phase_ve.rs#L72; https://github.com/esaueng/remus/blob/ca91b956cdde99f78f048dd32b656b559ad14e7d/crates/algo/src/pave_filler/phase_ve.rs#L176; https://github.com/esaueng/remus/blob/ca91b956cdde99f78f048dd32b656b559ad14e7d/crates/algo/src/pave_filler/phase_ee.rs#L29; https://github.com/esaueng/remus/blob/ca91b956cdde99f78f048dd32b656b559ad14e7d/crates/algo/src/pave_filler/phase_ff.rs#L384; https://github.com/esaueng/remus/blob/ca91b956cdde99f78f048dd32b656b559ad14e7d/crates/operations/src/compound_ops.rs#L686; https://github.com/esaueng/remus/blob/ca91b956cdde99f78f048dd32b656b559ad14e7d/crates/algo/src/builder/fill_images_faces.rs#L52
B04,Booleans and GFA,P1,2,S,Replace FF nested face loops with BVH or sweep candidate generation and shared face metadata.,Benchmark sparse and dense face-pair workloads; candidate completeness and deterministic junction allocation must match the baseline.,M/high,Q05; M04,https://github.com/esaueng/remus/blob/ca91b956cdde99f78f048dd32b656b559ad14e7d/crates/algo/src/pave_filler/phase_ve.rs#L72; https://github.com/esaueng/remus/blob/ca91b956cdde99f78f048dd32b656b559ad14e7d/crates/algo/src/pave_filler/phase_ve.rs#L176; https://github.com/esaueng/remus/blob/ca91b956cdde99f78f048dd32b656b559ad14e7d/crates/algo/src/pave_filler/phase_ee.rs#L29; https://github.com/esaueng/remus/blob/ca91b956cdde99f78f048dd32b656b559ad14e7d/crates/algo/src/pave_filler/phase_ff.rs#L384; https://github.com/esaueng/remus/blob/ca91b956cdde99f78f048dd32b656b559ad14e7d/crates/operations/src/compound_ops.rs#L686; https://github.com/esaueng/remus/blob/ca91b956cdde99f78f048dd32b656b559ad14e7d/crates/algo/src/builder/fill_images_faces.rs#L52
B05,Booleans and GFA,P2,2,H,"Audit VV, VF and EF candidate generation together so phase-local speedups do not leave repeated topology gathering or another all-pairs phase dominant.",Add separate phase counters and reuse validated domains/bounds across compatible phases; do not bypass per-phase tolerance or representation checks.,M/high,Q05; M04,https://github.com/esaueng/remus/blob/ca91b956cdde99f78f048dd32b656b559ad14e7d/crates/algo/src/pave_filler/phase_ve.rs#L72; https://github.com/esaueng/remus/blob/ca91b956cdde99f78f048dd32b656b559ad14e7d/crates/algo/src/pave_filler/phase_ve.rs#L176; https://github.com/esaueng/remus/blob/ca91b956cdde99f78f048dd32b656b559ad14e7d/crates/algo/src/pave_filler/phase_ee.rs#L29; https://github.com/esaueng/remus/blob/ca91b956cdde99f78f048dd32b656b559ad14e7d/crates/algo/src/pave_filler/phase_ff.rs#L384; https://github.com/esaueng/remus/blob/ca91b956cdde99f78f048dd32b656b559ad14e7d/crates/operations/src/compound_ops.rs#L686; https://github.com/esaueng/remus/blob/ca91b956cdde99f78f048dd32b656b559ad14e7d/crates/algo/src/builder/fill_images_faces.rs#L52
B06,Booleans and GFA,P1,2,S,Index N-body overlap partitioning; fuse_all already batches connected clusters but partition_touching still checks every body pair.,Measure 100/1000/10000 disconnected bodies and dense clusters; preserve touching versus strictly disjoint semantics and exact polyhedral/cylinder gap proofs.,M/medium,Q05; M04,https://github.com/esaueng/remus/blob/ca91b956cdde99f78f048dd32b656b559ad14e7d/crates/algo/src/pave_filler/phase_ve.rs#L72; https://github.com/esaueng/remus/blob/ca91b956cdde99f78f048dd32b656b559ad14e7d/crates/algo/src/pave_filler/phase_ve.rs#L176; https://github.com/esaueng/remus/blob/ca91b956cdde99f78f048dd32b656b559ad14e7d/crates/algo/src/pave_filler/phase_ee.rs#L29; https://github.com/esaueng/remus/blob/ca91b956cdde99f78f048dd32b656b559ad14e7d/crates/algo/src/pave_filler/phase_ff.rs#L384; https://github.com/esaueng/remus/blob/ca91b956cdde99f78f048dd32b656b559ad14e7d/crates/operations/src/compound_ops.rs#L686; https://github.com/esaueng/remus/blob/ca91b956cdde99f78f048dd32b656b559ad14e7d/crates/algo/src/builder/fill_images_faces.rs#L52
B07,Booleans and GFA,P2,5,S,Extend true N-ary execution where pairwise/sequential fallbacks remain expensive; keep existing compound_cut and fuse_cluster as the baseline.,"Track intermediate face counts, copied bytes and fallback rate; require equivalent material, region partition, order policy and construction lineage.",L/high,B06; M07,https://github.com/esaueng/remus/blob/ca91b956cdde99f78f048dd32b656b559ad14e7d/crates/algo/src/pave_filler/phase_ve.rs#L72; https://github.com/esaueng/remus/blob/ca91b956cdde99f78f048dd32b656b559ad14e7d/crates/algo/src/pave_filler/phase_ve.rs#L176; https://github.com/esaueng/remus/blob/ca91b956cdde99f78f048dd32b656b559ad14e7d/crates/algo/src/pave_filler/phase_ee.rs#L29; https://github.com/esaueng/remus/blob/ca91b956cdde99f78f048dd32b656b559ad14e7d/crates/algo/src/pave_filler/phase_ff.rs#L384; https://github.com/esaueng/remus/blob/ca91b956cdde99f78f048dd32b656b559ad14e7d/crates/operations/src/compound_ops.rs#L686; https://github.com/esaueng/remus/blob/ca91b956cdde99f78f048dd32b656b559ad14e7d/crates/algo/src/builder/fill_images_faces.rs#L52
B08,Booleans and GFA,P1,5,H,Rank exact analytic fast paths by observed fallback cost and workload frequency; qualify the highest-value missing surface/contact family one at a time.,"Report exact success, typed refusal and disclosed approximation separately; require independent material/volume and topology oracles, not just fewer faces.",L/high,M07,https://github.com/esaueng/remus/blob/ca91b956cdde99f78f048dd32b656b559ad14e7d/crates/algo/src/pave_filler/phase_ve.rs#L72; https://github.com/esaueng/remus/blob/ca91b956cdde99f78f048dd32b656b559ad14e7d/crates/algo/src/pave_filler/phase_ve.rs#L176; https://github.com/esaueng/remus/blob/ca91b956cdde99f78f048dd32b656b559ad14e7d/crates/algo/src/pave_filler/phase_ee.rs#L29; https://github.com/esaueng/remus/blob/ca91b956cdde99f78f048dd32b656b559ad14e7d/crates/algo/src/pave_filler/phase_ff.rs#L384; https://github.com/esaueng/remus/blob/ca91b956cdde99f78f048dd32b656b559ad14e7d/crates/operations/src/compound_ops.rs#L686; https://github.com/esaueng/remus/blob/ca91b956cdde99f78f048dd32b656b559ad14e7d/crates/algo/src/builder/fill_images_faces.rs#L52
B09,Booleans and GFA,P2,1,S,"Reuse phase-local topology lists, curve domains, tolerance checks, surface frames and boundary projections instead of repeated lookup/collection.","Attribute saved allocations and samples on a GFA phase benchmark; cache keys include the domain, tolerance and geometry revision.",M/medium,M04; M07,https://github.com/esaueng/remus/blob/ca91b956cdde99f78f048dd32b656b559ad14e7d/crates/algo/src/pave_filler/phase_ve.rs#L72; https://github.com/esaueng/remus/blob/ca91b956cdde99f78f048dd32b656b559ad14e7d/crates/algo/src/pave_filler/phase_ve.rs#L176; https://github.com/esaueng/remus/blob/ca91b956cdde99f78f048dd32b656b559ad14e7d/crates/algo/src/pave_filler/phase_ee.rs#L29; https://github.com/esaueng/remus/blob/ca91b956cdde99f78f048dd32b656b559ad14e7d/crates/algo/src/pave_filler/phase_ff.rs#L384; https://github.com/esaueng/remus/blob/ca91b956cdde99f78f048dd32b656b559ad14e7d/crates/operations/src/compound_ops.rs#L686; https://github.com/esaueng/remus/blob/ca91b956cdde99f78f048dd32b656b559ad14e7d/crates/algo/src/builder/fill_images_faces.rs#L52
B10,Booleans and GFA,P2,5,H,"Measure remaining face splitting, same-domain grouping, shell assembly and junction/weld work; extend existing spatial indices only where counters reveal growth.","Preserve existing fixed scaling regressions; count rejected candidates, near-coincident junction probes and assembly passes on both sparse and dense fixtures.",M/high,M04; M07,https://github.com/esaueng/remus/blob/ca91b956cdde99f78f048dd32b656b559ad14e7d/crates/algo/src/pave_filler/phase_ve.rs#L72; https://github.com/esaueng/remus/blob/ca91b956cdde99f78f048dd32b656b559ad14e7d/crates/algo/src/pave_filler/phase_ve.rs#L176; https://github.com/esaueng/remus/blob/ca91b956cdde99f78f048dd32b656b559ad14e7d/crates/algo/src/pave_filler/phase_ee.rs#L29; https://github.com/esaueng/remus/blob/ca91b956cdde99f78f048dd32b656b559ad14e7d/crates/algo/src/pave_filler/phase_ff.rs#L384; https://github.com/esaueng/remus/blob/ca91b956cdde99f78f048dd32b656b559ad14e7d/crates/operations/src/compound_ops.rs#L686; https://github.com/esaueng/remus/blob/ca91b956cdde99f78f048dd32b656b559ad14e7d/crates/algo/src/builder/fill_images_faces.rs#L52
B11,Booleans and GFA,P2,6,H,"Parallelize pure pair geometry into per-worker result buffers, then sort and commit in a deterministic topology-allocation phase.","Measure 1/2/4/8/16 threads, serial small-input crossover and peak memory; identical results, typed first-error policy and accurate aggregated counters are mandatory.",XL/high,B04; T01; P01,https://github.com/esaueng/remus/blob/ca91b956cdde99f78f048dd32b656b559ad14e7d/crates/algo/src/pave_filler/phase_ve.rs#L72; https://github.com/esaueng/remus/blob/ca91b956cdde99f78f048dd32b656b559ad14e7d/crates/algo/src/pave_filler/phase_ve.rs#L176; https://github.com/esaueng/remus/blob/ca91b956cdde99f78f048dd32b656b559ad14e7d/crates/algo/src/pave_filler/phase_ee.rs#L29; https://github.com/esaueng/remus/blob/ca91b956cdde99f78f048dd32b656b559ad14e7d/crates/algo/src/pave_filler/phase_ff.rs#L384; https://github.com/esaueng/remus/blob/ca91b956cdde99f78f048dd32b656b559ad14e7d/crates/operations/src/compound_ops.rs#L686; https://github.com/esaueng/remus/blob/ca91b956cdde99f78f048dd32b656b559ad14e7d/crates/algo/src/builder/fill_images_faces.rs#L52
B12,Booleans and GFA,P2,5,S,"Optimize the already-bounded mesh fallback independently: reuse operand tessellation, BVHs and triangle predicates, and eliminate repeated conversion.","Keep it explicitly approximate; unchanged error bounds, watertightness and resource refusal; exact workloads must never be routed here to appear faster.",L/high,M07; D02; Q01,https://github.com/esaueng/remus/blob/ca91b956cdde99f78f048dd32b656b559ad14e7d/crates/algo/src/pave_filler/phase_ve.rs#L72; https://github.com/esaueng/remus/blob/ca91b956cdde99f78f048dd32b656b559ad14e7d/crates/algo/src/pave_filler/phase_ve.rs#L176; https://github.com/esaueng/remus/blob/ca91b956cdde99f78f048dd32b656b559ad14e7d/crates/algo/src/pave_filler/phase_ee.rs#L29; https://github.com/esaueng/remus/blob/ca91b956cdde99f78f048dd32b656b559ad14e7d/crates/algo/src/pave_filler/phase_ff.rs#L384; https://github.com/esaueng/remus/blob/ca91b956cdde99f78f048dd32b656b559ad14e7d/crates/operations/src/compound_ops.rs#L686; https://github.com/esaueng/remus/blob/ca91b956cdde99f78f048dd32b656b559ad14e7d/crates/algo/src/builder/fill_images_faces.rs#L52
N01,"Math, NURBS, fitting and intersection",P1,1,M,Store interpolation matrices in compact band form; the solve is already banded but allocation/zeroing remains n-by-n.,Measure resident allocation and runtime for 128/512/2048/8192 points; retain pivot fill bandwidth and interpolation residuals on ill-conditioned/repeated-knot inputs.,M/high,M05; M06,https://github.com/esaueng/remus/blob/ca91b956cdde99f78f048dd32b656b559ad14e7d/crates/math/src/nurbs/fitting.rs#L210; https://github.com/esaueng/remus/blob/ca91b956cdde99f78f048dd32b656b559ad14e7d/crates/math/src/nurbs/fitting.rs#L323; https://github.com/esaueng/remus/blob/ca91b956cdde99f78f048dd32b656b559ad14e7d/crates/math/src/nurbs/intersection/chaining.rs#L184; https://github.com/esaueng/remus/blob/ca91b956cdde99f78f048dd32b656b559ad14e7d/crates/math/src/nurbs/evaluator.rs#L17; https://github.com/esaueng/remus/blob/ca91b956cdde99f78f048dd32b656b559ad14e7d/crates/math/src/nurbs/surface.rs#L389; https://github.com/esaueng/remus/blob/ca91b956cdde99f78f048dd32b656b559ad14e7d/crates/math/src/nurbs/intersection/surface_seeding.rs#L70
N02,"Math, NURBS, fitting and intersection",P1,1,S,Exploit local support in least-squares fitting instead of dense N-transpose-N assembly; factor once and solve all coordinates together.,"Benchmark sample and control-point scaling; compare residuals and endpoint constraints, and consider banded QR when conditioning makes normal equations unsuitable.",M/high,M04; M05; M06,https://github.com/esaueng/remus/blob/ca91b956cdde99f78f048dd32b656b559ad14e7d/crates/math/src/nurbs/fitting.rs#L210; https://github.com/esaueng/remus/blob/ca91b956cdde99f78f048dd32b656b559ad14e7d/crates/math/src/nurbs/fitting.rs#L323; https://github.com/esaueng/remus/blob/ca91b956cdde99f78f048dd32b656b559ad14e7d/crates/math/src/nurbs/intersection/chaining.rs#L184; https://github.com/esaueng/remus/blob/ca91b956cdde99f78f048dd32b656b559ad14e7d/crates/math/src/nurbs/evaluator.rs#L17; https://github.com/esaueng/remus/blob/ca91b956cdde99f78f048dd32b656b559ad14e7d/crates/math/src/nurbs/surface.rs#L389; https://github.com/esaueng/remus/blob/ca91b956cdde99f78f048dd32b656b559ad14e7d/crates/math/src/nurbs/intersection/surface_seeding.rs#L70
N03,"Math, NURBS, fitting and intersection",P1,1,M,Replace intersection-point all-pairs adjacency and full-component nearest-neighbor searches with deterministic spatial neighborhoods and ordering.,"The measured sparse chain should stop growing approximately quadratically; preserve current threshold graph, all branches, ties, loops and close separate components.",M/high,M04; M06,https://github.com/esaueng/remus/blob/ca91b956cdde99f78f048dd32b656b559ad14e7d/crates/math/src/nurbs/fitting.rs#L210; https://github.com/esaueng/remus/blob/ca91b956cdde99f78f048dd32b656b559ad14e7d/crates/math/src/nurbs/fitting.rs#L323; https://github.com/esaueng/remus/blob/ca91b956cdde99f78f048dd32b656b559ad14e7d/crates/math/src/nurbs/intersection/chaining.rs#L184; https://github.com/esaueng/remus/blob/ca91b956cdde99f78f048dd32b656b559ad14e7d/crates/math/src/nurbs/evaluator.rs#L17; https://github.com/esaueng/remus/blob/ca91b956cdde99f78f048dd32b656b559ad14e7d/crates/math/src/nurbs/surface.rs#L389; https://github.com/esaueng/remus/blob/ca91b956cdde99f78f048dd32b656b559ad14e7d/crates/math/src/nurbs/intersection/surface_seeding.rs#L70
N04,"Math, NURBS, fitting and intersection",P1,1,S,Expose scratch-buffer derivative APIs and fuse position/first/second derivative evaluation so consumers reuse basis values and homogeneous sums.,"Count allocations and basis evaluations on integration, projection, SSI and walker workloads; verify derivative finite differences and projective weight-scale invariance.",M/high,M04; M05; M07,https://github.com/esaueng/remus/blob/ca91b956cdde99f78f048dd32b656b559ad14e7d/crates/math/src/nurbs/fitting.rs#L210; https://github.com/esaueng/remus/blob/ca91b956cdde99f78f048dd32b656b559ad14e7d/crates/math/src/nurbs/fitting.rs#L323; https://github.com/esaueng/remus/blob/ca91b956cdde99f78f048dd32b656b559ad14e7d/crates/math/src/nurbs/intersection/chaining.rs#L184; https://github.com/esaueng/remus/blob/ca91b956cdde99f78f048dd32b656b559ad14e7d/crates/math/src/nurbs/evaluator.rs#L17; https://github.com/esaueng/remus/blob/ca91b956cdde99f78f048dd32b656b559ad14e7d/crates/math/src/nurbs/surface.rs#L389; https://github.com/esaueng/remus/blob/ca91b956cdde99f78f048dd32b656b559ad14e7d/crates/math/src/nurbs/intersection/surface_seeding.rs#L70
N05,"Math, NURBS, fitting and intersection",P2,5,M,Benchmark direct versus cached evaluators on realistic multi-span grids before adopting the existing power-basis evaluator; both audit fixtures made the cached path slower.,"Include construction cost, amortization, rational degrees 3/9, knots and derivatives; adopt only proven winning regimes with a stable dispatch criterion.",M/medium,M07,https://github.com/esaueng/remus/blob/ca91b956cdde99f78f048dd32b656b559ad14e7d/crates/math/src/nurbs/fitting.rs#L210; https://github.com/esaueng/remus/blob/ca91b956cdde99f78f048dd32b656b559ad14e7d/crates/math/src/nurbs/fitting.rs#L323; https://github.com/esaueng/remus/blob/ca91b956cdde99f78f048dd32b656b559ad14e7d/crates/math/src/nurbs/intersection/chaining.rs#L184; https://github.com/esaueng/remus/blob/ca91b956cdde99f78f048dd32b656b559ad14e7d/crates/math/src/nurbs/evaluator.rs#L17; https://github.com/esaueng/remus/blob/ca91b956cdde99f78f048dd32b656b559ad14e7d/crates/math/src/nurbs/surface.rs#L389; https://github.com/esaueng/remus/blob/ca91b956cdde99f78f048dd32b656b559ad14e7d/crates/math/src/nurbs/intersection/surface_seeding.rs#L70
N06,"Math, NURBS, fitting and intersection",P2,5,S,Precompute per-axis basis/span tables for tensor-product sampling and quadrature; reuse factorizations only when knot/parameter systems really match.,"Measure surface grids, loft rows and repeated fits; do not assume independently chord-parameterized rows share the same matrix.",M/high,N04; N05,https://github.com/esaueng/remus/blob/ca91b956cdde99f78f048dd32b656b559ad14e7d/crates/math/src/nurbs/fitting.rs#L210; https://github.com/esaueng/remus/blob/ca91b956cdde99f78f048dd32b656b559ad14e7d/crates/math/src/nurbs/fitting.rs#L323; https://github.com/esaueng/remus/blob/ca91b956cdde99f78f048dd32b656b559ad14e7d/crates/math/src/nurbs/intersection/chaining.rs#L184; https://github.com/esaueng/remus/blob/ca91b956cdde99f78f048dd32b656b559ad14e7d/crates/math/src/nurbs/evaluator.rs#L17; https://github.com/esaueng/remus/blob/ca91b956cdde99f78f048dd32b656b559ad14e7d/crates/math/src/nurbs/surface.rs#L389; https://github.com/esaueng/remus/blob/ca91b956cdde99f78f048dd32b656b559ad14e7d/crates/math/src/nurbs/intersection/surface_seeding.rs#L70
N07,"Math, NURBS, fitting and intersection",P2,5,S,"Reduce SSI patch cloning, redundant subdivision and re-marching of an already traced branch; reuse decomposition/evaluator state per surface pair.","Track patch bytes, seed count, unique branches, Newton calls and retries; preserve tangencies, tiny loops, periodic closure and existing resource budgets.",L/high,M04; M07,https://github.com/esaueng/remus/blob/ca91b956cdde99f78f048dd32b656b559ad14e7d/crates/math/src/nurbs/fitting.rs#L210; https://github.com/esaueng/remus/blob/ca91b956cdde99f78f048dd32b656b559ad14e7d/crates/math/src/nurbs/fitting.rs#L323; https://github.com/esaueng/remus/blob/ca91b956cdde99f78f048dd32b656b559ad14e7d/crates/math/src/nurbs/intersection/chaining.rs#L184; https://github.com/esaueng/remus/blob/ca91b956cdde99f78f048dd32b656b559ad14e7d/crates/math/src/nurbs/evaluator.rs#L17; https://github.com/esaueng/remus/blob/ca91b956cdde99f78f048dd32b656b559ad14e7d/crates/math/src/nurbs/surface.rs#L389; https://github.com/esaueng/remus/blob/ca91b956cdde99f78f048dd32b656b559ad14e7d/crates/math/src/nurbs/intersection/surface_seeding.rs#L70
N08,"Math, NURBS, fitting and intersection",P2,5,S,"Improve safeguarded projection/extrema with temporal seeds, reusable workspaces and proven bounds; retain global-search fallback where local Newton is insufficient.",Benchmark repeated nearby queries and adversarial multiple minima; an estimated Lipschitz constant is not a new license for certified pruning.,L/high,Q05; M07,https://github.com/esaueng/remus/blob/ca91b956cdde99f78f048dd32b656b559ad14e7d/crates/math/src/nurbs/fitting.rs#L210; https://github.com/esaueng/remus/blob/ca91b956cdde99f78f048dd32b656b559ad14e7d/crates/math/src/nurbs/fitting.rs#L323; https://github.com/esaueng/remus/blob/ca91b956cdde99f78f048dd32b656b559ad14e7d/crates/math/src/nurbs/intersection/chaining.rs#L184; https://github.com/esaueng/remus/blob/ca91b956cdde99f78f048dd32b656b559ad14e7d/crates/math/src/nurbs/evaluator.rs#L17; https://github.com/esaueng/remus/blob/ca91b956cdde99f78f048dd32b656b559ad14e7d/crates/math/src/nurbs/surface.rs#L389; https://github.com/esaueng/remus/blob/ca91b956cdde99f78f048dd32b656b559ad14e7d/crates/math/src/nurbs/intersection/surface_seeding.rs#L70
N09,"Math, NURBS, fitting and intersection",P2,5,S,"Profile filtered predicate fast-path/fallback rates and duplicate filtering, plus CDT constraint recovery and stale-hint linear scans.",Count actual fallback work by geometry family; preserve exact predicate signs and constrained edges on near-degenerate and large-coordinate inputs.,M/high,M04; M07,https://github.com/esaueng/remus/blob/ca91b956cdde99f78f048dd32b656b559ad14e7d/crates/math/src/nurbs/fitting.rs#L210; https://github.com/esaueng/remus/blob/ca91b956cdde99f78f048dd32b656b559ad14e7d/crates/math/src/nurbs/fitting.rs#L323; https://github.com/esaueng/remus/blob/ca91b956cdde99f78f048dd32b656b559ad14e7d/crates/math/src/nurbs/intersection/chaining.rs#L184; https://github.com/esaueng/remus/blob/ca91b956cdde99f78f048dd32b656b559ad14e7d/crates/math/src/nurbs/evaluator.rs#L17; https://github.com/esaueng/remus/blob/ca91b956cdde99f78f048dd32b656b559ad14e7d/crates/math/src/nurbs/surface.rs#L389; https://github.com/esaueng/remus/blob/ca91b956cdde99f78f048dd32b656b559ad14e7d/crates/math/src/nurbs/intersection/surface_seeding.rs#L70
N10,"Math, NURBS, fitting and intersection",P3,7,H,"Evaluate f64 SIMD batches and structure-of-arrays layouts for basis evaluation, projections, bounds and surface grids.","Show end-to-end benefit on native and actual SIMD WASM; respect exact arithmetic/error bounds, alignment, lane tails and code-size budgets.",L/high,N04; N05; W01; M07,https://github.com/esaueng/remus/blob/ca91b956cdde99f78f048dd32b656b559ad14e7d/crates/math/src/nurbs/fitting.rs#L210; https://github.com/esaueng/remus/blob/ca91b956cdde99f78f048dd32b656b559ad14e7d/crates/math/src/nurbs/fitting.rs#L323; https://github.com/esaueng/remus/blob/ca91b956cdde99f78f048dd32b656b559ad14e7d/crates/math/src/nurbs/intersection/chaining.rs#L184; https://github.com/esaueng/remus/blob/ca91b956cdde99f78f048dd32b656b559ad14e7d/crates/math/src/nurbs/evaluator.rs#L17; https://github.com/esaueng/remus/blob/ca91b956cdde99f78f048dd32b656b559ad14e7d/crates/math/src/nurbs/surface.rs#L389; https://github.com/esaueng/remus/blob/ca91b956cdde99f78f048dd32b656b559ad14e7d/crates/math/src/nurbs/intersection/surface_seeding.rs#L70
N11,"Math, NURBS, fitting and intersection",P3,7,H,"Evaluate small fixed-degree kernels, polynomial specializations, inlining and cold-path separation only after profiling identifies a material hotspot.","Measure instructions, cache misses and code size as well as time; keep high-degree/rational/general fallbacks and unchanged floating-point contracts.",M/high,M07,https://github.com/esaueng/remus/blob/ca91b956cdde99f78f048dd32b656b559ad14e7d/crates/math/src/nurbs/fitting.rs#L210; https://github.com/esaueng/remus/blob/ca91b956cdde99f78f048dd32b656b559ad14e7d/crates/math/src/nurbs/fitting.rs#L323; https://github.com/esaueng/remus/blob/ca91b956cdde99f78f048dd32b656b559ad14e7d/crates/math/src/nurbs/intersection/chaining.rs#L184; https://github.com/esaueng/remus/blob/ca91b956cdde99f78f048dd32b656b559ad14e7d/crates/math/src/nurbs/evaluator.rs#L17; https://github.com/esaueng/remus/blob/ca91b956cdde99f78f048dd32b656b559ad14e7d/crates/math/src/nurbs/surface.rs#L389; https://github.com/esaueng/remus/blob/ca91b956cdde99f78f048dd32b656b559ad14e7d/crates/math/src/nurbs/intersection/surface_seeding.rs#L70
D01,Tessellation and mesh production,P1,4,S,"Create a revisioned per-face mesh cache with shared edge-sample dependencies and explicit keys for linear/angular tolerance, purpose and face attribution.","Unchanged views reuse meshes; one edge edit invalidates every incident face; tests cover holes, seams, sheets, cavities and rolled-back edits.",L/high,Q02; D03,https://github.com/esaueng/remus/blob/ca91b956cdde99f78f048dd32b656b559ad14e7d/crates/operations/src/tessellate/solid.rs#L331; https://github.com/esaueng/remus/blob/ca91b956cdde99f78f048dd32b656b559ad14e7d/crates/operations/src/tessellate/solid.rs#L913; https://github.com/esaueng/remus/blob/ca91b956cdde99f78f048dd32b656b559ad14e7d/crates/math/src/cdt/constraints.rs#L8; https://github.com/esaueng/remus/blob/ca91b956cdde99f78f048dd32b656b559ad14e7d/crates/operations/src/tessellate/nurbs.rs#L31; https://github.com/esaueng/remus/blob/ca91b956cdde99f78f048dd32b656b559ad14e7d/crates/operations/src/tessellate/mesh_ops.rs#L28
D02,Tessellation and mesh production,P1,4,S,"Share edge sampling between solid tessellation, wireframe, export and queries when contracts match.",Count evaluations and copied points; do not mix display samples with mesh-boolean circle-floor policy or lose directed coedge domains.,M/high,M04; M07,https://github.com/esaueng/remus/blob/ca91b956cdde99f78f048dd32b656b559ad14e7d/crates/operations/src/tessellate/solid.rs#L331; https://github.com/esaueng/remus/blob/ca91b956cdde99f78f048dd32b656b559ad14e7d/crates/operations/src/tessellate/solid.rs#L913; https://github.com/esaueng/remus/blob/ca91b956cdde99f78f048dd32b656b559ad14e7d/crates/math/src/cdt/constraints.rs#L8; https://github.com/esaueng/remus/blob/ca91b956cdde99f78f048dd32b656b559ad14e7d/crates/operations/src/tessellate/nurbs.rs#L31; https://github.com/esaueng/remus/blob/ca91b956cdde99f78f048dd32b656b559ad14e7d/crates/operations/src/tessellate/mesh_ops.rs#L28
D03,Tessellation and mesh production,P1,4,S,"Split tessellation into boundary planning, local triangulation, shared-boundary reconciliation and deterministic assembly before broadening parallelism.",Existing edge sampling and holed-planar CDT remain the baseline; Steiner points reaching neighboring faces must be reconciled before dependent triangulation.,L/high,M04; M07,https://github.com/esaueng/remus/blob/ca91b956cdde99f78f048dd32b656b559ad14e7d/crates/operations/src/tessellate/solid.rs#L331; https://github.com/esaueng/remus/blob/ca91b956cdde99f78f048dd32b656b559ad14e7d/crates/operations/src/tessellate/solid.rs#L913; https://github.com/esaueng/remus/blob/ca91b956cdde99f78f048dd32b656b559ad14e7d/crates/math/src/cdt/constraints.rs#L8; https://github.com/esaueng/remus/blob/ca91b956cdde99f78f048dd32b656b559ad14e7d/crates/operations/src/tessellate/nurbs.rs#L31; https://github.com/esaueng/remus/blob/ca91b956cdde99f78f048dd32b656b559ad14e7d/crates/operations/src/tessellate/mesh_ops.rs#L28
D04,Tessellation and mesh production,P2,6,S,"Parallelize eligible nonplanar faces and independent meshes with workload-based grain sizes, after boundary ownership is stable.","Measure thread scaling, skewed face sizes, small inputs and memory; prove watertightness and face-ID stability across thread counts.",L/high,D03; P01,https://github.com/esaueng/remus/blob/ca91b956cdde99f78f048dd32b656b559ad14e7d/crates/operations/src/tessellate/solid.rs#L331; https://github.com/esaueng/remus/blob/ca91b956cdde99f78f048dd32b656b559ad14e7d/crates/operations/src/tessellate/solid.rs#L913; https://github.com/esaueng/remus/blob/ca91b956cdde99f78f048dd32b656b559ad14e7d/crates/math/src/cdt/constraints.rs#L8; https://github.com/esaueng/remus/blob/ca91b956cdde99f78f048dd32b656b559ad14e7d/crates/operations/src/tessellate/nurbs.rs#L31; https://github.com/esaueng/remus/blob/ca91b956cdde99f78f048dd32b656b559ad14e7d/crates/operations/src/tessellate/mesh_ops.rs#L28
D05,Tessellation and mesh production,P2,1,S,Instrument CDT point-location/constraint walks and reuse legalization scratch; repair frequent fallback scans rather than replacing Hilbert ordering that already exists.,"Track triangle visits, flips, Steiner points and fallback scans at 1k/10k/100k points, long holes and skinny constraints.",M/high,M04; M07,https://github.com/esaueng/remus/blob/ca91b956cdde99f78f048dd32b656b559ad14e7d/crates/operations/src/tessellate/solid.rs#L331; https://github.com/esaueng/remus/blob/ca91b956cdde99f78f048dd32b656b559ad14e7d/crates/operations/src/tessellate/solid.rs#L913; https://github.com/esaueng/remus/blob/ca91b956cdde99f78f048dd32b656b559ad14e7d/crates/math/src/cdt/constraints.rs#L8; https://github.com/esaueng/remus/blob/ca91b956cdde99f78f048dd32b656b559ad14e7d/crates/operations/src/tessellate/nurbs.rs#L31; https://github.com/esaueng/remus/blob/ca91b956cdde99f78f048dd32b656b559ad14e7d/crates/operations/src/tessellate/mesh_ops.rs#L28
D06,Tessellation and mesh production,P2,5,H,Reduce over-tessellation through analytic/adaptive subdivision within the requested chord and angular budgets.,Verify maximum geometric deviation and topology on curved trims and singularities; triangle reduction must not weaken an existing quality contract.,L/high,M07,https://github.com/esaueng/remus/blob/ca91b956cdde99f78f048dd32b656b559ad14e7d/crates/operations/src/tessellate/solid.rs#L331; https://github.com/esaueng/remus/blob/ca91b956cdde99f78f048dd32b656b559ad14e7d/crates/operations/src/tessellate/solid.rs#L913; https://github.com/esaueng/remus/blob/ca91b956cdde99f78f048dd32b656b559ad14e7d/crates/math/src/cdt/constraints.rs#L8; https://github.com/esaueng/remus/blob/ca91b956cdde99f78f048dd32b656b559ad14e7d/crates/operations/src/tessellate/nurbs.rs#L31; https://github.com/esaueng/remus/blob/ca91b956cdde99f78f048dd32b656b559ad14e7d/crates/operations/src/tessellate/mesh_ops.rs#L28
D07,Tessellation and mesh production,P2,4,S,"Reduce mesh assembly passes and temporary arrays for grouping, welding, normals and face offsets; reserve from measured counts.","Compare allocated bytes and wall time at fixed triangle count; keep stable grouping, seam normals and shared boundary IDs.",M/medium,M05; M07,https://github.com/esaueng/remus/blob/ca91b956cdde99f78f048dd32b656b559ad14e7d/crates/operations/src/tessellate/solid.rs#L331; https://github.com/esaueng/remus/blob/ca91b956cdde99f78f048dd32b656b559ad14e7d/crates/operations/src/tessellate/solid.rs#L913; https://github.com/esaueng/remus/blob/ca91b956cdde99f78f048dd32b656b559ad14e7d/crates/math/src/cdt/constraints.rs#L8; https://github.com/esaueng/remus/blob/ca91b956cdde99f78f048dd32b656b559ad14e7d/crates/operations/src/tessellate/nurbs.rs#L31; https://github.com/esaueng/remus/blob/ca91b956cdde99f78f048dd32b656b559ad14e7d/crates/operations/src/tessellate/mesh_ops.rs#L28
D08,Tessellation and mesh production,P2,4,H,Support incremental LOD and cancellation of obsolete display work at an explicit preview API boundary.,"Measure time-to-first-visible and final-quality latency; stale jobs cannot replace a newer mesh, and preview output remains clearly approximate.",L/high,D01; W05,https://github.com/esaueng/remus/blob/ca91b956cdde99f78f048dd32b656b559ad14e7d/crates/operations/src/tessellate/solid.rs#L331; https://github.com/esaueng/remus/blob/ca91b956cdde99f78f048dd32b656b559ad14e7d/crates/operations/src/tessellate/solid.rs#L913; https://github.com/esaueng/remus/blob/ca91b956cdde99f78f048dd32b656b559ad14e7d/crates/math/src/cdt/constraints.rs#L8; https://github.com/esaueng/remus/blob/ca91b956cdde99f78f048dd32b656b559ad14e7d/crates/operations/src/tessellate/nurbs.rs#L31; https://github.com/esaueng/remus/blob/ca91b956cdde99f78f048dd32b656b559ad14e7d/crates/operations/src/tessellate/mesh_ops.rs#L28
D09,Tessellation and mesh production,P2,4,H,Reuse a compatible final mesh for multiple exports and render consumers instead of rebuilding it per format.,"Cache keys include body revision and quality; verify format-specific normals, winding, units, attributes and invalidation.",M/medium,D01; D02,https://github.com/esaueng/remus/blob/ca91b956cdde99f78f048dd32b656b559ad14e7d/crates/operations/src/tessellate/solid.rs#L331; https://github.com/esaueng/remus/blob/ca91b956cdde99f78f048dd32b656b559ad14e7d/crates/operations/src/tessellate/solid.rs#L913; https://github.com/esaueng/remus/blob/ca91b956cdde99f78f048dd32b656b559ad14e7d/crates/math/src/cdt/constraints.rs#L8; https://github.com/esaueng/remus/blob/ca91b956cdde99f78f048dd32b656b559ad14e7d/crates/operations/src/tessellate/nurbs.rs#L31; https://github.com/esaueng/remus/blob/ca91b956cdde99f78f048dd32b656b559ad14e7d/crates/operations/src/tessellate/mesh_ops.rs#L28
D10,Tessellation and mesh production,P3,7,S,Evaluate the existing GPU analytic mesher for supported display workloads and measured CPU-to-GPU transfer costs.,"Use graphics output only within declared quality; keep native/WASM CPU paths, supported-device matrix and geometric deviation checks.",L/high,M07; R05,https://github.com/esaueng/remus/blob/ca91b956cdde99f78f048dd32b656b559ad14e7d/crates/operations/src/tessellate/solid.rs#L331; https://github.com/esaueng/remus/blob/ca91b956cdde99f78f048dd32b656b559ad14e7d/crates/operations/src/tessellate/solid.rs#L913; https://github.com/esaueng/remus/blob/ca91b956cdde99f78f048dd32b656b559ad14e7d/crates/math/src/cdt/constraints.rs#L8; https://github.com/esaueng/remus/blob/ca91b956cdde99f78f048dd32b656b559ad14e7d/crates/operations/src/tessellate/nurbs.rs#L31; https://github.com/esaueng/remus/blob/ca91b956cdde99f78f048dd32b656b559ad14e7d/crates/operations/src/tessellate/mesh_ops.rs#L28
V01,"Validation, mass properties and measurement",P1,2,M,"Prepare trim loops, projected boundaries and quadrature/evaluator data once per face per operation, then reuse across volume/area/inertia/validation.","Measure the hammer-holder benchmark and analytic/cavity fixtures; preserve periodic UV branches, trim orientation and compensated/local-origin arithmetic.",M/high,M04; M07,https://github.com/esaueng/remus/blob/ca91b956cdde99f78f048dd32b656b559ad14e7d/crates/check/src/properties/face_integrator.rs#L97; https://github.com/esaueng/remus/blob/ca91b956cdde99f78f048dd32b656b559ad14e7d/crates/check/src/properties/mod.rs#L149; https://github.com/esaueng/remus/blob/ca91b956cdde99f78f048dd32b656b559ad14e7d/crates/check/src/validate/mod.rs#L50; https://github.com/esaueng/remus/blob/ca91b956cdde99f78f048dd32b656b559ad14e7d/crates/operations/src/measure/volume.rs#L2916; https://github.com/esaueng/remus/blob/ca91b956cdde99f78f048dd32b656b559ad14e7d/crates/io/benches/nurbs_properties.rs#L24
V02,"Validation, mass properties and measurement",P1,4,S,Cache face property contributions and recombine only changed faces using construction history.,"Repeated measurements become proportional to changes; compare against full recomputation after every supported edit/undo, including inner shells and face reversals.",L/high,Q02; V01,https://github.com/esaueng/remus/blob/ca91b956cdde99f78f048dd32b656b559ad14e7d/crates/check/src/properties/face_integrator.rs#L97; https://github.com/esaueng/remus/blob/ca91b956cdde99f78f048dd32b656b559ad14e7d/crates/check/src/properties/mod.rs#L149; https://github.com/esaueng/remus/blob/ca91b956cdde99f78f048dd32b656b559ad14e7d/crates/check/src/validate/mod.rs#L50; https://github.com/esaueng/remus/blob/ca91b956cdde99f78f048dd32b656b559ad14e7d/crates/operations/src/measure/volume.rs#L2916; https://github.com/esaueng/remus/blob/ca91b956cdde99f78f048dd32b656b559ad14e7d/crates/io/benches/nurbs_properties.rs#L24
V03,"Validation, mass properties and measurement",P1,3,S,"Deduplicate repeated validation of the same immutable result within a transaction, using an explicit validation certificate keyed to all relevant policies.",Instrument each validator invocation; preserve full required checks at trust boundaries and invalidate certificates on any change or rollback.,L/high,T01; Q02; M04,https://github.com/esaueng/remus/blob/ca91b956cdde99f78f048dd32b656b559ad14e7d/crates/check/src/properties/face_integrator.rs#L97; https://github.com/esaueng/remus/blob/ca91b956cdde99f78f048dd32b656b559ad14e7d/crates/check/src/properties/mod.rs#L149; https://github.com/esaueng/remus/blob/ca91b956cdde99f78f048dd32b656b559ad14e7d/crates/check/src/validate/mod.rs#L50; https://github.com/esaueng/remus/blob/ca91b956cdde99f78f048dd32b656b559ad14e7d/crates/operations/src/measure/volume.rs#L2916; https://github.com/esaueng/remus/blob/ca91b956cdde99f78f048dd32b656b559ad14e7d/crates/io/benches/nurbs_properties.rs#L24
V04,"Validation, mass properties and measurement",P2,2,S,"Share topological indexes among edge-use, shell, Euler, orientation and finite-geometry checks rather than rebuilding traversals per check.","Measure allocations and entity visits on large valid and malformed bodies; identical diagnostic severities, entity IDs and acceptance are required.",M/medium,Q01; M04,https://github.com/esaueng/remus/blob/ca91b956cdde99f78f048dd32b656b559ad14e7d/crates/check/src/properties/face_integrator.rs#L97; https://github.com/esaueng/remus/blob/ca91b956cdde99f78f048dd32b656b559ad14e7d/crates/check/src/properties/mod.rs#L149; https://github.com/esaueng/remus/blob/ca91b956cdde99f78f048dd32b656b559ad14e7d/crates/check/src/validate/mod.rs#L50; https://github.com/esaueng/remus/blob/ca91b956cdde99f78f048dd32b656b559ad14e7d/crates/operations/src/measure/volume.rs#L2916; https://github.com/esaueng/remus/blob/ca91b956cdde99f78f048dd32b656b559ad14e7d/crates/io/benches/nurbs_properties.rs#L24
V05,"Validation, mass properties and measurement",P2,5,H,Specialize additional qualified analytic property integrals and reuse shared moment evaluation across requested outputs.,"Closed-form independent oracles, thin walls, trimmed holes and translated models pass; do not infer full primitive volume from its carrier alone.",M/high,M07,https://github.com/esaueng/remus/blob/ca91b956cdde99f78f048dd32b656b559ad14e7d/crates/check/src/properties/face_integrator.rs#L97; https://github.com/esaueng/remus/blob/ca91b956cdde99f78f048dd32b656b559ad14e7d/crates/check/src/properties/mod.rs#L149; https://github.com/esaueng/remus/blob/ca91b956cdde99f78f048dd32b656b559ad14e7d/crates/check/src/validate/mod.rs#L50; https://github.com/esaueng/remus/blob/ca91b956cdde99f78f048dd32b656b559ad14e7d/crates/operations/src/measure/volume.rs#L2916; https://github.com/esaueng/remus/blob/ca91b956cdde99f78f048dd32b656b559ad14e7d/crates/io/benches/nurbs_properties.rs#L24
V06,"Validation, mass properties and measurement",P2,6,H,Parallelize independent face integrations and validation work using deterministic reduction and stable diagnostics.,"Compare p95 and reduction error across thread counts, especially cavity cancellation and large translations; retain serial thresholds.",M/high,V01; P01,https://github.com/esaueng/remus/blob/ca91b956cdde99f78f048dd32b656b559ad14e7d/crates/check/src/properties/face_integrator.rs#L97; https://github.com/esaueng/remus/blob/ca91b956cdde99f78f048dd32b656b559ad14e7d/crates/check/src/properties/mod.rs#L149; https://github.com/esaueng/remus/blob/ca91b956cdde99f78f048dd32b656b559ad14e7d/crates/check/src/validate/mod.rs#L50; https://github.com/esaueng/remus/blob/ca91b956cdde99f78f048dd32b656b559ad14e7d/crates/operations/src/measure/volume.rs#L2916; https://github.com/esaueng/remus/blob/ca91b956cdde99f78f048dd32b656b559ad14e7d/crates/io/benches/nurbs_properties.rs#L24
V07,"Validation, mass properties and measurement",P2,5,S,Accelerate hidden-line/visibility and repeated measurement requests with prepared classification and batched query APIs.,"Measure sample-point count, context rebuilds and end-to-end drawing time; preserve silhouette/visibility semantics and declared approximation.",M/high,Q01,https://github.com/esaueng/remus/blob/ca91b956cdde99f78f048dd32b656b559ad14e7d/crates/check/src/properties/face_integrator.rs#L97; https://github.com/esaueng/remus/blob/ca91b956cdde99f78f048dd32b656b559ad14e7d/crates/check/src/properties/mod.rs#L149; https://github.com/esaueng/remus/blob/ca91b956cdde99f78f048dd32b656b559ad14e7d/crates/check/src/validate/mod.rs#L50; https://github.com/esaueng/remus/blob/ca91b956cdde99f78f048dd32b656b559ad14e7d/crates/operations/src/measure/volume.rs#L2916; https://github.com/esaueng/remus/blob/ca91b956cdde99f78f048dd32b656b559ad14e7d/crates/io/benches/nurbs_properties.rs#L24
H01,Healing and sewing,P1,1,S,Spatially index vertex merging in native healing and the operations wrapper; both contain pairwise vertex loops.,"Count distance checks and runtime over 1k/10k/100k vertices; preserve canonical representative, tolerance policy and nontransitive-nearness behavior.",M/high,M04; M06,https://github.com/esaueng/remus/blob/ca91b956cdde99f78f048dd32b656b559ad14e7d/crates/heal/src/fix/solid.rs#L32; https://github.com/esaueng/remus/blob/ca91b956cdde99f78f048dd32b656b559ad14e7d/crates/heal/src/upgrade/shell_sewing.rs#L215; https://github.com/esaueng/remus/blob/ca91b956cdde99f78f048dd32b656b559ad14e7d/crates/operations/src/heal.rs#L530; https://github.com/esaueng/remus/blob/ca91b956cdde99f78f048dd32b656b559ad14e7d/crates/heal/src/upgrade/unify_same_domain.rs#L37
H02,Healing and sewing,P1,2,S,Index free-edge sewing by endpoint neighborhoods and curve signatures before exact compatibility checks.,"Sparse free-edge candidates scale with local contacts; preserve ambiguity refusals, coedge/pcurve lineage and cases with several eligible partners.",M/high,Q05; M04,https://github.com/esaueng/remus/blob/ca91b956cdde99f78f048dd32b656b559ad14e7d/crates/heal/src/fix/solid.rs#L32; https://github.com/esaueng/remus/blob/ca91b956cdde99f78f048dd32b656b559ad14e7d/crates/heal/src/upgrade/shell_sewing.rs#L215; https://github.com/esaueng/remus/blob/ca91b956cdde99f78f048dd32b656b559ad14e7d/crates/operations/src/heal.rs#L530; https://github.com/esaueng/remus/blob/ca91b956cdde99f78f048dd32b656b559ad14e7d/crates/heal/src/upgrade/unify_same_domain.rs#L37
H03,Healing and sewing,P2,2,S,Bucket duplicate-face candidates by conservative geometry/topology descriptors before the current pairwise comparison.,"Verify reversed wires, holes, aliases and genuinely distinct coincident faces; descriptors only select candidates and cannot establish equivalence alone.",M/high,Q05; M04,https://github.com/esaueng/remus/blob/ca91b956cdde99f78f048dd32b656b559ad14e7d/crates/heal/src/fix/solid.rs#L32; https://github.com/esaueng/remus/blob/ca91b956cdde99f78f048dd32b656b559ad14e7d/crates/heal/src/upgrade/shell_sewing.rs#L215; https://github.com/esaueng/remus/blob/ca91b956cdde99f78f048dd32b656b559ad14e7d/crates/operations/src/heal.rs#L530; https://github.com/esaueng/remus/blob/ca91b956cdde99f78f048dd32b656b559ad14e7d/crates/heal/src/upgrade/unify_same_domain.rs#L37
H04,Healing and sewing,P2,5,H,Make healing pipelines process dirty entities and reuse analysis findings when intervening steps do not invalidate them.,"Track scans and repeated repairs; preserve final validation, repair disclosure, tolerance limits and complete construction history.",L/high,Q02; V04,https://github.com/esaueng/remus/blob/ca91b956cdde99f78f048dd32b656b559ad14e7d/crates/heal/src/fix/solid.rs#L32; https://github.com/esaueng/remus/blob/ca91b956cdde99f78f048dd32b656b559ad14e7d/crates/heal/src/upgrade/shell_sewing.rs#L215; https://github.com/esaueng/remus/blob/ca91b956cdde99f78f048dd32b656b559ad14e7d/crates/operations/src/heal.rs#L530; https://github.com/esaueng/remus/blob/ca91b956cdde99f78f048dd32b656b559ad14e7d/crates/heal/src/upgrade/unify_same_domain.rs#L37
H05,Healing and sewing,P2,1,S,Retain and expand unify_faces scaling guards; the former per-group whole-edge-map rescan has already been fixed.,Reproduce current many-group prism/STL baselines and investigate only remaining hot paths; do not recreate an already-merged optimization ticket.,S/low,M04; M06,https://github.com/esaueng/remus/blob/ca91b956cdde99f78f048dd32b656b559ad14e7d/crates/heal/src/fix/solid.rs#L32; https://github.com/esaueng/remus/blob/ca91b956cdde99f78f048dd32b656b559ad14e7d/crates/heal/src/upgrade/shell_sewing.rs#L215; https://github.com/esaueng/remus/blob/ca91b956cdde99f78f048dd32b656b559ad14e7d/crates/operations/src/heal.rs#L530; https://github.com/esaueng/remus/blob/ca91b956cdde99f78f048dd32b656b559ad14e7d/crates/heal/src/upgrade/unify_same_domain.rs#L37
H06,Healing and sewing,P2,5,H,"Profile SameParameter, curve/surface recognition, small-edge/wire repair and unification at multiple model sizes.",Reuse projections and analytic tests only on matching revisions; no performance gain may come from deleting legitimate small features or loosening repair tolerances.,M/high,M07; Q01,https://github.com/esaueng/remus/blob/ca91b956cdde99f78f048dd32b656b559ad14e7d/crates/heal/src/fix/solid.rs#L32; https://github.com/esaueng/remus/blob/ca91b956cdde99f78f048dd32b656b559ad14e7d/crates/heal/src/upgrade/shell_sewing.rs#L215; https://github.com/esaueng/remus/blob/ca91b956cdde99f78f048dd32b656b559ad14e7d/crates/operations/src/heal.rs#L530; https://github.com/esaueng/remus/blob/ca91b956cdde99f78f048dd32b656b559ad14e7d/crates/heal/src/upgrade/unify_same_domain.rs#L37
S01,Sketch solver,P1,0,S,"Add sketch benchmarks for drag updates, large sparse systems, independent components, redundant constraints and inconsistent systems.","Record solve/diagnostic time, Jacobian dimensions, iterations, rank, residuals and allocations at 10/100/1000/10000 parameters where supported.",M/low,M01; M06,https://github.com/esaueng/remus/blob/ca91b956cdde99f78f048dd32b656b559ad14e7d/crates/sketch/src/gcs/system.rs#L343; https://github.com/esaueng/remus/blob/ca91b956cdde99f78f048dd32b656b559ad14e7d/crates/sketch/src/gcs/solver.rs#L32; https://github.com/esaueng/remus/blob/ca91b956cdde99f78f048dd32b656b559ad14e7d/crates/sketch/src/gcs/qr.rs#L35; https://github.com/esaueng/remus/blob/ca91b956cdde99f78f048dd32b656b559ad14e7d/crates/sketch/src/gcs/dof.rs#L23
S02,Sketch solver,P2,5,S,Split the constraint graph into independent connected components before dense solving.,"Time depends on component sizes rather than total unrelated parameters; preserve DOF, rank, conflict classification and all coupled constraints.",L/high,S01; M07,https://github.com/esaueng/remus/blob/ca91b956cdde99f78f048dd32b656b559ad14e7d/crates/sketch/src/gcs/system.rs#L343; https://github.com/esaueng/remus/blob/ca91b956cdde99f78f048dd32b656b559ad14e7d/crates/sketch/src/gcs/solver.rs#L32; https://github.com/esaueng/remus/blob/ca91b956cdde99f78f048dd32b656b559ad14e7d/crates/sketch/src/gcs/qr.rs#L35; https://github.com/esaueng/remus/blob/ca91b956cdde99f78f048dd32b656b559ad14e7d/crates/sketch/src/gcs/dof.rs#L23
S03,Sketch solver,P2,1,S,Reuse residual/Jacobian/QR/step workspaces and avoid per-iteration cloning/reallocation where ownership permits.,"Allocation count per iteration drops; solver convergence, step acceptance, failed-solve rollback and diagnostics remain equivalent.",M/medium,S01; M05,https://github.com/esaueng/remus/blob/ca91b956cdde99f78f048dd32b656b559ad14e7d/crates/sketch/src/gcs/system.rs#L343; https://github.com/esaueng/remus/blob/ca91b956cdde99f78f048dd32b656b559ad14e7d/crates/sketch/src/gcs/solver.rs#L32; https://github.com/esaueng/remus/blob/ca91b956cdde99f78f048dd32b656b559ad14e7d/crates/sketch/src/gcs/qr.rs#L35; https://github.com/esaueng/remus/blob/ca91b956cdde99f78f048dd32b656b559ad14e7d/crates/sketch/src/gcs/dof.rs#L23
S04,Sketch solver,P2,5,S,"Evaluate sparse Jacobian assembly and rank-revealing sparse solving for large coupled sketches, with the existing dense solver as the small-system baseline.",Use sparse and dense adversarial matrices; preserve rank/DOF and ill-conditioned behavior; review new numerical dependencies explicitly.,XL/high,S02; S03,https://github.com/esaueng/remus/blob/ca91b956cdde99f78f048dd32b656b559ad14e7d/crates/sketch/src/gcs/system.rs#L343; https://github.com/esaueng/remus/blob/ca91b956cdde99f78f048dd32b656b559ad14e7d/crates/sketch/src/gcs/solver.rs#L32; https://github.com/esaueng/remus/blob/ca91b956cdde99f78f048dd32b656b559ad14e7d/crates/sketch/src/gcs/qr.rs#L35; https://github.com/esaueng/remus/blob/ca91b956cdde99f78f048dd32b656b559ad14e7d/crates/sketch/src/gcs/dof.rs#L23
S05,Sketch solver,P2,5,H,Cache structural sparsity/parameter maps and warm-start related drag solves; factorization reuse requires an unchanged or explicitly updated Jacobian.,Measure interactive traces including topology/constraint changes; do not reuse stale numeric factors merely because the graph is unchanged.,L/high,S02; S03,https://github.com/esaueng/remus/blob/ca91b956cdde99f78f048dd32b656b559ad14e7d/crates/sketch/src/gcs/system.rs#L343; https://github.com/esaueng/remus/blob/ca91b956cdde99f78f048dd32b656b559ad14e7d/crates/sketch/src/gcs/solver.rs#L32; https://github.com/esaueng/remus/blob/ca91b956cdde99f78f048dd32b656b559ad14e7d/crates/sketch/src/gcs/qr.rs#L35; https://github.com/esaueng/remus/blob/ca91b956cdde99f78f048dd32b656b559ad14e7d/crates/sketch/src/gcs/dof.rs#L23
S06,Sketch solver,P2,5,S,"Share final residual/Jacobian work between solve_detailed, DOF and diagnostics when evaluated at the same iterate.","Reduce duplicated computation without changing restored state, per-constraint residuals or error classifications.",M/high,S01; S03,https://github.com/esaueng/remus/blob/ca91b956cdde99f78f048dd32b656b559ad14e7d/crates/sketch/src/gcs/system.rs#L343; https://github.com/esaueng/remus/blob/ca91b956cdde99f78f048dd32b656b559ad14e7d/crates/sketch/src/gcs/solver.rs#L32; https://github.com/esaueng/remus/blob/ca91b956cdde99f78f048dd32b656b559ad14e7d/crates/sketch/src/gcs/qr.rs#L35; https://github.com/esaueng/remus/blob/ca91b956cdde99f78f048dd32b656b559ad14e7d/crates/sketch/src/gcs/dof.rs#L23
O01,"Blends, offsets and other modeling operations",P2,5,S,Reuse support evaluations and derivative/Jacobian work inside blend correctors; tune continuation from measured iteration/retry counts.,"Benchmark curved/variable-radius stations and whole fillets, not just the planar walker fixture; preserve G1 contact, radius and stopping conditions.",M/high,M07; N04,https://github.com/esaueng/remus/blob/ca91b956cdde99f78f048dd32b656b559ad14e7d/crates/blend/src/walker.rs#L268; https://github.com/esaueng/remus/blob/ca91b956cdde99f78f048dd32b656b559ad14e7d/crates/blend/src/analytic.rs#L108; https://github.com/esaueng/remus/blob/ca91b956cdde99f78f048dd32b656b559ad14e7d/crates/offset/src/inter3d.rs#L24; https://github.com/esaueng/remus/blob/ca91b956cdde99f78f048dd32b656b559ad14e7d/crates/offset/src/move_faces.rs#L113; https://github.com/esaueng/remus/blob/ca91b956cdde99f78f048dd32b656b559ad14e7d/crates/operations/src/sweep.rs#L40; https://github.com/esaueng/remus/blob/ca91b956cdde99f78f048dd32b656b559ad14e7d/crates/operations/src/query.rs#L141
O02,"Blends, offsets and other modeling operations",P2,5,H,Prioritize additional certified analytic blend/offset cases by actual walker and fallback cost.,Independent radius/material/volume checks and transformed-scale fixtures pass; general supports remain typed refusals until qualified.,L/high,M07,https://github.com/esaueng/remus/blob/ca91b956cdde99f78f048dd32b656b559ad14e7d/crates/blend/src/walker.rs#L268; https://github.com/esaueng/remus/blob/ca91b956cdde99f78f048dd32b656b559ad14e7d/crates/blend/src/analytic.rs#L108; https://github.com/esaueng/remus/blob/ca91b956cdde99f78f048dd32b656b559ad14e7d/crates/offset/src/inter3d.rs#L24; https://github.com/esaueng/remus/blob/ca91b956cdde99f78f048dd32b656b559ad14e7d/crates/offset/src/move_faces.rs#L113; https://github.com/esaueng/remus/blob/ca91b956cdde99f78f048dd32b656b559ad14e7d/crates/operations/src/sweep.rs#L40; https://github.com/esaueng/remus/blob/ca91b956cdde99f78f048dd32b656b559ad14e7d/crates/operations/src/query.rs#L141
O03,"Blends, offsets and other modeling operations",P2,5,S,"Reuse adjacent-support intersections, projected trim curves and vertex planning in offsets/re-limitation; current inter3d is already adjacency-based.","Measure local edit cost on a large body; preserve pcurve authority, winding, tolerance composition and construction mappings.",L/high,Q01; M07,https://github.com/esaueng/remus/blob/ca91b956cdde99f78f048dd32b656b559ad14e7d/crates/blend/src/walker.rs#L268; https://github.com/esaueng/remus/blob/ca91b956cdde99f78f048dd32b656b559ad14e7d/crates/blend/src/analytic.rs#L108; https://github.com/esaueng/remus/blob/ca91b956cdde99f78f048dd32b656b559ad14e7d/crates/offset/src/inter3d.rs#L24; https://github.com/esaueng/remus/blob/ca91b956cdde99f78f048dd32b656b559ad14e7d/crates/offset/src/move_faces.rs#L113; https://github.com/esaueng/remus/blob/ca91b956cdde99f78f048dd32b656b559ad14e7d/crates/operations/src/sweep.rs#L40; https://github.com/esaueng/remus/blob/ca91b956cdde99f78f048dd32b656b559ad14e7d/crates/operations/src/query.rs#L141
O04,"Blends, offsets and other modeling operations",P2,5,S,"Reuse sweep frames, arc-length maps, profile sampling and compatible loft factorization; avoid reconstructing shared profile geometry.","Benchmark long paths and many sections, including twists/kinks/holes; preserve parameterization, continuity and exact analytic lowering.",M/high,M07; N06,https://github.com/esaueng/remus/blob/ca91b956cdde99f78f048dd32b656b559ad14e7d/crates/blend/src/walker.rs#L268; https://github.com/esaueng/remus/blob/ca91b956cdde99f78f048dd32b656b559ad14e7d/crates/blend/src/analytic.rs#L108; https://github.com/esaueng/remus/blob/ca91b956cdde99f78f048dd32b656b559ad14e7d/crates/offset/src/inter3d.rs#L24; https://github.com/esaueng/remus/blob/ca91b956cdde99f78f048dd32b656b559ad14e7d/crates/offset/src/move_faces.rs#L113; https://github.com/esaueng/remus/blob/ca91b956cdde99f78f048dd32b656b559ad14e7d/crates/operations/src/sweep.rs#L40; https://github.com/esaueng/remus/blob/ca91b956cdde99f78f048dd32b656b559ad14e7d/crates/operations/src/query.rs#L141
O05,"Blends, offsets and other modeling operations",P2,5,H,Use assembly instances and delayed topology materialization for repeated transforms/pattern display where the API can express shared geometry.,Measure 10k instances versus copied solids; retain identity/attributes and explicitly materialize when booleans or exact export require independent topology.,XL/high,T04; Q08,https://github.com/esaueng/remus/blob/ca91b956cdde99f78f048dd32b656b559ad14e7d/crates/blend/src/walker.rs#L268; https://github.com/esaueng/remus/blob/ca91b956cdde99f78f048dd32b656b559ad14e7d/crates/blend/src/analytic.rs#L108; https://github.com/esaueng/remus/blob/ca91b956cdde99f78f048dd32b656b559ad14e7d/crates/offset/src/inter3d.rs#L24; https://github.com/esaueng/remus/blob/ca91b956cdde99f78f048dd32b656b559ad14e7d/crates/offset/src/move_faces.rs#L113; https://github.com/esaueng/remus/blob/ca91b956cdde99f78f048dd32b656b559ad14e7d/crates/operations/src/sweep.rs#L40; https://github.com/esaueng/remus/blob/ca91b956cdde99f78f048dd32b656b559ad14e7d/crates/operations/src/query.rs#L141
O06,"Blends, offsets and other modeling operations",P2,2,S,Cache feature-recognition/selection adjacency and bucket opposing planar faces by normal/position before polygon overlap tests.,"Measure repeated selection on many-face solids; retain holes, blend exclusions, tolerance-aware pairing and ambiguous matches.",M/high,Q02; M07,https://github.com/esaueng/remus/blob/ca91b956cdde99f78f048dd32b656b559ad14e7d/crates/blend/src/walker.rs#L268; https://github.com/esaueng/remus/blob/ca91b956cdde99f78f048dd32b656b559ad14e7d/crates/blend/src/analytic.rs#L108; https://github.com/esaueng/remus/blob/ca91b956cdde99f78f048dd32b656b559ad14e7d/crates/offset/src/inter3d.rs#L24; https://github.com/esaueng/remus/blob/ca91b956cdde99f78f048dd32b656b559ad14e7d/crates/offset/src/move_faces.rs#L113; https://github.com/esaueng/remus/blob/ca91b956cdde99f78f048dd32b656b559ad14e7d/crates/operations/src/sweep.rs#L40; https://github.com/esaueng/remus/blob/ca91b956cdde99f78f048dd32b656b559ad14e7d/crates/operations/src/query.rs#L141
O07,"Blends, offsets and other modeling operations",P2,5,S,"Plan local direct edits and resize-blend operations against an affected neighborhood, minimizing copied surfaces and repeated trial rebuilds.","Count touched versus total entities; preserve transactional refusal, contact dependencies and total lineage across zero-radius removal and topology changes.",L/high,T01; Q02; M07,https://github.com/esaueng/remus/blob/ca91b956cdde99f78f048dd32b656b559ad14e7d/crates/blend/src/walker.rs#L268; https://github.com/esaueng/remus/blob/ca91b956cdde99f78f048dd32b656b559ad14e7d/crates/blend/src/analytic.rs#L108; https://github.com/esaueng/remus/blob/ca91b956cdde99f78f048dd32b656b559ad14e7d/crates/offset/src/inter3d.rs#L24; https://github.com/esaueng/remus/blob/ca91b956cdde99f78f048dd32b656b559ad14e7d/crates/offset/src/move_faces.rs#L113; https://github.com/esaueng/remus/blob/ca91b956cdde99f78f048dd32b656b559ad14e7d/crates/operations/src/sweep.rs#L40; https://github.com/esaueng/remus/blob/ca91b956cdde99f78f048dd32b656b559ad14e7d/crates/operations/src/query.rs#L141
I01,"Import, export and serialization",P1,5,S,"Profile STEP lexical scanning, string ownership, attribute reparsing, reference lookup, topology construction and validation separately; prototype borrowed spans/typed parsed attributes.","Measure peak memory and time on large repeated entities/NURBS; preserve units, multiple contexts, escapes, malformed references and preallocation limits.",L/high,M04; M05; M07,https://github.com/esaueng/remus/blob/ca91b956cdde99f78f048dd32b656b559ad14e7d/crates/io/src/step/reader.rs#L346; https://github.com/esaueng/remus/blob/ca91b956cdde99f78f048dd32b656b559ad14e7d/crates/io/src/arena_io.rs#L768; https://github.com/esaueng/remus/blob/ca91b956cdde99f78f048dd32b656b559ad14e7d/crates/wasm-io/src/lib.rs#L171; https://github.com/esaueng/remus/blob/ca91b956cdde99f78f048dd32b656b559ad14e7d/crates/io/src/threemf/writer.rs#L93; https://github.com/esaueng/remus/blob/ca91b956cdde99f78f048dd32b656b559ad14e7d/crates/io/src/gltf/writer.rs#L22
I02,"Import, export and serialization",P1,3,S,Use staged import/document construction to avoid full existing-document snapshots for a qualified atomic append.,Import cost should follow new content rather than unrelated prior models; malformed/post-allocation refusal restores all state and handle safety.,L/high,T01; T03,https://github.com/esaueng/remus/blob/ca91b956cdde99f78f048dd32b656b559ad14e7d/crates/io/src/step/reader.rs#L346; https://github.com/esaueng/remus/blob/ca91b956cdde99f78f048dd32b656b559ad14e7d/crates/io/src/arena_io.rs#L768; https://github.com/esaueng/remus/blob/ca91b956cdde99f78f048dd32b656b559ad14e7d/crates/wasm-io/src/lib.rs#L171; https://github.com/esaueng/remus/blob/ca91b956cdde99f78f048dd32b656b559ad14e7d/crates/io/src/threemf/writer.rs#L93; https://github.com/esaueng/remus/blob/ca91b956cdde99f78f048dd32b656b559ad14e7d/crates/io/src/gltf/writer.rs#L22
I03,"Import, export and serialization",P2,5,S,Serialize through borrowed views or streaming writers to avoid cloning an owned arena dump before JSON encoding.,"Measure allocations, peak bytes and output time; preserve current schema versions, ordering, aliases, exact floats, attributes and round-trip compatibility.",M/high,M05; M07,https://github.com/esaueng/remus/blob/ca91b956cdde99f78f048dd32b656b559ad14e7d/crates/io/src/step/reader.rs#L346; https://github.com/esaueng/remus/blob/ca91b956cdde99f78f048dd32b656b559ad14e7d/crates/io/src/arena_io.rs#L768; https://github.com/esaueng/remus/blob/ca91b956cdde99f78f048dd32b656b559ad14e7d/crates/wasm-io/src/lib.rs#L171; https://github.com/esaueng/remus/blob/ca91b956cdde99f78f048dd32b656b559ad14e7d/crates/io/src/threemf/writer.rs#L93; https://github.com/esaueng/remus/blob/ca91b956cdde99f78f048dd32b656b559ad14e7d/crates/io/src/gltf/writer.rs#L22
I04,"Import, export and serialization",P2,5,S,Measure and reduce exact arena transfer overhead between the split kernel and translator WASM modules.,"Report kernel serialize, JS transfer, translator deserialize and export separately; retain module isolation, shared versioning, body roots and limits.",L/high,W01; I03,https://github.com/esaueng/remus/blob/ca91b956cdde99f78f048dd32b656b559ad14e7d/crates/io/src/step/reader.rs#L346; https://github.com/esaueng/remus/blob/ca91b956cdde99f78f048dd32b656b559ad14e7d/crates/io/src/arena_io.rs#L768; https://github.com/esaueng/remus/blob/ca91b956cdde99f78f048dd32b656b559ad14e7d/crates/wasm-io/src/lib.rs#L171; https://github.com/esaueng/remus/blob/ca91b956cdde99f78f048dd32b656b559ad14e7d/crates/io/src/threemf/writer.rs#L93; https://github.com/esaueng/remus/blob/ca91b956cdde99f78f048dd32b656b559ad14e7d/crates/io/src/gltf/writer.rs#L22
I05,"Import, export and serialization",P2,5,S,"Stream multi-solid mesh exports and archive payloads to avoid holding all meshes, XML, binary staging buffers and final output together.","Peak memory scales with a bounded chunk where API permits; validate complete archive/schema, normals, units and deterministic output.",L/high,M05; M07,https://github.com/esaueng/remus/blob/ca91b956cdde99f78f048dd32b656b559ad14e7d/crates/io/src/step/reader.rs#L346; https://github.com/esaueng/remus/blob/ca91b956cdde99f78f048dd32b656b559ad14e7d/crates/io/src/arena_io.rs#L768; https://github.com/esaueng/remus/blob/ca91b956cdde99f78f048dd32b656b559ad14e7d/crates/wasm-io/src/lib.rs#L171; https://github.com/esaueng/remus/blob/ca91b956cdde99f78f048dd32b656b559ad14e7d/crates/io/src/threemf/writer.rs#L93; https://github.com/esaueng/remus/blob/ca91b956cdde99f78f048dd32b656b559ad14e7d/crates/io/src/gltf/writer.rs#L22
I06,"Import, export and serialization",P2,4,S,Route exporters through a compatible shared mesh producer/cache where possible; inspect per-face glTF tessellation versus solid-level STL/3MF paths.,Preserve each format's actual mesh contract and material/face grouping; compare seam quality and output size as well as speed.,M/high,D09,https://github.com/esaueng/remus/blob/ca91b956cdde99f78f048dd32b656b559ad14e7d/crates/io/src/step/reader.rs#L346; https://github.com/esaueng/remus/blob/ca91b956cdde99f78f048dd32b656b559ad14e7d/crates/io/src/arena_io.rs#L768; https://github.com/esaueng/remus/blob/ca91b956cdde99f78f048dd32b656b559ad14e7d/crates/wasm-io/src/lib.rs#L171; https://github.com/esaueng/remus/blob/ca91b956cdde99f78f048dd32b656b559ad14e7d/crates/io/src/threemf/writer.rs#L93; https://github.com/esaueng/remus/blob/ca91b956cdde99f78f048dd32b656b559ad14e7d/crates/io/src/gltf/writer.rs#L22
I07,"Import, export and serialization",P3,7,H,Evaluate optional versioned binary arena transport and compression settings only after copy/parse measurements show a material benefit.,"Keep existing JSON readers/writers compatible; document precision, canonicalization, resource limits, migration and native/WASM round-trip oracles.",XL/high,I03; I04; M07,https://github.com/esaueng/remus/blob/ca91b956cdde99f78f048dd32b656b559ad14e7d/crates/io/src/step/reader.rs#L346; https://github.com/esaueng/remus/blob/ca91b956cdde99f78f048dd32b656b559ad14e7d/crates/io/src/arena_io.rs#L768; https://github.com/esaueng/remus/blob/ca91b956cdde99f78f048dd32b656b559ad14e7d/crates/wasm-io/src/lib.rs#L171; https://github.com/esaueng/remus/blob/ca91b956cdde99f78f048dd32b656b559ad14e7d/crates/io/src/threemf/writer.rs#L93; https://github.com/esaueng/remus/blob/ca91b956cdde99f78f048dd32b656b559ad14e7d/crates/io/src/gltf/writer.rs#L22
W01,WASM bindings and browser delivery,P1,0,M,Add real installed-package direct/batch workflow benchmarks with source and WASM hash provenance; the audit confirms document-size growth on the shipped package.,"Measure cold/warm Node and real browsers, copies, memory and error behavior; compare native/WASM only when source, flags and fixtures match.",M/low,M01; M06,https://github.com/esaueng/remus/blob/ca91b956cdde99f78f048dd32b656b559ad14e7d/crates/wasm/src/bindings/batch.rs#L437; https://github.com/esaueng/remus/blob/ca91b956cdde99f78f048dd32b656b559ad14e7d/crates/wasm/src/shapes.rs#L79; https://github.com/esaueng/remus/blob/ca91b956cdde99f78f048dd32b656b559ad14e7d/crates/wasm/src/bindings/tessellate.rs#L160; https://github.com/esaueng/remus/blob/ca91b956cdde99f78f048dd32b656b559ad14e7d/crates/wasm/src/bindings/checkpoint.rs#L20; https://github.com/esaueng/remus/blob/ca91b956cdde99f78f048dd32b656b559ad14e7d/xtask/src/wasm.rs#L185
W02,WASM bindings and browser delivery,P1,1,S,Prefer existing typed/binary mesh outputs for bulk geometry and avoid repeated cloning getters; evaluate a consume-once buffer API.,"Compare JS JSON/grouped/binary paths at fixed mesh sizes; preserve f64/f32 contracts, ownership, array lengths, face offsets and repeated-call behavior.",M/high,W01; M05,https://github.com/esaueng/remus/blob/ca91b956cdde99f78f048dd32b656b559ad14e7d/crates/wasm/src/bindings/batch.rs#L437; https://github.com/esaueng/remus/blob/ca91b956cdde99f78f048dd32b656b559ad14e7d/crates/wasm/src/shapes.rs#L79; https://github.com/esaueng/remus/blob/ca91b956cdde99f78f048dd32b656b559ad14e7d/crates/wasm/src/bindings/tessellate.rs#L160; https://github.com/esaueng/remus/blob/ca91b956cdde99f78f048dd32b656b559ad14e7d/crates/wasm/src/bindings/checkpoint.rs#L20; https://github.com/esaueng/remus/blob/ca91b956cdde99f78f048dd32b656b559ad14e7d/xtask/src/wasm.rs#L185
W03,WASM bindings and browser delivery,P2,5,S,Measure JSON parse/dispatch/serialize cost for tiny batch operations; consider typed numeric batches only when overhead dominates.,"Benchmark 1/10/1000 operations with identical native work; preserve validation order, typed errors, references and per-item rollback semantics.",L/high,W01; M04,https://github.com/esaueng/remus/blob/ca91b956cdde99f78f048dd32b656b559ad14e7d/crates/wasm/src/bindings/batch.rs#L437; https://github.com/esaueng/remus/blob/ca91b956cdde99f78f048dd32b656b559ad14e7d/crates/wasm/src/shapes.rs#L79; https://github.com/esaueng/remus/blob/ca91b956cdde99f78f048dd32b656b559ad14e7d/crates/wasm/src/bindings/tessellate.rs#L160; https://github.com/esaueng/remus/blob/ca91b956cdde99f78f048dd32b656b559ad14e7d/crates/wasm/src/bindings/checkpoint.rs#L20; https://github.com/esaueng/remus/blob/ca91b956cdde99f78f048dd32b656b559ad14e7d/xtask/src/wasm.rs#L185
W04,WASM bindings and browser delivery,P2,3,S,Reduce checkpoint memory through shared immutable topology and copy-on-write at a finer granularity; Rc checkpoint sharing already exists.,"Measure creation, first post-checkpoint edit, restore, discard and retained sketches/assemblies; keep non-reuse of external handles and exact session restoration.",L/high,T02; M05,https://github.com/esaueng/remus/blob/ca91b956cdde99f78f048dd32b656b559ad14e7d/crates/wasm/src/bindings/batch.rs#L437; https://github.com/esaueng/remus/blob/ca91b956cdde99f78f048dd32b656b559ad14e7d/crates/wasm/src/shapes.rs#L79; https://github.com/esaueng/remus/blob/ca91b956cdde99f78f048dd32b656b559ad14e7d/crates/wasm/src/bindings/tessellate.rs#L160; https://github.com/esaueng/remus/blob/ca91b956cdde99f78f048dd32b656b559ad14e7d/crates/wasm/src/bindings/checkpoint.rs#L20; https://github.com/esaueng/remus/blob/ca91b956cdde99f78f048dd32b656b559ad14e7d/xtask/src/wasm.rs#L185
W05,WASM bindings and browser delivery,P2,4,H,Keep long kernel work in a worker and coalesce/cancel obsolete interactive requests at the consumer boundary.,"Measure main-thread responsiveness, transfer time and cancellation latency; do not hide kernel CPU time or change which operation commits.",L/high,P02; W01,https://github.com/esaueng/remus/blob/ca91b956cdde99f78f048dd32b656b559ad14e7d/crates/wasm/src/bindings/batch.rs#L437; https://github.com/esaueng/remus/blob/ca91b956cdde99f78f048dd32b656b559ad14e7d/crates/wasm/src/shapes.rs#L79; https://github.com/esaueng/remus/blob/ca91b956cdde99f78f048dd32b656b559ad14e7d/crates/wasm/src/bindings/tessellate.rs#L160; https://github.com/esaueng/remus/blob/ca91b956cdde99f78f048dd32b656b559ad14e7d/crates/wasm/src/bindings/checkpoint.rs#L20; https://github.com/esaueng/remus/blob/ca91b956cdde99f78f048dd32b656b559ad14e7d/xtask/src/wasm.rs#L185
W06,WASM bindings and browser delivery,P2,0,S,"Treat cold loading, code size and module transfer as separate budgets; translator splitting and SIMD build flags already exist.","Measure raw/compressed bytes, compile/instantiate time, first call and steady state on real browsers; preserve the current 9 MiB review/10 MiB hard package policy.",M/medium,W01,https://github.com/esaueng/remus/blob/ca91b956cdde99f78f048dd32b656b559ad14e7d/crates/wasm/src/bindings/batch.rs#L437; https://github.com/esaueng/remus/blob/ca91b956cdde99f78f048dd32b656b559ad14e7d/crates/wasm/src/shapes.rs#L79; https://github.com/esaueng/remus/blob/ca91b956cdde99f78f048dd32b656b559ad14e7d/crates/wasm/src/bindings/tessellate.rs#L160; https://github.com/esaueng/remus/blob/ca91b956cdde99f78f048dd32b656b559ad14e7d/crates/wasm/src/bindings/checkpoint.rs#L20; https://github.com/esaueng/remus/blob/ca91b956cdde99f78f048dd32b656b559ad14e7d/xtask/src/wasm.rs#L185
W07,WASM bindings and browser delivery,P3,6,H,Prototype WASM threads only after native task isolation and consumer deployment requirements are settled.,"Benchmark startup, pool memory and 1/N-thread exact results; provide non-threaded fallback and obtain separate approval for deployment/header changes.",XL/high,P01; B11; D04; W01,https://github.com/esaueng/remus/blob/ca91b956cdde99f78f048dd32b656b559ad14e7d/crates/wasm/src/bindings/batch.rs#L437; https://github.com/esaueng/remus/blob/ca91b956cdde99f78f048dd32b656b559ad14e7d/crates/wasm/src/shapes.rs#L79; https://github.com/esaueng/remus/blob/ca91b956cdde99f78f048dd32b656b559ad14e7d/crates/wasm/src/bindings/tessellate.rs#L160; https://github.com/esaueng/remus/blob/ca91b956cdde99f78f048dd32b656b559ad14e7d/crates/wasm/src/bindings/checkpoint.rs#L20; https://github.com/esaueng/remus/blob/ca91b956cdde99f78f048dd32b656b559ad14e7d/xtask/src/wasm.rs#L185
W08,WASM bindings and browser delivery,P3,7,H,Evaluate explicit borrowed/zero-copy views only behind a documented lifetime/ownership design; copying typed arrays are currently the safe baseline.,"Prove validity across memory growth, reentrancy and free; compare saved copies against JS/worker transfer costs and never expose stale views.",L/high,W02; M05,https://github.com/esaueng/remus/blob/ca91b956cdde99f78f048dd32b656b559ad14e7d/crates/wasm/src/bindings/batch.rs#L437; https://github.com/esaueng/remus/blob/ca91b956cdde99f78f048dd32b656b559ad14e7d/crates/wasm/src/shapes.rs#L79; https://github.com/esaueng/remus/blob/ca91b956cdde99f78f048dd32b656b559ad14e7d/crates/wasm/src/bindings/tessellate.rs#L160; https://github.com/esaueng/remus/blob/ca91b956cdde99f78f048dd32b656b559ad14e7d/crates/wasm/src/bindings/checkpoint.rs#L20; https://github.com/esaueng/remus/blob/ca91b956cdde99f78f048dd32b656b559ad14e7d/xtask/src/wasm.rs#L185
R01,Rendering,P2,5,S,Add a reusable offscreen render session/context; the convenience path currently creates a GPU context per render.,"Separate cold device/pipeline setup from repeated-frame cost; preserve device-loss recovery, options and software-adapter behavior.",M/medium,M07,https://github.com/esaueng/remus/blob/ca91b956cdde99f78f048dd32b656b559ad14e7d/crates/render/src/lib.rs#L169; https://github.com/esaueng/remus/blob/ca91b956cdde99f78f048dd32b656b559ad14e7d/crates/render/src/pipeline.rs#L549; https://github.com/esaueng/remus/blob/ca91b956cdde99f78f048dd32b656b559ad14e7d/crates/render/src/mesh.rs#L64; https://github.com/esaueng/remus/blob/ca91b956cdde99f78f048dd32b656b559ad14e7d/crates/render/src/pipeline.rs#L710; https://github.com/esaueng/remus/blob/ca91b956cdde99f78f048dd32b656b559ad14e7d/crates/render/src/compute_mesh.rs#L71
R02,Rendering,P2,4,S,Retain mesh/GPU buffers across camera-only frames and upload only changed geometry.,"Measure tessellation, upload bytes and frame latency; update face-ID picking and attributes with the correct geometry revision.",M/high,D01; R01,https://github.com/esaueng/remus/blob/ca91b956cdde99f78f048dd32b656b559ad14e7d/crates/render/src/lib.rs#L169; https://github.com/esaueng/remus/blob/ca91b956cdde99f78f048dd32b656b559ad14e7d/crates/render/src/pipeline.rs#L549; https://github.com/esaueng/remus/blob/ca91b956cdde99f78f048dd32b656b559ad14e7d/crates/render/src/mesh.rs#L64; https://github.com/esaueng/remus/blob/ca91b956cdde99f78f048dd32b656b559ad14e7d/crates/render/src/pipeline.rs#L710; https://github.com/esaueng/remus/blob/ca91b956cdde99f78f048dd32b656b559ad14e7d/crates/render/src/compute_mesh.rs#L71
R03,Rendering,P2,1,S,Replace per-triangle vertex expansion with per-face indexed render vertices where normals/attributes permit.,Measure GPU bytes and vertex processing; preserve sharp normals and the correct face ID at every triangle and seam.,M/medium,M05; M07,https://github.com/esaueng/remus/blob/ca91b956cdde99f78f048dd32b656b559ad14e7d/crates/render/src/lib.rs#L169; https://github.com/esaueng/remus/blob/ca91b956cdde99f78f048dd32b656b559ad14e7d/crates/render/src/pipeline.rs#L549; https://github.com/esaueng/remus/blob/ca91b956cdde99f78f048dd32b656b559ad14e7d/crates/render/src/mesh.rs#L64; https://github.com/esaueng/remus/blob/ca91b956cdde99f78f048dd32b656b559ad14e7d/crates/render/src/pipeline.rs#L710; https://github.com/esaueng/remus/blob/ca91b956cdde99f78f048dd32b656b559ad14e7d/crates/render/src/compute_mesh.rs#L71
R04,Rendering,P2,5,S,Make readback asynchronous or optional for repeated rendering; separate color and ID readback by caller need.,Measure GPU/CPU synchronization and tail latency; do not reuse buffers before completion or return stale picking data.,M/medium,R01; M07,https://github.com/esaueng/remus/blob/ca91b956cdde99f78f048dd32b656b559ad14e7d/crates/render/src/lib.rs#L169; https://github.com/esaueng/remus/blob/ca91b956cdde99f78f048dd32b656b559ad14e7d/crates/render/src/pipeline.rs#L549; https://github.com/esaueng/remus/blob/ca91b956cdde99f78f048dd32b656b559ad14e7d/crates/render/src/mesh.rs#L64; https://github.com/esaueng/remus/blob/ca91b956cdde99f78f048dd32b656b559ad14e7d/crates/render/src/pipeline.rs#L710; https://github.com/esaueng/remus/blob/ca91b956cdde99f78f048dd32b656b559ad14e7d/crates/render/src/compute_mesh.rs#L71
R05,Rendering,P3,7,H,"Benchmark culling, instancing, index locality and GPU compute crossover on the intended graphics workload.","Distinguish discrete GPU, integrated GPU and software rendering; optimize a measured render workload without claiming an exact-kernel speedup.",L/medium,M07; R01,https://github.com/esaueng/remus/blob/ca91b956cdde99f78f048dd32b656b559ad14e7d/crates/render/src/lib.rs#L169; https://github.com/esaueng/remus/blob/ca91b956cdde99f78f048dd32b656b559ad14e7d/crates/render/src/pipeline.rs#L549; https://github.com/esaueng/remus/blob/ca91b956cdde99f78f048dd32b656b559ad14e7d/crates/render/src/mesh.rs#L64; https://github.com/esaueng/remus/blob/ca91b956cdde99f78f048dd32b656b559ad14e7d/crates/render/src/pipeline.rs#L710; https://github.com/esaueng/remus/blob/ca91b956cdde99f78f048dd32b656b559ad14e7d/crates/render/src/compute_mesh.rs#L71
P01,"Build optimization, scheduling and qualification",P2,6,S,Choose task grain and thread-pool policy by estimated work rather than only edge/face counts; avoid nested oversubscription.,"Benchmark 1/2/4/8/16 threads on several body sizes; compare p95, peak memory, throughput and serial crossover; aggregate thread-local work counters correctly.",M/high,M04; M07,https://github.com/esaueng/remus/blob/ca91b956cdde99f78f048dd32b656b559ad14e7d/Cargo.toml#L118; https://github.com/esaueng/remus/blob/ca91b956cdde99f78f048dd32b656b559ad14e7d/crates/wasm/Cargo.toml#L16; https://github.com/esaueng/remus/blob/ca91b956cdde99f78f048dd32b656b559ad14e7d/crates/math/src/context.rs#L119; https://github.com/esaueng/remus/blob/ca91b956cdde99f78f048dd32b656b559ad14e7d/docs/kernel-maturity/p-class-status.md#L69; https://github.com/esaueng/remus/blob/ca91b956cdde99f78f048dd32b656b559ad14e7d/docs/kernel-maturity/open-kernel-status.md#L45
P02,"Build optimization, scheduling and qualification",P2,5,S,Extend cooperative cancellation and deterministic budgets into long inner phases; context and phase-boundary checks already exist.,"Measure cancellation latency during candidate generation, allocation, fitting and serialization; rollback and output quality stay unchanged.",M/high,M04; M07,https://github.com/esaueng/remus/blob/ca91b956cdde99f78f048dd32b656b559ad14e7d/Cargo.toml#L118; https://github.com/esaueng/remus/blob/ca91b956cdde99f78f048dd32b656b559ad14e7d/crates/wasm/Cargo.toml#L16; https://github.com/esaueng/remus/blob/ca91b956cdde99f78f048dd32b656b559ad14e7d/crates/math/src/context.rs#L119; https://github.com/esaueng/remus/blob/ca91b956cdde99f78f048dd32b656b559ad14e7d/docs/kernel-maturity/p-class-status.md#L69; https://github.com/esaueng/remus/blob/ca91b956cdde99f78f048dd32b656b559ad14e7d/docs/kernel-maturity/open-kernel-status.md#L45
P03,"Build optimization, scheduling and qualification",P3,7,S,"Benchmark release LTO/codegen-unit choices, WASM -Oz versus speed-oriented optimization, and CPU-specific builds where distribution permits.","Track execution, cold load, compile time and artifact size together; retain portable builds and exact shipped-artifact correctness tests.",M/medium,M07; W06,https://github.com/esaueng/remus/blob/ca91b956cdde99f78f048dd32b656b559ad14e7d/Cargo.toml#L118; https://github.com/esaueng/remus/blob/ca91b956cdde99f78f048dd32b656b559ad14e7d/crates/wasm/Cargo.toml#L16; https://github.com/esaueng/remus/blob/ca91b956cdde99f78f048dd32b656b559ad14e7d/crates/math/src/context.rs#L119; https://github.com/esaueng/remus/blob/ca91b956cdde99f78f048dd32b656b559ad14e7d/docs/kernel-maturity/p-class-status.md#L69; https://github.com/esaueng/remus/blob/ca91b956cdde99f78f048dd32b656b559ad14e7d/docs/kernel-maturity/open-kernel-status.md#L45
P04,"Build optimization, scheduling and qualification",P3,7,H,"Run a profile-guided optimization experiment trained on a representative corpus, with disjoint holdout models.",Accept only broad held-out gains with no meaningful regressions; record training provenance and repeat after important compiler/algorithm changes.,L/medium,M07; P03,https://github.com/esaueng/remus/blob/ca91b956cdde99f78f048dd32b656b559ad14e7d/Cargo.toml#L118; https://github.com/esaueng/remus/blob/ca91b956cdde99f78f048dd32b656b559ad14e7d/crates/wasm/Cargo.toml#L16; https://github.com/esaueng/remus/blob/ca91b956cdde99f78f048dd32b656b559ad14e7d/crates/math/src/context.rs#L119; https://github.com/esaueng/remus/blob/ca91b956cdde99f78f048dd32b656b559ad14e7d/docs/kernel-maturity/p-class-status.md#L69; https://github.com/esaueng/remus/blob/ca91b956cdde99f78f048dd32b656b559ad14e7d/docs/kernel-maturity/open-kernel-status.md#L45
P05,"Build optimization, scheduling and qualification",P3,7,H,"Test allocator choice, compact collection layouts, hot/cold data splitting and assembly-level tuning only after allocation/cache profiles justify them.","Measure total workload cost and memory, not isolated allocation speed; document dependencies, unsafe requirements and native/WASM differences.",L/high,M05; M07,https://github.com/esaueng/remus/blob/ca91b956cdde99f78f048dd32b656b559ad14e7d/Cargo.toml#L118; https://github.com/esaueng/remus/blob/ca91b956cdde99f78f048dd32b656b559ad14e7d/crates/wasm/Cargo.toml#L16; https://github.com/esaueng/remus/blob/ca91b956cdde99f78f048dd32b656b559ad14e7d/crates/math/src/context.rs#L119; https://github.com/esaueng/remus/blob/ca91b956cdde99f78f048dd32b656b559ad14e7d/docs/kernel-maturity/p-class-status.md#L69; https://github.com/esaueng/remus/blob/ca91b956cdde99f78f048dd32b656b559ad14e7d/docs/kernel-maturity/open-kernel-status.md#L45
P06,"Build optimization, scheduling and qualification",P1,8,H,Qualify the combined optimized kernel after each wave and freeze reproducible performance/quality baselines for release.,"Native plus actual direct/batch WASM, real models, resource exhaustion, deterministic threading, long sessions and exact-source CI all pass; attach no-gain closures too.",L/high,M03; M05; M07; W01,https://github.com/esaueng/remus/blob/ca91b956cdde99f78f048dd32b656b559ad14e7d/Cargo.toml#L118; https://github.com/esaueng/remus/blob/ca91b956cdde99f78f048dd32b656b559ad14e7d/crates/wasm/Cargo.toml#L16; https://github.com/esaueng/remus/blob/ca91b956cdde99f78f048dd32b656b559ad14e7d/crates/math/src/context.rs#L119; https://github.com/esaueng/remus/blob/ca91b956cdde99f78f048dd32b656b559ad14e7d/docs/kernel-maturity/p-class-status.md#L69; https://github.com/esaueng/remus/blob/ca91b956cdde99f78f048dd32b656b559ad14e7d/docs/kernel-maturity/open-kernel-status.md#L45
